index1.1,index1.2,val1,index2.1,index2.2,val2,Class
0.1,0.06,0.335241,0.1,0.06,0.475221,0
0.1,0.24,0.33337,0.1,0.24,0.469329,0
0.1,0.48,0.277585,0.1,0.48,0.479347,0
16.64481151520009,5.58287931204265,41.879818559693284,13.026927529031648,7.120605488808863,66.08490267380998,1
0.1,1.2,0.244978,0.1,1.2,0.525612,0
0.1,1.8,0.011983,0.1,1.8,0.718181,0
0.5,0.06,1.58383,0.5,0.06,2.36477,0
0.5,0.24,1.58134,0.5,0.24,2.3708,0
0.5,0.48,1.53432,0.5,0.48,2.38155,0
0.5,0.9,1.52558,0.5,0.9,2.34519,0
0.5,1.2,1.47083,0.5,1.2,2.3437,0
0.5,1.8,1.24723,0.5,1.8,2.36987,0
1.2,0.06,3.74896,1.2,0.06,5.6772,0
1.2,0.24,3.78881,1.2,0.24,5.68693,0
1.2,0.48,3.71652,1.2,0.48,5.65479,0
1.2,0.9,3.6962,1.2,0.9,5.69527,0
1.2,1.2,3.64991,1.2,1.2,5.67202,0
1.2,1.8,3.44354,1.2,1.8,5.62242,0
3.0,0.06,9.2684,3.0,0.06,14.1025,0
14.087621591392818,5.585074605483824,56.74226237828226,9.402050197762996,7.193660308080247,37.97338455971829,1
3.0,0.48,9.2688,3.0,0.48,14.0868,0
3.0,0.9,9.30979,3.0,0.9,14.2896,0
3.0,1.2,9.19071,3.0,1.2,14.1135,0
3.0,1.8,8.94935,3.0,1.8,14.0464,0
4.0,0.06,12.6026,4.0,0.06,18.6951,0
4.0,0.24,12.5105,4.0,0.24,18.6883,0
4.0,0.48,12.3375,4.0,0.48,18.9963,0
4.0,0.9,12.465,4.0,0.9,18.736,0
4.0,1.2,12.3249,4.0,1.2,18.7061,0
4.0,1.8,12.0975,4.0,1.8,18.791,0
5.0,0.06,15.5352,5.0,0.06,23.6645,0
5.0,0.24,15.5624,5.0,0.24,23.4187,0
5.0,0.48,15.5634,5.0,0.48,23.2727,0
5.0,0.9,15.454,5.0,0.9,23.4945,0
5.0,1.2,15.4465,5.0,1.2,23.6717,0
5.0,1.8,15.2377,5.0,1.8,23.6913,0
0.1,0.06,0.335241,0.1,0.06,0.243067,0
0.1,0.24,0.33337,0.1,0.24,0.266772,0
0.1,0.48,0.277585,0.1,0.48,0.250856,0
0.1,0.9,0.287249,0.1,0.9,0.265419,0
0.1,1.2,0.244978,0.1,1.2,0.269267,0
0.1,1.8,0.011983,0.1,1.8,0.431288,0
0.5,0.06,1.58383,0.5,0.06,1.07437,0
0.5,0.24,1.58134,0.5,0.24,1.07853,0
0.5,0.48,1.53432,0.5,0.48,1.05575,0
0.5,0.9,1.52558,0.5,0.9,1.07894,0
0.5,1.2,1.47083,0.5,1.2,1.093,0
0.5,1.8,1.24723,0.5,1.8,1.27717,0
1.2,0.06,3.74896,1.2,0.06,2.49213,0
1.2,0.24,3.78881,1.2,0.24,2.53051,0
1.2,0.48,3.71652,1.2,0.48,2.49108,0
1.2,0.9,3.6962,1.2,0.9,2.51249,0
1.2,1.2,3.64991,1.2,1.2,2.50467,0
1.2,1.8,3.44354,1.2,1.8,2.6939,0
3.0,0.06,9.2684,3.0,0.06,6.1865,0
3.0,0.24,9.38517,3.0,0.24,6.16064,0
3.0,0.48,9.2688,3.0,0.48,6.15715,0
3.0,0.9,9.30979,3.0,0.9,6.19435,0
3.0,1.2,9.19071,3.0,1.2,6.17992,0
3.0,1.8,8.94935,3.0,1.8,6.34771,0
4.0,0.06,12.6026,4.0,0.06,8.19699,0
4.0,0.24,12.5105,4.0,0.24,8.23735,0
4.0,0.48,12.3375,4.0,0.48,8.17149,0
4.0,0.9,12.465,4.0,0.9,8.20701,0
4.0,1.2,12.3249,4.0,1.2,8.24945,0
4.0,1.8,12.0975,4.0,1.8,8.41948,0
5.0,0.06,15.5352,5.0,0.06,10.2503,0
5.0,0.24,15.5624,5.0,0.24,10.2124,0
5.0,0.48,15.5634,5.0,0.48,10.2301,0
5.0,0.9,15.454,5.0,0.9,10.2659,0
5.0,1.2,15.4465,5.0,1.2,10.2565,0
5.0,1.8,15.2377,5.0,1.8,10.4075,0
0.1,0.06,0.335241,0.1,0.06,0.287339,0
0.1,0.24,0.33337,0.1,0.24,0.281311,0
0.1,0.48,0.277585,0.1,0.48,0.33408,0
0.1,0.9,0.287249,0.1,0.9,0.415525,0
0.1,1.2,0.244978,0.1,1.2,0.600559,0
0.1,1.8,0.011983,0.1,1.8,0.491638,0
0.5,0.06,1.58383,0.5,0.06,1.43788,0
0.5,0.24,1.58134,0.5,0.24,1.40889,0
0.5,0.48,1.53432,0.5,0.48,1.41073,0
0.5,0.9,1.52558,0.5,0.9,1.4023,0
0.5,1.2,1.47083,0.5,1.2,1.42567,0
0.5,1.8,1.24723,0.5,1.8,1.39872,0
1.2,0.06,3.74896,1.2,0.06,3.4621,0
1.2,0.24,3.78881,1.2,0.24,3.42661,0
1.2,0.48,3.71652,1.2,0.48,3.38597,0
1.2,0.9,3.6962,1.2,0.9,3.38537,0
1.2,1.8,4.40285,1.2,1.8,0.010963,1
1.2,1.8,3.44354,1.2,1.8,3.36135,0
3.0,0.06,9.2684,3.0,0.06,8.42584,0
3.0,0.24,9.38517,3.0,0.24,8.41728,0
3.0,0.48,9.2688,3.0,0.48,8.38948,0
3.0,0.9,9.30979,3.0,0.9,8.4018,0
3.0,1.2,9.19071,3.0,1.2,8.52544,0
3.0,1.8,8.94935,3.0,1.8,8.39033,0
4.0,0.06,12.6026,4.0,0.06,11.3309,0
4.0,0.24,12.5105,4.0,0.24,11.3523,0
4.0,0.48,12.3375,4.0,0.48,11.1453,0
4.86899249256176,1.1144839742742585,12.634379081140183,3.9358008670411957,0.8658568961178547,11.025688182440248,1
4.0,1.2,12.3249,4.0,1.2,11.1623,0
4.0,1.8,12.0975,4.0,1.8,11.3251,0
9.725491836299192,6.345733447173484,63.174337057778715,16.52523598008955,8.23001870359275,43.34320014626992,1
5.0,0.24,15.5624,5.0,0.24,14.1118,0
5.0,0.48,15.5634,5.0,0.48,13.9728,0
5.0,0.9,15.454,5.0,0.9,13.9326,0
5.0,1.2,15.4465,5.0,1.2,14.1573,0
5.0,1.8,15.2377,5.0,1.8,14.1322,0
0.1,0.06,0.335241,0.1,0.06,0.00245,0
0.1,0.24,0.33337,0.1,0.24,0.005241,0
0.1,0.48,0.277585,0.1,0.48,0.007113,0
0.1,0.9,0.287249,0.1,0.9,0.015263,0
0.1,1.2,0.244978,0.1,1.2,0.018692,0
0.1,1.8,0.011983,0.1,1.8,0.022137,0
0.5,0.06,1.58383,0.5,0.06,0.00238,0
0.5,0.24,1.58134,0.5,0.24,0.005179,0
0.5,0.48,1.53432,0.5,0.48,0.007473,0
0.5,0.9,1.52558,0.5,0.9,0.015106,0
0.5,1.2,1.47083,0.5,1.2,0.019158,0
0.5,1.8,1.24723,0.5,1.8,0.022357,0
1.2,0.06,3.74896,1.2,0.06,0.002304,0
1.2,0.24,3.78881,1.2,0.24,0.004973,0
1.2,0.48,3.71652,1.2,0.48,0.007244,0
4.00318,1.2,0.02362,4.00325,1.2,0.01682,1
1.2,1.2,3.64991,1.2,1.2,0.018978,0
1.2,1.8,3.44354,1.2,1.8,0.022263,0
3.0,0.06,9.2684,3.0,0.06,0.001699,0
2.924765929252509,-0.0915822950630914,9.489100250533541,3.0662988360130505,-0.5616084233070481,-0.902766914740703,1
3.0,0.48,9.2688,3.0,0.48,0.006947,0
3.0,0.9,9.30979,3.0,0.9,0.014579,0
3.0,1.2,9.19071,3.0,1.2,0.018561,0
3.0,1.8,8.94935,3.0,1.8,0.024184,0
4.0,0.06,12.6026,4.0,0.06,0.001668,0
4.0,0.24,12.5105,4.0,0.24,0.004395,0
4.0,0.48,12.3375,4.0,0.48,0.006627,0
4.0,0.9,12.465,4.0,0.9,0.01426,0
4.0,1.2,12.3249,4.0,1.2,0.018345,0
4.0,1.8,12.0975,4.0,1.8,0.023999,0
5.0,0.06,15.5352,5.0,0.06,0.001433,0
5.0,0.24,15.5624,5.0,0.24,0.004259,0
5.0,0.48,15.5634,5.0,0.48,0.006435,0
5.0,0.9,15.454,5.0,0.9,0.014148,0
5.0,1.2,15.4465,5.0,1.2,0.018129,0
5.0,1.8,15.2377,5.0,1.8,0.023883,0
0.1,0.06,0.335241,0.1,0.06,0.004151,0
0.1,0.24,0.33337,0.1,0.24,0.006898,0
0.1,0.48,0.277585,0.1,0.48,0.00573,0
0.1,0.9,0.287249,0.1,0.9,0.010529,0
0.1,1.2,0.244978,0.1,1.2,0.006763,0
0.1,1.8,0.011983,0.1,1.8,0.029802,0
1.2,0.06,1.8971,1.2,0.06,1.63865,1
0.5,0.24,1.58134,0.5,0.24,0.006806,0
0.5,0.48,1.53432,0.5,0.48,0.005608,0
0.5,0.9,1.52558,0.5,0.9,0.010522,0
0.5,1.2,1.47083,0.5,1.2,0.007393,0
0.5,1.8,1.24723,0.5,1.8,0.030251,0
1.2,0.06,3.74896,1.2,0.06,0.004088,0
1.2,0.24,3.78881,1.2,0.24,0.007025,0
1.2,0.48,3.71652,1.2,0.48,0.00604,0
1.2,0.9,3.6962,1.2,0.9,0.010544,0
1.2,1.2,3.64991,1.2,1.2,0.007519,0
1.2,1.8,3.44354,1.2,1.8,0.030247,0
3.0,0.06,9.2684,3.0,0.06,0.004261,0
3.0,0.24,9.38517,3.0,0.24,0.007116,0
3.0,0.48,9.2688,3.0,0.48,0.006347,0
3.0,0.9,9.30979,3.0,0.9,0.010806,0
3.0,1.2,9.19071,3.0,1.2,0.007686,0
3.0,1.8,8.94935,3.0,1.8,0.028679,0
4.0,0.06,12.6026,4.0,0.06,0.004236,0
3.0,0.48,9.2688,3.0,0.48,14.0868,1
4.0,0.48,12.3375,4.0,0.48,0.005779,0
4.0,0.9,12.465,4.0,0.9,0.011116,0
4.0,1.2,12.3249,4.0,1.2,0.007572,0
4.0,1.8,12.0975,4.0,1.8,0.028719,0
5.0,0.06,15.5352,5.0,0.06,0.004886,0
5.0,0.24,15.5624,5.0,0.24,0.007184,0
5.0,0.48,15.5634,5.0,0.48,0.006112,0
5.0,0.9,15.454,5.0,0.9,0.011367,0
5.0,1.2,15.4465,5.0,1.2,0.007615,0
5.0,1.8,15.2377,5.0,1.8,0.02899,0
0.1,0.06,0.475221,0.1,0.06,0.243067,0
0.1,0.24,0.469329,0.1,0.24,0.266772,0
0.1,0.48,0.479347,0.1,0.48,0.250856,0
0.1,0.9,0.483369,0.1,0.9,0.265419,0
0.1,1.2,0.525612,0.1,1.2,0.269267,0
0.1,1.8,0.718181,0.1,1.8,0.431288,0
0.5,0.06,2.36477,0.5,0.06,1.07437,0
0.5,0.24,2.3708,0.5,0.24,1.07853,0
0.5,0.48,2.38155,0.5,0.48,1.05575,0
0.5,0.9,2.34519,0.5,0.9,1.07894,0
0.5,1.2,2.3437,0.5,1.2,1.093,0
0.5,1.8,2.36987,0.5,1.8,1.27717,0
1.2,0.06,5.6772,1.2,0.06,2.49213,0
1.2,0.24,5.68693,1.2,0.24,2.53051,0
1.2,0.48,5.65479,1.2,0.48,2.49108,0
1.2,0.9,5.69527,1.2,0.9,2.51249,0
1.2910853138560507,1.6459388172851372,5.058512961355732,0.8600470516265842,1.2924812936710433,3.7054618305151763,1
1.2,1.8,5.62242,1.2,1.8,2.6939,0
3.0,0.06,14.1025,3.0,0.06,6.1865,0
3.0,0.24,14.1307,3.0,0.24,6.16064,0
3.0,0.48,14.0868,3.0,0.48,6.15715,0
3.0,0.9,14.2896,3.0,0.9,6.19435,0
3.0,1.2,14.1135,3.0,1.2,6.17992,0
3.0,1.8,14.0464,3.0,1.8,6.34771,0
4.0,0.06,18.6951,4.0,0.06,8.19699,0
4.0,0.24,18.6883,4.0,0.24,8.23735,0
4.0,0.48,18.9963,4.0,0.48,8.17149,0
4.0,0.9,18.736,4.0,0.9,8.20701,0
4.0,1.2,18.7061,4.0,1.2,8.24945,0
4.0,1.8,18.791,4.0,1.8,8.41948,0
5.0,0.06,23.6645,5.0,0.06,10.2503,0
5.0,0.24,23.4187,5.0,0.24,10.2124,0
5.0,0.48,23.2727,5.0,0.48,10.2301,0
5.0,0.9,23.4945,5.0,0.9,10.2659,0
5.0,1.2,23.6717,5.0,1.2,10.2565,0
5.0,1.8,23.6913,5.0,1.8,10.4075,0
0.1,0.06,0.475221,0.1,0.06,0.287339,0
0.1,0.24,0.469329,0.1,0.24,0.281311,0
0.1,0.48,0.479347,0.1,0.48,0.33408,0
0.1,0.9,0.483369,0.1,0.9,0.415525,0
0.1,1.2,0.525612,0.1,1.2,0.600559,0
0.1,1.8,0.718181,0.1,1.8,0.491638,0
0.5,0.06,2.36477,0.5,0.06,1.43788,0
0.5,0.24,2.3708,0.5,0.24,1.40889,0
0.5,0.48,2.38155,0.5,0.48,1.41073,0
0.5,0.9,2.34519,0.5,0.9,1.4023,0
0.5,1.2,2.3437,0.5,1.2,1.42567,0
0.5,1.8,2.36987,0.5,1.8,1.39872,0
1.2,0.06,5.6772,1.2,0.06,3.4621,0
1.2,0.24,5.68693,1.2,0.24,3.42661,0
1.2,0.48,5.65479,1.2,0.48,3.38597,0
1.2,0.9,5.69527,1.2,0.9,3.38537,0
1.2,1.2,5.67202,1.2,1.2,3.36028,0
1.2,1.8,5.62242,1.2,1.8,3.36135,0
3.0,0.06,14.1025,3.0,0.06,8.42584,0
3.0,0.24,14.1307,3.0,0.24,8.41728,0
3.0,0.48,14.0868,3.0,0.48,8.38948,0
3.0,0.9,14.2896,3.0,0.9,8.4018,0
3.0,1.2,14.1135,3.0,1.2,8.52544,0
3.0,1.8,14.0464,3.0,1.8,8.39033,0
4.0,0.06,18.6951,4.0,0.06,11.3309,0
4.0,0.24,18.6883,4.0,0.24,11.3523,0
4.0,0.48,18.9963,4.0,0.48,11.1453,0
4.0,0.9,18.736,4.0,0.9,11.1574,0
4.0,1.2,18.7061,4.0,1.2,11.1623,0
4.0,1.8,18.791,4.0,1.8,11.3251,0
5.0,0.06,23.6645,5.0,0.06,13.944,0
5.0,0.24,23.4187,5.0,0.24,14.1118,0
5.0,0.48,23.2727,5.0,0.48,13.9728,0
5.0,0.9,23.4945,5.0,0.9,13.9326,0
5.0,1.2,23.6717,5.0,1.2,14.1573,0
5.011175277483183,1.3066704861379448,24.00473853176451,4.975617174078442,1.3057354960670498,15.252663278102895,1
0.1,0.06,0.475221,0.1,0.06,0.00245,0
0.1,0.24,0.469329,0.1,0.24,0.005241,0
0.1,0.48,0.479347,0.1,0.48,0.007113,0
0.1,0.9,0.483369,0.1,0.9,0.015263,0
0.1,1.2,0.525612,0.1,1.2,0.018692,0
0.1,1.8,0.718181,0.1,1.8,0.022137,0
0.5,0.06,2.36477,0.5,0.06,0.00238,0
0.5,0.24,2.3708,0.5,0.24,0.005179,0
0.5,0.48,2.38155,0.5,0.48,0.007473,0
0.5,0.9,2.34519,0.5,0.9,0.015106,0
0.5,1.2,2.3437,0.5,1.2,0.019158,0
0.5,1.8,2.36987,0.5,1.8,0.022357,0
1.2,0.06,5.6772,1.2,0.06,0.002304,0
1.2,0.24,5.68693,1.2,0.24,0.004973,0
1.2,0.48,5.65479,1.2,0.48,0.007244,0
1.2,0.9,5.69527,1.2,0.9,0.014874,0
1.2,1.2,5.67202,1.2,1.2,0.018978,0
1.2,1.8,5.62242,1.2,1.8,0.022263,0
3.0,0.06,14.1025,3.0,0.06,0.001699,0
3.0,0.24,14.1307,3.0,0.24,0.004675,0
3.0,0.48,14.0868,3.0,0.48,0.006947,0
3.0,0.9,14.2896,3.0,0.9,0.014579,0
3.0,1.2,14.1135,3.0,1.2,0.018561,0
3.0,1.8,14.0464,3.0,1.8,0.024184,0
4.0,0.06,18.6951,4.0,0.06,0.001668,0
4.0,0.24,18.6883,4.0,0.24,0.004395,0
4.0,0.48,18.9963,4.0,0.48,0.006627,0
4.0,0.9,18.736,4.0,0.9,0.01426,0
4.0,1.2,18.7061,4.0,1.2,0.018345,0
4.0,1.8,18.791,4.0,1.8,0.023999,0
5.0,0.06,23.6645,5.0,0.06,0.001433,0
5.0,0.24,23.4187,5.0,0.24,0.004259,0
5.0,0.48,23.2727,5.0,0.48,0.006435,0
5.0,0.9,23.4945,5.0,0.9,0.014148,0
5.0,1.2,23.6717,5.0,1.2,0.018129,0
5.0,1.8,23.6913,5.0,1.8,0.023883,0
0.1,0.06,0.475221,0.1,0.06,0.004151,0
0.1,0.24,0.469329,0.1,0.24,0.006898,0
0.1,0.48,0.479347,0.1,0.48,0.00573,0
0.04,0.42,0.149466,0.04,0.42,0.008387,1
0.1,1.2,0.525612,0.1,1.2,0.006763,0
0.1,1.8,0.718181,0.1,1.8,0.029802,0
0.5,0.06,2.36477,0.5,0.06,0.00422,0
0.5,0.24,2.3708,0.5,0.24,0.006806,0
0.5,0.48,2.38155,0.5,0.48,0.005608,0
0.5,0.9,2.34519,0.5,0.9,0.010522,0
0.5,1.2,2.3437,0.5,1.2,0.007393,0
0.5,1.8,2.36987,0.5,1.8,0.030251,0
1.2,0.06,5.6772,1.2,0.06,0.004088,0
1.2,0.24,5.68693,1.2,0.24,0.007025,0
1.2,0.48,5.65479,1.2,0.48,0.00604,0
1.2,0.9,5.69527,1.2,0.9,0.010544,0
1.2,0.48,3.05652,1.2,0.48,0.007099,1
1.2,1.8,5.62242,1.2,1.8,0.030247,0
3.0,0.06,14.1025,3.0,0.06,0.004261,0
3.0,0.24,14.1307,3.0,0.24,0.007116,0
3.0,0.48,14.0868,3.0,0.48,0.006347,0
3.0,0.9,14.2896,3.0,0.9,0.010806,0
3.0,1.2,14.1135,3.0,1.2,0.007686,0
3.0,1.8,14.0464,3.0,1.8,0.028679,0
4.0,0.06,18.6951,4.0,0.06,0.004236,0
4.0,0.24,18.6883,4.0,0.24,0.007372,0
4.0,0.48,18.9963,4.0,0.48,0.005779,0
4.0,0.9,18.736,4.0,0.9,0.011116,0
4.0,1.2,18.7061,4.0,1.2,0.007572,0
4.0,1.8,18.791,4.0,1.8,0.028719,0
5.0,0.06,23.6645,5.0,0.06,0.004886,0
5.0,0.24,23.4187,5.0,0.24,0.007184,0
5.0,0.48,23.2727,5.0,0.48,0.006112,0
5.0,0.9,23.4945,5.0,0.9,0.011367,0
5.0,1.2,23.6717,5.0,1.2,0.007615,0
5.0,1.8,23.6913,5.0,1.8,0.02899,0
0.1,0.06,0.243067,0.1,0.06,0.287339,0
0.1,0.24,0.266772,0.1,0.24,0.281311,0
0.1,0.48,0.250856,0.1,0.48,0.33408,0
0.1,0.9,0.265419,0.1,0.9,0.415525,0
0.1,1.2,0.269267,0.1,1.2,0.600559,0
0.1,1.8,0.431288,0.1,1.8,0.491638,0
0.5,0.06,1.07437,0.5,0.06,1.43788,0
0.5,0.24,1.07853,0.5,0.24,1.40889,0
0.5,0.48,1.05575,0.5,0.48,1.41073,0
0.5,0.9,1.07894,0.5,0.9,1.4023,0
0.5,1.2,1.093,0.5,1.2,1.42567,0
0.5,1.8,1.27717,0.5,1.8,1.39872,0
1.2,0.06,2.49213,1.2,0.06,3.4621,0
1.2,0.24,2.53051,1.2,0.24,3.42661,0
1.2,0.48,2.49108,1.2,0.48,3.38597,0
14.789939520195908,5.523641330521359,47.22567878105934,13.06757973252683,4.636195815948672,37.72470899544204,1
1.2,1.2,2.50467,1.2,1.2,3.36028,0
1.2,1.8,2.6939,1.2,1.8,3.36135,0
3.0,0.06,6.1865,3.0,0.06,8.42584,0
3.0,0.24,6.16064,3.0,0.24,8.41728,0
3.0,0.48,6.15715,3.0,0.48,8.38948,0
3.0,0.9,6.19435,3.0,0.9,8.4018,0
3.0,1.2,6.17992,3.0,1.2,8.52544,0
3.0,1.8,6.34771,3.0,1.8,8.39033,0
4.0,0.06,8.19699,4.0,0.06,11.3309,0
4.0,0.24,8.23735,4.0,0.24,11.3523,0
4.0,0.48,8.17149,4.0,0.48,11.1453,0
16.114492327568325,4.438012313862654,55.97507045153322,14.156716616521665,6.5457630901895625,39.640877374945674,1
4.0,1.2,8.24945,4.0,1.2,11.1623,0
4.0,1.8,8.41948,4.0,1.8,11.3251,0
5.0,0.06,10.2503,5.0,0.06,13.944,0
5.0,0.24,10.2124,5.0,0.24,14.1118,0
5.0,0.48,10.2301,5.0,0.48,13.9728,0
5.0,1.8,14.078,5.0,1.8,0.023638,1
5.0,1.2,10.2565,5.0,1.2,14.1573,0
5.0,1.8,10.4075,5.0,1.8,14.1322,0
0.1,0.06,0.243067,0.1,0.06,0.00245,0
0.1,0.24,0.266772,0.1,0.24,0.005241,0
0.1,0.48,0.250856,0.1,0.48,0.007113,0
0.1,0.9,0.265419,0.1,0.9,0.015263,0
0.1,1.2,0.269267,0.1,1.2,0.018692,0
0.1,1.8,0.431288,0.1,1.8,0.022137,0
0.5,0.06,1.07437,0.5,0.06,0.00238,0
0.5,0.24,1.07853,0.5,0.24,0.005179,0
0.5,0.48,1.05575,0.5,0.48,0.007473,0
0.5,0.9,1.07894,0.5,0.9,0.015106,0
0.5,1.2,1.093,0.5,1.2,0.019158,0
0.5,1.8,1.27717,0.5,1.8,0.022357,0
1.2,0.06,2.49213,1.2,0.06,0.002304,0
1.2,0.24,2.53051,1.2,0.24,0.004973,0
1.2,0.48,2.49108,1.2,0.48,0.007244,0
1.2,0.9,2.51249,1.2,0.9,0.014874,0
1.2,1.2,2.50467,1.2,1.2,0.018978,0
1.2,1.8,2.6939,1.2,1.8,0.022263,0
3.0,0.06,6.1865,3.0,0.06,0.001699,0
3.0,0.24,6.16064,3.0,0.24,0.004675,0
3.0,0.48,6.15715,3.0,0.48,0.006947,0
3.0,0.9,6.19435,3.0,0.9,0.014579,0
3.0,1.2,6.17992,3.0,1.2,0.018561,0
3.0,1.8,6.34771,3.0,1.8,0.024184,0
4.0,0.06,8.19699,4.0,0.06,0.001668,0
4.0,0.24,8.23735,4.0,0.24,0.004395,0
4.0,0.48,8.17149,4.0,0.48,0.006627,0
4.0,0.9,8.20701,4.0,0.9,0.01426,0
4.0,1.2,8.24945,4.0,1.2,0.018345,0
4.0,1.8,8.41948,4.0,1.8,0.023999,0
5.0,0.06,10.2503,5.0,0.06,0.001433,0
5.0,0.24,10.2124,5.0,0.24,0.004259,0
5.0,0.48,10.2301,5.0,0.48,0.006435,0
5.0,0.9,10.2659,5.0,0.9,0.014148,0
5.0,1.2,10.2565,5.0,1.2,0.018129,0
5.0,1.8,10.4075,5.0,1.8,0.023883,0
0.1,0.06,0.243067,0.1,0.06,0.004151,0
0.1,0.24,0.266772,0.1,0.24,0.006898,0
0.1,0.48,0.250856,0.1,0.48,0.00573,0
0.1,0.9,0.265419,0.1,0.9,0.010529,0
0.1,1.2,0.269267,0.1,1.2,0.006763,0
0.1,1.8,0.431288,0.1,1.8,0.029802,0
0.5,0.06,1.07437,0.5,0.06,0.00422,0
0.5,0.24,1.07853,0.5,0.24,0.006806,0
0.5,0.48,1.05575,0.5,0.48,0.005608,0
0.5,0.9,1.07894,0.5,0.9,0.010522,0
0.5,1.2,1.093,0.5,1.2,0.007393,0
0.5,1.8,1.27717,0.5,1.8,0.030251,0
1.2,0.06,2.49213,1.2,0.06,0.004088,0
1.2,0.24,2.53051,1.2,0.24,0.007025,0
1.2,0.48,2.49108,1.2,0.48,0.00604,0
1.2,0.9,2.51249,1.2,0.9,0.010544,0
1.2,1.2,2.50467,1.2,1.2,0.007519,0
1.2,1.8,2.6939,1.2,1.8,0.030247,0
3.0,0.06,6.1865,3.0,0.06,0.004261,0
3.0,0.24,6.16064,3.0,0.24,0.007116,0
3.0,0.48,6.15715,3.0,0.48,0.006347,0
3.0,0.9,6.19435,3.0,0.9,0.010806,0
3.0,1.2,6.17992,3.0,1.2,0.007686,0
3.0,1.8,6.34771,3.0,1.8,0.028679,0
4.0,0.06,8.19699,4.0,0.06,0.004236,0
4.0,0.24,8.23735,4.0,0.24,0.007372,0
4.0,0.48,8.17149,4.0,0.48,0.005779,0
4.0,0.9,8.20701,4.0,0.9,0.011116,0
4.0,1.2,8.24945,4.0,1.2,0.007572,0
4.0,1.8,8.41948,4.0,1.8,0.028719,0
5.441803392997085,-0.6230991688344587,9.709593309630355,5.167923632360035,0.3181983338932894,-0.6176396117519976,1
5.0,0.24,10.2124,5.0,0.24,0.007184,0
5.0,0.48,10.2301,5.0,0.48,0.006112,0
5.0,0.9,10.2659,5.0,0.9,0.011367,0
5.0,1.2,10.2565,5.0,1.2,0.007615,0
5.0,1.8,10.4075,5.0,1.8,0.02899,0
0.1,0.06,0.287339,0.1,0.06,0.00245,0
0.1,0.24,0.281311,0.1,0.24,0.005241,0
0.1,0.48,0.33408,0.1,0.48,0.007113,0
0.1,0.9,0.415525,0.1,0.9,0.015263,0
0.1,1.2,0.600559,0.1,1.2,0.018692,0
0.1,1.8,0.491638,0.1,1.8,0.022137,0
0.5,0.06,1.43788,0.5,0.06,0.00238,0
0.5,0.24,1.40889,0.5,0.24,0.005179,0
0.5,0.48,1.41073,0.5,0.48,0.007473,0
0.5,0.9,1.4023,0.5,0.9,0.015106,0
0.5,1.2,1.42567,0.5,1.2,0.019158,0
0.5,1.8,1.39872,0.5,1.8,0.022357,0
1.2,0.06,3.4621,1.2,0.06,0.002304,0
1.2,0.24,3.42661,1.2,0.24,0.004973,0
1.2,0.48,3.38597,1.2,0.48,0.007244,0
1.2,0.9,3.38537,1.2,0.9,0.014874,0
1.2,1.2,3.36028,1.2,1.2,0.018978,0
1.2,1.8,3.36135,1.2,1.8,0.022263,0
3.0,0.06,8.42584,3.0,0.06,0.001699,0
3.0,0.24,8.41728,3.0,0.24,0.004675,0
3.0,0.48,8.38948,3.0,0.48,0.006947,0
3.0,0.9,8.4018,3.0,0.9,0.014579,0
3.0,1.2,8.52544,3.0,1.2,0.018561,0
3.0,1.8,8.39033,3.0,1.8,0.024184,0
4.0,0.06,11.3309,4.0,0.06,0.001668,0
4.0,0.24,11.3523,4.0,0.24,0.004395,0
4.0,0.48,11.1453,4.0,0.48,0.006627,0
4.0,0.9,11.1574,4.0,0.9,0.01426,0
4.0,1.2,11.1623,4.0,1.2,0.018345,0
4.0,1.8,11.3251,4.0,1.8,0.023999,0
5.0,0.06,13.944,5.0,0.06,0.001433,0
5.0,0.24,14.1118,5.0,0.24,0.004259,0
5.0,0.48,13.9728,5.0,0.48,0.006435,0
5.0,0.9,13.9326,5.0,0.9,0.014148,0
5.0,1.2,14.1573,5.0,1.2,0.018129,0
5.0,1.8,14.1322,5.0,1.8,0.023883,0
0.1,0.06,0.287339,0.1,0.06,0.004151,0
0.1,0.24,0.281311,0.1,0.24,0.006898,0
0.1,0.48,0.33408,0.1,0.48,0.00573,0
0.1,0.9,0.415525,0.1,0.9,0.010529,0
0.1,1.2,0.600559,0.1,1.2,0.006763,0
0.1,1.8,0.491638,0.1,1.8,0.029802,0
0.5,0.06,1.43788,0.5,0.06,0.00422,0
0.5,0.24,1.40889,0.5,0.24,0.006806,0
0.03021741637302089,-0.42414766424975725,1.719764246965021,0.6732635091565002,-0.02421651026557292,-0.7592664775020458,1
0.5,0.9,1.4023,0.5,0.9,0.010522,0
0.5,1.2,1.42567,0.5,1.2,0.007393,0
0.5,1.8,1.39872,0.5,1.8,0.030251,0
1.2,0.06,3.4621,1.2,0.06,0.004088,0
1.2,0.24,3.42661,1.2,0.24,0.007025,0
1.2,0.48,3.38597,1.2,0.48,0.00604,0
1.2,0.9,3.38537,1.2,0.9,0.010544,0
1.2,1.2,3.36028,1.2,1.2,0.007519,0
1.2,1.8,3.36135,1.2,1.8,0.030247,0
3.0,0.06,8.42584,3.0,0.06,0.004261,0
3.0,0.24,8.41728,3.0,0.24,0.007116,0
3.0,0.48,8.38948,3.0,0.48,0.006347,0
3.0,0.9,8.4018,3.0,0.9,0.010806,0
3.0,1.2,8.52544,3.0,1.2,0.007686,0
3.0,1.8,8.39033,3.0,1.8,0.028679,0
4.0,0.06,11.3309,4.0,0.06,0.004236,0
4.0,0.24,11.3523,4.0,0.24,0.007372,0
4.0,0.48,11.1453,4.0,0.48,0.005779,0
4.0,0.9,11.1574,4.0,0.9,0.011116,0
4.0,1.2,11.1623,4.0,1.2,0.007572,0
4.0,1.8,11.3251,4.0,1.8,0.028719,0
5.0,0.06,13.944,5.0,0.06,0.004886,0
5.0,0.24,14.1118,5.0,0.24,0.007184,0
5.0,0.48,13.9728,5.0,0.48,0.006112,0
5.0,0.9,13.9326,5.0,0.9,0.011367,0
5.0,1.2,14.1573,5.0,1.2,0.007615,0
5.0,1.8,14.1322,5.0,1.8,0.02899,0
0.1,0.06,0.00245,0.1,0.06,0.004151,0
0.1,0.24,0.005241,0.1,0.24,0.006898,0
0.1,0.48,0.007113,0.1,0.48,0.00573,0
0.1,0.9,0.015263,0.1,0.9,0.010529,0
0.1,1.2,0.018692,0.1,1.2,0.006763,0
0.1,1.8,0.022137,0.1,1.8,0.029802,0
0.5,0.06,0.00238,0.5,0.06,0.00422,0
0.5,0.24,0.005179,0.5,0.24,0.006806,0
0.5,0.48,0.007473,0.5,0.48,0.005608,0
0.5,0.9,0.015106,0.5,0.9,0.010522,0
0.5,1.2,0.019158,0.5,1.2,0.007393,0
0.5,1.8,0.022357,0.5,1.8,0.030251,0
1.2,0.06,0.002304,1.2,0.06,0.004088,0
1.2,0.24,0.004973,1.2,0.24,0.007025,0
1.2,0.48,0.007244,1.2,0.48,0.00604,0
1.2,0.9,0.014874,1.2,0.9,0.010544,0
1.2,1.2,0.018978,1.2,1.2,0.007519,0
1.2,1.8,0.022263,1.2,1.8,0.030247,0
3.0,0.06,0.001699,3.0,0.06,0.004261,0
3.0,0.24,0.004675,3.0,0.24,0.007116,0
3.0,0.48,0.006947,3.0,0.48,0.006347,0
3.0,0.9,0.014579,3.0,0.9,0.010806,0
3.0,1.2,0.018561,3.0,1.2,0.007686,0
3.0,1.8,0.024184,3.0,1.8,0.028679,0
4.0,0.06,0.001668,4.0,0.06,0.004236,0
4.0,0.24,0.004395,4.0,0.24,0.007372,0
4.0,0.48,0.006627,4.0,0.48,0.005779,0
4.0,0.9,0.01426,4.0,0.9,0.011116,0
4.0,1.2,0.018345,4.0,1.2,0.007572,0
4.0,1.8,0.023999,4.0,1.8,0.028719,0
5.0,0.06,0.001433,5.0,0.06,0.004886,0
5.0,0.24,0.004259,5.0,0.24,0.007184,0
5.0,0.48,0.006435,5.0,0.48,0.006112,0
5.0,0.9,0.014148,5.0,0.9,0.011367,0
5.0,1.2,0.018129,5.0,1.2,0.007615,0
5.0,1.8,0.023883,5.0,1.8,0.02899,0
0.1,0.06,0.366123,0.1,0.06,0.495627,0
0.1,0.24,0.415202,0.1,0.24,0.49234,0
0.1,0.48,0.474228,0.1,0.48,0.507088,0
0.1,0.9,0.601756,0.1,0.9,0.588932,0
0.1,1.2,0.636076,0.1,1.2,0.664616,0
0.1,1.8,0.786881,0.1,1.8,0.762612,0
0.5,0.06,1.66427,0.5,0.06,2.40992,0
0.5,0.24,1.72369,0.5,0.24,2.38022,0
0.5,0.48,1.80452,0.5,0.48,2.4588,0
0.5,0.9,1.90885,0.5,0.9,2.37149,0
0.5,1.2,1.94503,0.5,1.2,2.41545,0
0.5,1.8,2.13592,0.5,1.8,2.42894,0
1.2,0.06,3.95992,1.2,0.06,5.77637,0
1.2,0.24,3.98531,1.2,0.24,5.6867,0
1.2,0.48,4.03353,1.2,0.48,5.70015,0
1.2,0.9,4.1498,1.2,0.9,5.67028,0
1.2,1.2,4.2333,1.2,1.2,5.72203,0
1.2,1.8,4.38146,1.2,1.8,5.72387,0
3.0,0.06,9.75284,3.0,0.06,14.216,0
3.0,0.24,9.83703,3.0,0.24,14.32,0
3.0,0.48,9.84071,3.0,0.48,14.1703,0
3.0,0.9,10.0052,3.0,0.9,14.2568,0
3.0,1.2,10.0523,3.0,1.2,14.248,0
0.206094,0.06,0.498927,0.206278,0.06,0.196369,1
4.0,0.06,13.1418,4.0,0.06,18.8154,0
4.0,0.24,13.2125,4.0,0.24,18.919,0
4.0,0.48,13.2798,4.0,0.48,18.8917,0
4.0,0.9,13.2479,4.0,0.9,18.9223,0
4.0,1.2,13.4506,4.0,1.2,18.8865,0
4.0,1.8,13.6151,4.0,1.8,18.9231,0
5.0,0.06,16.2534,5.0,0.06,23.6184,0
5.0,0.24,16.2211,5.0,0.24,23.5502,0
5.0,0.48,16.3326,5.0,0.48,23.4553,0
5.0,0.9,16.5026,5.0,0.9,23.5705,0
5.0,1.2,16.5487,5.0,1.2,23.5113,0
5.0,1.8,16.629,5.0,1.8,23.4579,0
0.1,0.06,0.366123,0.1,0.06,0.202405,0
0.1,0.24,0.415202,0.1,0.24,0.242786,0
0.1,0.48,0.474228,0.1,0.48,0.300547,0
0.1,0.9,0.601756,0.1,0.9,0.355806,0
0.1,1.2,0.636076,0.1,1.2,0.379937,0
0.1,1.8,0.786881,0.1,1.8,0.420583,0
0.5,0.06,1.66427,0.5,0.06,0.917457,0
0.5,0.24,1.72369,0.5,0.24,0.946437,0
0.5,0.48,1.80452,0.5,0.48,0.985774,0
0.5,0.9,1.90885,0.5,0.9,1.0838,0
0.5,1.2,1.94503,0.5,1.2,1.15345,0
0.5,1.8,2.13592,0.5,1.8,1.29845,0
1.2,0.06,3.95992,1.2,0.06,2.11774,0
1.2,0.24,3.98531,1.2,0.24,2.13786,0
1.2,0.48,4.03353,1.2,0.48,2.23222,0
1.2,0.9,4.1498,1.2,0.9,2.31263,0
1.2,1.2,4.2333,1.2,1.2,2.37087,0
1.2,1.8,4.38146,1.2,1.8,2.50536,0
3.0,0.06,9.75284,3.0,0.06,5.25856,0
3.0,0.24,9.83703,3.0,0.24,5.23512,0
3.0,0.48,9.84071,3.0,0.48,5.30632,0
3.0,0.9,10.0052,3.0,0.9,5.52474,0
3.0,1.2,10.0523,3.0,1.2,5.46234,0
3.0,1.8,10.1835,3.0,1.8,5.62917,0
4.0,0.06,13.1418,4.0,0.06,6.9139,0
4.0,0.24,13.2125,4.0,0.24,7.10288,0
4.0,0.48,13.2798,4.0,0.48,7.13709,0
4.0,0.9,13.2479,4.0,0.9,7.1211,0
4.0,1.2,13.4506,4.0,1.2,7.36228,0
4.0,1.8,13.6151,4.0,1.8,7.40582,0
5.0,0.06,16.2534,5.0,0.06,8.71119,0
5.0,0.24,16.2211,5.0,0.24,8.6971,0
5.0,0.48,16.3326,5.0,0.48,8.83778,0
5.0,0.9,16.5026,5.0,0.9,8.95197,0
5.0,1.2,16.5487,5.0,1.2,8.92555,0
5.0,1.8,16.629,5.0,1.8,9.18744,0
0.1,0.06,0.366123,0.1,0.06,0.252465,0
0.1,0.24,0.415202,0.1,0.24,0.255194,0
0.1,0.48,0.474228,0.1,0.48,0.306072,0
0.1,0.9,0.601756,0.1,0.9,0.381088,0
0.1,1.2,0.636076,0.1,1.2,0.454809,0
0.1,1.8,0.786881,0.1,1.8,0.561462,0
0.5,0.06,1.66427,0.5,0.06,1.32693,0
0.5,0.24,1.72369,0.5,0.24,1.24463,0
0.5,0.48,1.80452,0.5,0.48,1.19745,0
0.5,0.9,1.90885,0.5,0.9,1.20971,0
0.5,1.2,1.94503,0.5,1.2,1.23982,0
0.5,1.8,2.13592,0.5,1.8,1.35127,0
1.2,0.06,3.95992,1.2,0.06,2.92641,0
1.2,0.24,3.98531,1.2,0.24,2.91473,0
1.2,0.48,4.03353,1.2,0.48,3.05652,0
1.2,0.9,4.1498,1.2,0.9,2.86769,0
1.2,1.2,4.2333,1.2,1.2,2.89211,0
1.2,1.8,4.38146,1.2,1.8,2.88115,0
3.0,0.06,9.75284,3.0,0.06,7.1081,0
3.0,0.24,9.83703,3.0,0.24,7.40622,0
3.0,0.48,9.84071,3.0,0.48,7.21974,0
3.0,0.9,10.0052,3.0,0.9,7.62671,0
3.0,1.2,10.0523,3.0,1.2,7.23725,0
3.0,1.8,10.1835,3.0,1.8,7.23789,0
4.0,0.06,13.1418,4.0,0.06,9.54674,0
4.0,0.24,13.2125,4.0,0.24,9.81325,0
4.0,0.48,13.2798,4.0,0.48,9.53939,0
4.0,0.9,13.2479,4.0,0.9,9.48521,0
11.575377301362796,4.323123121642649,49.234210484597725,10.428326852361646,5.824030135757794,51.127354322967015,1
4.0,1.8,13.6151,4.0,1.8,9.62,0
5.0,0.06,16.2534,5.0,0.06,11.782,0
5.0,0.24,16.2211,5.0,0.24,11.8486,0
5.0,0.48,16.3326,5.0,0.48,11.862,0
5.0,0.9,16.5026,5.0,0.9,11.9195,0
5.0,1.2,16.5487,5.0,1.2,11.8311,0
5.0,1.8,16.629,5.0,1.8,11.9335,0
0.1,0.06,0.366123,0.1,0.06,0.00694,0
0.1,0.24,0.415202,0.1,0.24,0.007256,0
0.1,0.48,0.474228,0.1,0.48,0.008098,0
0.1,0.9,0.601756,0.1,0.9,0.011084,0
0.1,1.2,0.636076,0.1,1.2,0.011759,0
0.1,1.8,0.786881,0.1,1.8,0.021951,0
0.5,0.06,1.66427,0.5,0.06,0.006826,0
0.5,0.24,1.72369,0.5,0.24,0.007191,0
0.5,0.48,1.80452,0.5,0.48,0.007653,0
14.138407339357205,7.384377769024749,41.36018677439974,11.111110900685876,6.542420379386996,64.886885974974,1
0.5,1.2,1.94503,0.5,1.2,0.009087,0
0.5,1.8,2.13592,0.5,1.8,0.013443,0
1.2,0.06,3.95992,1.2,0.06,0.007654,0
1.2,0.24,3.98531,1.2,0.24,0.007039,0
1.2,0.48,4.03353,1.2,0.48,0.007099,0
1.2,0.9,4.1498,1.2,0.9,0.007825,0
1.2,1.2,4.2333,1.2,1.2,0.008288,0
1.2,1.8,4.38146,1.2,1.8,0.010947,0
3.0,0.06,9.75284,3.0,0.06,0.007015,0
3.0,0.24,9.83703,3.0,0.24,0.007535,0
3.0,0.48,9.84071,3.0,0.48,0.007084,0
3.0,0.9,10.0052,3.0,0.9,0.007379,0
3.0,1.2,10.0523,3.0,1.2,0.007626,0
3.0,1.8,10.1835,3.0,1.8,0.008843,0
4.0,0.06,13.1418,4.0,0.06,0.007069,0
4.0,0.24,13.2125,4.0,0.24,0.007126,0
4.0,0.48,13.2798,4.0,0.48,0.007129,0
4.0,0.9,13.2479,4.0,0.9,0.007448,0
4.0,1.2,13.4506,4.0,1.2,0.007481,0
4.0,1.8,13.6151,4.0,1.8,0.008491,0
5.0,0.06,16.2534,5.0,0.06,0.00676,0
5.0,0.24,16.2211,5.0,0.24,0.007125,0
5.0,0.48,16.3326,5.0,0.48,0.007147,0
5.0,0.9,16.5026,5.0,0.9,0.007331,0
5.0,1.2,16.5487,5.0,1.2,0.00745,0
5.0,1.8,16.629,5.0,1.8,0.008198,0
0.1,0.06,0.366123,0.1,0.06,0.0032,0
0.1,0.24,0.415202,0.1,0.24,0.002906,0
0.1,0.48,0.474228,0.1,0.48,0.003957,0
0.1,0.9,0.601756,0.1,0.9,0.006894,0
0.1,1.2,0.636076,0.1,1.2,0.009416,0
0.1,1.8,0.786881,0.1,1.8,0.014677,0
0.5,0.06,1.66427,0.5,0.06,0.004294,0
0.5,0.24,1.72369,0.5,0.24,0.00379,0
0.5,0.48,1.80452,0.5,0.48,0.003546,0
0.5,0.9,1.90885,0.5,0.9,0.004333,0
0.5,1.2,1.94503,0.5,1.2,0.005128,0
0.5,1.8,2.13592,0.5,1.8,0.007365,0
1.2,0.06,3.95992,1.2,0.06,0.003706,0
1.2,0.24,3.98531,1.2,0.24,0.003594,0
1.2,0.48,4.03353,1.2,0.48,0.004177,0
1.2,0.9,4.1498,1.2,0.9,0.003827,0
1.2,1.2,4.2333,1.2,1.2,0.004617,0
1.2,1.8,4.38146,1.2,1.8,0.005279,0
3.0,0.06,9.75284,3.0,0.06,0.003777,0
3.0,0.24,9.83703,3.0,0.24,0.004088,0
3.0,0.48,9.84071,3.0,0.48,0.0037,0
3.0,0.9,10.0052,3.0,0.9,0.004353,0
3.0,1.2,10.0523,3.0,1.2,0.004186,0
3.0,1.8,10.1835,3.0,1.8,0.00457,0
0.1,1.2,0.262043,0.1,1.2,0.300309,1
4.0,0.24,13.2125,4.0,0.24,0.00406,0
4.0,0.48,13.2798,4.0,0.48,0.003707,0
4.0,0.9,13.2479,4.0,0.9,0.003508,0
4.0,1.2,13.4506,4.0,1.2,0.00442,0
4.0,1.8,13.6151,4.0,1.8,0.004411,0
5.0,0.06,16.2534,5.0,0.06,0.003791,0
5.0,0.24,16.2211,5.0,0.24,0.003446,0
5.0,0.48,16.3326,5.0,0.48,0.003738,0
5.0,0.9,16.5026,5.0,0.9,0.003855,0
5.0,1.2,16.5487,5.0,1.2,0.003584,0
5.0,1.8,16.629,5.0,1.8,0.004239,0
9.077568418762624,5.550697291609222,70.83464162058321,10.821028443354226,5.32969807269013,39.70696740323433,1
0.1,0.24,0.49234,0.1,0.24,0.242786,0
0.1,0.48,0.507088,0.1,0.48,0.300547,0
0.1,0.9,0.588932,0.1,0.9,0.355806,0
0.1,1.2,0.664616,0.1,1.2,0.379937,0
0.1,1.8,0.762612,0.1,1.8,0.420583,0
0.5,0.06,2.40992,0.5,0.06,0.917457,0
0.5,0.24,2.38022,0.5,0.24,0.946437,0
0.5,0.48,2.4588,0.5,0.48,0.985774,0
0.5,0.9,2.37149,0.5,0.9,1.0838,0
0.5,1.2,2.41545,0.5,1.2,1.15345,0
0.5,1.8,2.42894,0.5,1.8,1.29845,0
1.2,0.06,5.77637,1.2,0.06,2.11774,0
1.2,0.24,5.6867,1.2,0.24,2.13786,0
1.2,0.48,5.70015,1.2,0.48,2.23222,0
1.2,0.9,5.67028,1.2,0.9,2.31263,0
1.2,1.2,5.72203,1.2,1.2,2.37087,0
1.2,1.8,5.72387,1.2,1.8,2.50536,0
3.0,0.06,14.216,3.0,0.06,5.25856,0
3.0,0.24,14.32,3.0,0.24,5.23512,0
3.0,0.48,14.1703,3.0,0.48,5.30632,0
3.0,0.9,14.2568,3.0,0.9,5.52474,0
3.0,1.2,14.248,3.0,1.2,5.46234,0
3.0,1.8,14.1456,3.0,1.8,5.62917,0
4.0,0.06,18.8154,4.0,0.06,6.9139,0
4.0,0.24,18.919,4.0,0.24,7.10288,0
4.0,0.48,18.8917,4.0,0.48,7.13709,0
4.0,0.9,18.9223,4.0,0.9,7.1211,0
4.0,1.2,18.8865,4.0,1.2,7.36228,0
4.0,1.8,18.9231,4.0,1.8,7.40582,0
5.0,0.06,23.6184,5.0,0.06,8.71119,0
5.250950116850336,0.22559169920568833,23.707685935777665,5.107491408727274,0.8017136435478809,9.035597048687528,1
5.0,0.48,23.4553,5.0,0.48,8.83778,0
5.0,0.9,23.5705,5.0,0.9,8.95197,0
5.0,1.2,23.5113,5.0,1.2,8.92555,0
5.0,1.8,23.4579,5.0,1.8,9.18744,0
0.1,0.06,0.495627,0.1,0.06,0.252465,0
0.1,0.24,0.49234,0.1,0.24,0.255194,0
0.1,0.48,0.507088,0.1,0.48,0.306072,0
0.1,0.9,0.588932,0.1,0.9,0.381088,0
0.1,1.2,0.664616,0.1,1.2,0.454809,0
0.1,1.8,0.762612,0.1,1.8,0.561462,0
0.5,0.06,2.40992,0.5,0.06,1.32693,0
0.5,0.24,2.38022,0.5,0.24,1.24463,0
0.5,0.48,2.4588,0.5,0.48,1.19745,0
0.5,0.9,2.37149,0.5,0.9,1.20971,0
0.5,1.2,2.41545,0.5,1.2,1.23982,0
0.5,1.8,2.42894,0.5,1.8,1.35127,0
1.2,0.06,5.77637,1.2,0.06,2.92641,0
1.2,0.24,5.6867,1.2,0.24,2.91473,0
1.2,0.48,5.70015,1.2,0.48,3.05652,0
1.2,0.9,5.67028,1.2,0.9,2.86769,0
1.2,1.2,5.72203,1.2,1.2,2.89211,0
1.2,1.8,5.72387,1.2,1.8,2.88115,0
3.0,0.06,14.216,3.0,0.06,7.1081,0
3.0,0.24,14.32,3.0,0.24,7.40622,0
3.0,0.48,14.1703,3.0,0.48,7.21974,0
3.0,0.9,14.2568,3.0,0.9,7.62671,0
3.0,1.2,14.248,3.0,1.2,7.23725,0
3.0,1.8,14.1456,3.0,1.8,7.23789,0
4.0,0.06,18.8154,4.0,0.06,9.54674,0
4.0,0.24,18.919,4.0,0.24,9.81325,0
4.0,0.48,18.8917,4.0,0.48,9.53939,0
4.0,0.9,18.9223,4.0,0.9,9.48521,0
4.0,1.2,18.8865,4.0,1.2,10.14,0
4.0,1.8,18.9231,4.0,1.8,9.62,0
5.0,0.06,23.6184,5.0,0.06,11.782,0
5.0,0.24,23.5502,5.0,0.24,11.8486,0
5.0,0.48,23.4553,5.0,0.48,11.862,0
5.0,0.9,23.5705,5.0,0.9,11.9195,0
5.0,1.2,23.5113,5.0,1.2,11.8311,0
5.0,1.8,23.4579,5.0,1.8,11.9335,0
0.1,0.06,0.495627,0.1,0.06,0.00694,0
0.1,0.24,0.49234,0.1,0.24,0.007256,0
0.1,0.48,0.507088,0.1,0.48,0.008098,0
9.049273908844631,4.014514913427366,61.72045731910535,12.782219620656566,6.582767410404995,56.181881645370076,1
0.1,1.2,0.664616,0.1,1.2,0.011759,0
0.1,1.8,0.762612,0.1,1.8,0.021951,0
0.5,0.06,2.40992,0.5,0.06,0.006826,0
0.5,0.24,2.38022,0.5,0.24,0.007191,0
0.5,0.48,2.4588,0.5,0.48,0.007653,0
0.5,0.9,2.37149,0.5,0.9,0.008645,0
0.5,1.2,2.41545,0.5,1.2,0.009087,0
0.5,1.8,2.42894,0.5,1.8,0.013443,0
1.2,0.06,5.77637,1.2,0.06,0.007654,0
1.2,0.24,5.6867,1.2,0.24,0.007039,0
1.2,0.48,5.70015,1.2,0.48,0.007099,0
1.2,0.9,5.67028,1.2,0.9,0.007825,0
1.2,1.2,5.72203,1.2,1.2,0.008288,0
1.2,1.8,5.72387,1.2,1.8,0.010947,0
3.0,0.06,14.216,3.0,0.06,0.007015,0
3.0,0.24,14.32,3.0,0.24,0.007535,0
3.0,0.48,14.1703,3.0,0.48,0.007084,0
3.0,0.9,14.2568,3.0,0.9,0.007379,0
3.0,1.2,14.248,3.0,1.2,0.007626,0
3.0,1.8,14.1456,3.0,1.8,0.008843,0
4.0,0.06,18.8154,4.0,0.06,0.007069,0
4.0,0.24,18.919,4.0,0.24,0.007126,0
4.0,0.48,18.8917,4.0,0.48,0.007129,0
4.0,0.9,18.9223,4.0,0.9,0.007448,0
4.0,1.2,18.8865,4.0,1.2,0.007481,0
4.0,1.8,18.9231,4.0,1.8,0.008491,0
5.0,0.06,23.6184,5.0,0.06,0.00676,0
5.0,0.24,23.5502,5.0,0.24,0.007125,0
5.0,0.48,23.4553,5.0,0.48,0.007147,0
5.0,0.9,23.5705,5.0,0.9,0.007331,0
5.0,1.2,23.5113,5.0,1.2,0.00745,0
5.0,1.8,23.4579,5.0,1.8,0.008198,0
12.22003971139399,7.0737829474823215,55.83208651574001,11.894054642889497,7.031180732626636,61.95497805631372,1
0.1,0.24,0.49234,0.1,0.24,0.002906,0
0.1,0.48,0.507088,0.1,0.48,0.003957,0
0.1,0.9,0.588932,0.1,0.9,0.006894,0
0.1,1.2,0.664616,0.1,1.2,0.009416,0
0.1,1.8,0.762612,0.1,1.8,0.014677,0
0.5,0.06,2.40992,0.5,0.06,0.004294,0
0.5,0.24,2.38022,0.5,0.24,0.00379,0
0.5,0.48,2.4588,0.5,0.48,0.003546,0
0.5,0.9,2.37149,0.5,0.9,0.004333,0
0.5,1.2,2.41545,0.5,1.2,0.005128,0
0.5,1.8,2.42894,0.5,1.8,0.007365,0
1.2,0.06,5.77637,1.2,0.06,0.003706,0
1.2,0.24,5.6867,1.2,0.24,0.003594,0
1.2,0.48,5.70015,1.2,0.48,0.004177,0
1.2,0.9,5.67028,1.2,0.9,0.003827,0
1.2,1.2,5.72203,1.2,1.2,0.004617,0
1.2,1.8,5.72387,1.2,1.8,0.005279,0
3.0,0.06,14.216,3.0,0.06,0.003777,0
3.0,0.24,14.32,3.0,0.24,0.004088,0
3.0,0.48,14.1703,3.0,0.48,0.0037,0
3.0,0.9,14.2568,3.0,0.9,0.004353,0
3.0,1.2,14.248,3.0,1.2,0.004186,0
3.0,1.8,14.1456,3.0,1.8,0.00457,0
4.0,0.06,18.8154,4.0,0.06,0.003759,0
4.0,0.24,18.919,4.0,0.24,0.00406,0
4.0,0.48,18.8917,4.0,0.48,0.003707,0
4.0,0.9,18.9223,4.0,0.9,0.003508,0
4.0,1.2,18.8865,4.0,1.2,0.00442,0
4.0,1.8,18.9231,4.0,1.8,0.004411,0
5.0,0.06,23.6184,5.0,0.06,0.003791,0
5.0,0.24,23.5502,5.0,0.24,0.003446,0
5.0,0.48,23.4553,5.0,0.48,0.003738,0
5.0,0.9,23.5705,5.0,0.9,0.003855,0
5.0,1.2,23.5113,5.0,1.2,0.003584,0
5.0,1.8,23.4579,5.0,1.8,0.004239,0
0.1,0.06,0.202405,0.1,0.06,0.252465,0
0.1,0.24,0.242786,0.1,0.24,0.255194,0
0.1,0.48,0.300547,0.1,0.48,0.306072,0
0.1,0.9,0.355806,0.1,0.9,0.381088,0
0.1,1.2,0.379937,0.1,1.2,0.454809,0
0.1,1.8,0.420583,0.1,1.8,0.561462,0
0.5,0.06,0.917457,0.5,0.06,1.32693,0
0.5,0.24,0.946437,0.5,0.24,1.24463,0
0.5,0.48,0.985774,0.5,0.48,1.19745,0
0.5,0.9,1.0838,0.5,0.9,1.20971,0
0.5,1.2,1.15345,0.5,1.2,1.23982,0
0.5,1.8,1.29845,0.5,1.8,1.35127,0
1.2,0.06,2.11774,1.2,0.06,2.92641,0
1.2,0.24,2.13786,1.2,0.24,2.91473,0
1.2,0.48,2.23222,1.2,0.48,3.05652,0
1.2,0.9,2.31263,1.2,0.9,2.86769,0
1.2,1.2,2.37087,1.2,1.2,2.89211,0
1.2,1.8,2.50536,1.2,1.8,2.88115,0
3.0,0.06,5.25856,3.0,0.06,7.1081,0
3.0,0.24,5.23512,3.0,0.24,7.40622,0
3.0,0.48,5.30632,3.0,0.48,7.21974,0
3.0,0.9,5.52474,3.0,0.9,7.62671,0
3.0,1.2,5.46234,3.0,1.2,7.23725,0
3.0,1.8,5.62917,3.0,1.8,7.23789,0
4.0,0.06,6.9139,4.0,0.06,9.54674,0
4.0,0.24,7.10288,4.0,0.24,9.81325,0
4.0,0.48,7.13709,4.0,0.48,9.53939,0
4.0,0.9,7.1211,4.0,0.9,9.48521,0
4.0,1.2,7.36228,4.0,1.2,10.14,0
4.0,1.8,7.40582,4.0,1.8,9.62,0
5.0,0.06,8.71119,5.0,0.06,11.782,0
5.0,0.24,8.6971,5.0,0.24,11.8486,0
5.0,0.48,8.83778,5.0,0.48,11.862,0
5.0,0.9,8.95197,5.0,0.9,11.9195,0
5.0,1.2,8.92555,5.0,1.2,11.8311,0
5.0,1.8,9.18744,5.0,1.8,11.9335,0
0.1,0.06,0.202405,0.1,0.06,0.00694,0
0.1,0.24,0.242786,0.1,0.24,0.007256,0
0.1,0.24,0.256025,0.1,0.24,0.007351,1
0.1,0.9,0.355806,0.1,0.9,0.011084,0
0.1,1.2,0.379937,0.1,1.2,0.011759,0
0.1,1.8,0.420583,0.1,1.8,0.021951,0
0.5,0.06,0.917457,0.5,0.06,0.006826,0
0.5,0.24,0.946437,0.5,0.24,0.007191,0
0.5,0.48,0.985774,0.5,0.48,0.007653,0
0.5,0.9,1.0838,0.5,0.9,0.008645,0
0.5,1.2,1.15345,0.5,1.2,0.009087,0
0.5,1.8,1.29845,0.5,1.8,0.013443,0
1.2,0.06,2.11774,1.2,0.06,0.007654,0
1.2,0.24,2.13786,1.2,0.24,0.007039,0
1.2,0.48,2.23222,1.2,0.48,0.007099,0
1.2,0.9,2.31263,1.2,0.9,0.007825,0
1.2,1.2,2.37087,1.2,1.2,0.008288,0
1.2,1.8,2.50536,1.2,1.8,0.010947,0
3.0,0.06,5.25856,3.0,0.06,0.007015,0
3.0,0.24,5.23512,3.0,0.24,0.007535,0
3.0,0.48,5.30632,3.0,0.48,0.007084,0
3.0,0.9,5.52474,3.0,0.9,0.007379,0
3.0,1.2,5.46234,3.0,1.2,0.007626,0
3.0,1.8,5.62917,3.0,1.8,0.008843,0
4.0,0.06,6.9139,4.0,0.06,0.007069,0
4.0,0.24,7.10288,4.0,0.24,0.007126,0
4.0,0.48,7.13709,4.0,0.48,0.007129,0
4.0,0.9,7.1211,4.0,0.9,0.007448,0
4.0,1.2,7.36228,4.0,1.2,0.007481,0
4.0,1.8,7.40582,4.0,1.8,0.008491,0
10.833612680049185,6.198086018780739,47.243387911114375,9.379340389521731,4.251605218172252,39.71642647210768,1
5.0,0.24,8.6971,5.0,0.24,0.007125,0
11.301353568781504,7.662959937751795,61.7019593505924,12.452509598459566,5.057579474396948,48.91157796195359,1
5.0,0.9,8.95197,5.0,0.9,0.007331,0
5.0,1.2,8.92555,5.0,1.2,0.00745,0
5.0,1.8,9.18744,5.0,1.8,0.008198,0
0.1,0.06,0.202405,0.1,0.06,0.0032,0
0.05841411403269026,0.9286675147641709,-0.8532033281399405,-0.6111172507534368,0.5808171118341945,0.009960178126562427,1
0.1,0.48,0.300547,0.1,0.48,0.003957,0
0.1,0.9,0.355806,0.1,0.9,0.006894,0
0.1,1.2,0.379937,0.1,1.2,0.009416,0
0.1,1.8,0.420583,0.1,1.8,0.014677,0
0.5,0.06,0.917457,0.5,0.06,0.004294,0
0.5,0.24,0.946437,0.5,0.24,0.00379,0
0.5,0.48,0.985774,0.5,0.48,0.003546,0
0.5,0.9,1.0838,0.5,0.9,0.004333,0
0.5,1.2,1.15345,0.5,1.2,0.005128,0
0.5,1.8,1.29845,0.5,1.8,0.007365,0
1.2,0.06,2.11774,1.2,0.06,0.003706,0
1.2,0.24,2.13786,1.2,0.24,0.003594,0
1.2,0.48,2.23222,1.2,0.48,0.004177,0
1.2,0.9,2.31263,1.2,0.9,0.003827,0
1.2,1.2,2.37087,1.2,1.2,0.004617,0
1.2,1.8,2.50536,1.2,1.8,0.005279,0
3.0,0.06,5.25856,3.0,0.06,0.003777,0
3.0,0.24,5.23512,3.0,0.24,0.004088,0
3.0,0.48,5.30632,3.0,0.48,0.0037,0
3.0,0.9,5.52474,3.0,0.9,0.004353,0
3.0,1.2,5.46234,3.0,1.2,0.004186,0
3.0,1.8,5.62917,3.0,1.8,0.00457,0
4.0,0.06,6.9139,4.0,0.06,0.003759,0
4.0,0.24,7.10288,4.0,0.24,0.00406,0
4.0,0.48,7.13709,4.0,0.48,0.003707,0
4.0,0.9,7.1211,4.0,0.9,0.003508,0
4.0,1.2,7.36228,4.0,1.2,0.00442,0
4.0,1.8,7.40582,4.0,1.8,0.004411,0
5.0,0.06,8.71119,5.0,0.06,0.003791,0
5.0,0.24,8.6971,5.0,0.24,0.003446,0
5.0,0.48,8.83778,5.0,0.48,0.003738,0
5.0,0.9,8.95197,5.0,0.9,0.003855,0
5.0,1.2,8.92555,5.0,1.2,0.003584,0
5.0,1.8,9.18744,5.0,1.8,0.004239,0
0.1,0.06,0.252465,0.1,0.06,0.00694,0
0.1,0.24,0.255194,0.1,0.24,0.007256,0
0.1,0.48,0.306072,0.1,0.48,0.008098,0
0.1,0.9,0.381088,0.1,0.9,0.011084,0
0.1,1.2,0.454809,0.1,1.2,0.011759,0
0.1,1.8,0.561462,0.1,1.8,0.021951,0
0.5,0.06,1.32693,0.5,0.06,0.006826,0
0.5,0.24,1.24463,0.5,0.24,0.007191,0
0.5,0.48,1.19745,0.5,0.48,0.007653,0
0.5,0.9,1.20971,0.5,0.9,0.008645,0
0.5,1.2,1.23982,0.5,1.2,0.009087,0
0.5,1.8,1.35127,0.5,1.8,0.013443,0
1.2,0.06,2.92641,1.2,0.06,0.007654,0
1.2,0.24,2.91473,1.2,0.24,0.007039,0
1.2,0.48,3.05652,1.2,0.48,0.007099,0
1.2,0.9,2.86769,1.2,0.9,0.007825,0
1.2,1.2,2.89211,1.2,1.2,0.008288,0
1.2,1.8,2.88115,1.2,1.8,0.010947,0
3.0,0.06,7.1081,3.0,0.06,0.007015,0
3.0,0.24,7.40622,3.0,0.24,0.007535,0
3.0,0.48,7.21974,3.0,0.48,0.007084,0
3.0,0.9,7.62671,3.0,0.9,0.007379,0
3.0,1.2,7.23725,3.0,1.2,0.007626,0
3.0,1.8,7.23789,3.0,1.8,0.008843,0
4.0,0.06,9.54674,4.0,0.06,0.007069,0
4.0,0.24,9.81325,4.0,0.24,0.007126,0
4.0,0.48,9.53939,4.0,0.48,0.007129,0
4.0,0.9,9.48521,4.0,0.9,0.007448,0
4.0,1.2,10.14,4.0,1.2,0.007481,0
4.0,1.8,9.62,4.0,1.8,0.008491,0
5.0,0.06,11.782,5.0,0.06,0.00676,0
5.0,0.24,11.8486,5.0,0.24,0.007125,0
5.0,0.48,11.862,5.0,0.48,0.007147,0
5.0,0.9,11.9195,5.0,0.9,0.007331,0
5.0,1.2,11.8311,5.0,1.2,0.00745,0
5.0,1.8,11.9335,5.0,1.8,0.008198,0
0.1,0.06,0.252465,0.1,0.06,0.0032,0
0.1,0.24,0.255194,0.1,0.24,0.002906,0
1.2,1.8,3.80498,1.2,1.8,3.35654,1
3.0,0.24,6.24069,3.0,0.24,8.44041,1
0.1,1.2,0.454809,0.1,1.2,0.009416,0
0.1,1.8,0.561462,0.1,1.8,0.014677,0
0.5,0.06,1.32693,0.5,0.06,0.004294,0
0.5,0.24,1.24463,0.5,0.24,0.00379,0
0.5,0.48,1.19745,0.5,0.48,0.003546,0
0.5,0.9,1.20971,0.5,0.9,0.004333,0
0.5,1.2,1.23982,0.5,1.2,0.005128,0
0.5,1.8,1.35127,0.5,1.8,0.007365,0
1.2,0.06,2.92641,1.2,0.06,0.003706,0
1.2,0.24,2.91473,1.2,0.24,0.003594,0
1.2,0.48,3.05652,1.2,0.48,0.004177,0
1.2,0.9,2.86769,1.2,0.9,0.003827,0
1.2,1.2,2.89211,1.2,1.2,0.004617,0
1.2,1.8,2.88115,1.2,1.8,0.005279,0
3.0,0.06,7.1081,3.0,0.06,0.003777,0
3.0,0.24,7.40622,3.0,0.24,0.004088,0
3.0,0.48,7.21974,3.0,0.48,0.0037,0
3.0,0.9,7.62671,3.0,0.9,0.004353,0
3.0,1.2,7.23725,3.0,1.2,0.004186,0
3.0,1.8,7.23789,3.0,1.8,0.00457,0
4.0,0.06,9.54674,4.0,0.06,0.003759,0
4.0,0.24,9.81325,4.0,0.24,0.00406,0
5.078174815864649,0.2896526881024537,9.351398210324065,3.7194554345095012,0.23529288275278978,-1.3689427768361924,1
10.409258747624,6.591763921312875,71.89970311961159,17.437267327545975,5.2371941320079225,39.686850460358215,1
4.0,1.2,10.14,4.0,1.2,0.00442,0
4.0,1.8,9.62,4.0,1.8,0.004411,0
5.0,0.06,11.782,5.0,0.06,0.003791,0
5.0,0.24,11.8486,5.0,0.24,0.003446,0
5.0,0.48,11.862,5.0,0.48,0.003738,0
5.0,0.9,11.9195,5.0,0.9,0.003855,0
5.0,1.2,11.8311,5.0,1.2,0.003584,0
5.0,1.8,11.9335,5.0,1.8,0.004239,0
0.1,0.06,0.00694,0.1,0.06,0.0032,0
0.1,0.24,0.007256,0.1,0.24,0.002906,0
0.1,0.48,0.008098,0.1,0.48,0.003957,0
0.1,0.9,0.011084,0.1,0.9,0.006894,0
0.1,1.2,0.011759,0.1,1.2,0.009416,0
0.1,1.8,0.021951,0.1,1.8,0.014677,0
0.5,0.06,0.006826,0.5,0.06,0.004294,0
0.5,0.24,0.007191,0.5,0.24,0.00379,0
0.5,0.48,0.007653,0.5,0.48,0.003546,0
0.5,0.9,0.008645,0.5,0.9,0.004333,0
0.5,1.2,0.009087,0.5,1.2,0.005128,0
0.5,1.8,0.013443,0.5,1.8,0.007365,0
1.343193371977695,-0.03429741457374412,0.4771325891174257,0.43511295994533183,-0.6871317645331194,0.09414155574121622,1
1.2,0.24,0.007039,1.2,0.24,0.003594,0
1.2,0.48,0.007099,1.2,0.48,0.004177,0
1.2,0.9,0.007825,1.2,0.9,0.003827,0
1.2,1.2,0.008288,1.2,1.2,0.004617,0
1.2,1.8,0.010947,1.2,1.8,0.005279,0
3.0,0.06,0.007015,3.0,0.06,0.003777,0
3.0,0.24,0.007535,3.0,0.24,0.004088,0
3.0,0.48,0.007084,3.0,0.48,0.0037,0
3.0,0.9,0.007379,3.0,0.9,0.004353,0
3.0,1.2,0.007626,3.0,1.2,0.004186,0
3.0,1.8,0.008843,3.0,1.8,0.00457,0
4.0,0.06,0.007069,4.0,0.06,0.003759,0
4.0,0.24,0.007126,4.0,0.24,0.00406,0
4.0,0.48,0.007129,4.0,0.48,0.003707,0
1.2,0.06,0.004045,1.2,0.06,0.001126,1
4.0,1.2,0.007481,4.0,1.2,0.00442,0
4.0,1.8,0.008491,4.0,1.8,0.004411,0
5.0,0.06,0.00676,5.0,0.06,0.003791,0
5.0,0.24,0.007125,5.0,0.24,0.003446,0
5.0,0.48,0.007147,5.0,0.48,0.003738,0
5.0,0.9,0.007331,5.0,0.9,0.003855,0
5.0,1.2,0.00745,5.0,1.2,0.003584,0
5.0,1.8,0.008198,5.0,1.8,0.004239,0
0.1,0.06,0.32125,0.1,0.06,0.442464,0
0.1,0.24,0.37037,0.1,0.24,0.440611,0
0.1,0.48,0.437669,0.1,0.48,0.480006,0
0.1,0.9,0.553414,0.1,0.9,0.62023,0
0.1,1.2,0.582025,0.1,1.2,0.75035,0
0.1,1.8,0.675075,0.1,1.8,1.05955,0
0.5,0.06,1.44275,0.5,0.06,2.10711,0
0.5,0.24,1.50267,0.5,0.24,2.13996,0
0.5,0.48,1.57347,0.5,0.48,2.11215,0
0.5,0.9,1.67677,0.5,0.9,2.10292,0
0.5,1.2,1.75143,0.5,1.2,2.11076,0
0.5,1.8,1.94312,0.5,1.8,2.18858,0
1.2,0.06,3.44961,1.2,0.06,4.94845,0
1.2,0.24,3.48723,1.2,0.24,4.99732,0
1.2,0.48,3.56659,1.2,0.48,5.06463,0
1.2,0.9,3.63269,1.2,0.9,4.95496,0
1.2,1.2,3.71312,1.2,1.2,4.9745,0
1.2,1.8,3.87773,1.2,1.8,4.97793,0
3.0,0.06,8.44487,3.0,0.06,12.4411,0
3.0,0.24,8.52152,3.0,0.24,12.367,0
3.0,0.48,8.64176,3.0,0.48,12.4183,0
3.0,0.9,8.63849,3.0,0.9,12.3346,0
3.0,1.2,8.73445,3.0,1.2,12.3936,0
3.0,1.8,8.93859,3.0,1.8,12.3929,0
4.0,0.06,11.3097,4.0,0.06,16.4999,0
4.0,0.24,11.3509,4.0,0.24,16.4692,0
4.0,0.48,11.3647,4.0,0.48,16.4346,0
0.1,1.8,0.011983,0.1,1.8,0.718181,1
4.0,1.2,11.6223,4.0,1.2,16.5115,0
4.0,1.8,11.7621,4.0,1.8,16.4838,0
5.0,0.06,14.0314,5.0,0.06,20.5302,0
5.0,0.24,14.0681,5.0,0.24,20.536,0
5.0,0.48,14.2531,5.0,0.48,20.5653,0
5.0,0.9,14.2745,5.0,0.9,20.5646,0
5.0,1.2,14.3638,5.0,1.2,20.5281,0
5.0,1.8,14.5369,5.0,1.8,20.5449,0
0.1,0.06,0.32125,0.1,0.06,0.19844,0
0.1,0.24,0.37037,0.1,0.24,0.239991,0
0.1,0.48,0.437669,0.1,0.48,0.29725,0
0.1,0.9,0.553414,0.1,0.9,0.351764,0
0.1,1.2,0.582025,0.1,1.2,0.374427,0
0.1,1.8,0.675075,0.1,1.8,0.415084,0
0.5,0.06,1.44275,0.5,0.06,0.893459,0
0.5,0.24,1.50267,0.5,0.24,0.93578,0
0.5,0.48,1.57347,0.5,0.48,0.987738,0
0.5,0.9,1.67677,0.5,0.9,1.08118,0
0.5,1.2,1.75143,0.5,1.2,1.15199,0
0.5,1.8,1.94312,0.5,1.8,1.29464,0
1.2,0.06,3.44961,1.2,0.06,2.11565,0
1.2,0.24,3.48723,1.2,0.24,2.14975,0
1.2,0.48,3.56659,1.2,0.48,2.19757,0
1.2,0.9,3.63269,1.2,0.9,2.29299,0
1.2,1.2,3.71312,1.2,1.2,2.37422,0
1.2,1.8,3.87773,1.2,1.8,2.50098,0
3.0,0.06,8.44487,3.0,0.06,5.23284,0
3.0,0.24,8.52152,3.0,0.24,5.27164,0
3.0,0.48,8.64176,3.0,0.48,5.30345,0
3.0,0.9,8.63849,3.0,0.9,5.40395,0
3.0,1.2,8.73445,3.0,1.2,5.51712,0
3.0,1.8,8.93859,3.0,1.8,5.60343,0
4.0,0.06,11.3097,4.0,0.06,6.94188,0
4.0,0.24,11.3509,4.0,0.24,7.00073,0
4.0,0.48,11.3647,4.0,0.48,7.0778,0
4.0,0.9,11.5188,4.0,0.9,7.17584,0
4.0,1.2,11.6223,4.0,1.2,7.19103,0
4.0,1.8,11.7621,4.0,1.8,7.35637,0
5.0,0.06,14.0314,5.0,0.06,8.64675,0
5.0,0.24,14.0681,5.0,0.24,8.7591,0
5.0,0.48,14.2531,5.0,0.48,8.82098,0
5.0,0.9,14.2745,5.0,0.9,8.87926,0
5.0,1.2,14.3638,5.0,1.2,8.96978,0
5.0,1.8,14.5369,5.0,1.8,9.10936,0
0.1,0.06,0.32125,0.1,0.06,0.254577,0
0.1,0.24,0.37037,0.1,0.24,0.25312,0
0.1,0.48,0.437669,0.1,0.48,0.306199,0
0.1,0.9,0.553414,0.1,0.9,0.380422,0
0.1,1.2,0.582025,0.1,1.2,0.453062,0
0.1,1.8,0.675075,0.1,1.8,0.557681,0
0.5,0.06,1.44275,0.5,0.06,1.23727,0
0.5,0.24,1.50267,0.5,0.24,1.21477,0
0.5,0.48,1.57347,0.5,0.48,1.20718,0
0.5,0.9,1.67677,0.5,0.9,1.22069,0
0.5,1.2,1.75143,0.5,1.2,1.22415,0
0.5,1.8,1.94312,0.5,1.8,1.35007,0
1.2,0.06,3.44961,1.2,0.06,2.92905,0
1.2,0.24,3.48723,1.2,0.24,2.92998,0
1.2,0.48,3.56659,1.2,0.48,2.90325,0
1.2,0.9,3.63269,1.2,0.9,2.90673,0
1.2,1.2,3.71312,1.2,1.2,2.88271,0
1.2,1.8,3.87773,1.2,1.8,2.87983,0
3.0,0.06,8.44487,3.0,0.06,7.23052,0
3.0,0.24,8.52152,3.0,0.24,7.19786,0
3.0,0.48,8.64176,3.0,0.48,7.25778,0
3.0,0.9,8.63849,3.0,0.9,7.25448,0
3.0,1.2,8.73445,3.0,1.2,7.19276,0
3.0,1.8,8.93859,3.0,1.8,7.17715,0
4.0,0.06,11.3097,4.0,0.06,9.55885,0
4.0,0.24,11.3509,4.0,0.24,9.64303,0
4.0,0.48,11.3647,4.0,0.48,9.65513,0
4.0,0.9,11.5188,4.0,0.9,9.67104,0
4.0,1.2,11.6223,4.0,1.2,9.73934,0
4.0,1.8,11.7621,4.0,1.8,9.74493,0
5.0,0.06,14.0314,5.0,0.06,11.9782,0
5.0,0.24,14.0681,5.0,0.24,12.0632,0
5.0,0.48,14.2531,5.0,0.48,12.0295,0
5.0,0.9,14.2745,5.0,0.9,12.0496,0
5.0,1.2,14.3638,5.0,1.2,11.9979,0
5.0,1.8,14.5369,5.0,1.8,12.0309,0
0.1,0.06,0.32125,0.1,0.06,0.007113,0
0.1,0.24,0.37037,0.1,0.24,0.007894,0
0.1,0.48,0.437669,0.1,0.48,0.007967,0
0.1,0.9,0.553414,0.1,0.9,0.010438,0
0.1,1.2,0.582025,0.1,1.2,0.010813,0
0.1,1.8,0.675075,0.1,1.8,0.021351,0
0.5,0.06,1.44275,0.5,0.06,0.007164,0
0.5,0.24,1.50267,0.5,0.24,0.007483,0
0.5,0.48,1.57347,0.5,0.48,0.007972,0
0.5,0.9,1.67677,0.5,0.9,0.008886,0
0.5,1.2,1.75143,0.5,1.2,0.009706,0
1.216816804408939,0.8701684797251008,1.6007139451305519,0.4528654646175497,2.006177984542974,0.8061202638706892,1
1.2,0.06,3.44961,1.2,0.06,0.007227,0
1.2,0.24,3.48723,1.2,0.24,0.007321,0
1.2,0.48,3.56659,1.2,0.48,0.007536,0
1.2,0.9,3.63269,1.2,0.9,0.008065,0
1.2,1.2,3.71312,1.2,1.2,0.008768,0
1.2,1.8,3.87773,1.2,1.8,0.014777,0
3.0,0.06,8.44487,3.0,0.06,0.007007,0
3.0,0.24,8.52152,3.0,0.24,0.007085,0
3.0,0.48,8.64176,3.0,0.48,0.007179,0
3.0,0.9,8.63849,3.0,0.9,0.007328,0
16.062437828744436,5.909765098437874,39.13122423717669,9.866181817783456,5.867304283965037,69.98056089195867,1
3.0,1.8,8.93859,3.0,1.8,0.010448,0
4.0,0.06,11.3097,4.0,0.06,0.006855,0
4.112634861007523,0.5433810751032037,12.056246160210447,3.8451445940967135,-0.04724335270813784,0.4427922927994067,1
4.0,0.48,11.3647,4.0,0.48,0.007109,0
4.0,0.9,11.5188,4.0,0.9,0.007229,0
4.0,1.2,11.6223,4.0,1.2,0.007588,0
4.0,1.8,11.7621,4.0,1.8,0.009505,0
5.0,0.06,14.0314,5.0,0.06,0.006715,0
5.0,0.24,14.0681,5.0,0.24,0.006902,0
5.0,0.48,14.2531,5.0,0.48,0.006974,0
5.0,0.9,14.2745,5.0,0.9,0.007144,0
5.0,1.2,14.3638,5.0,1.2,0.007382,0
5.0,1.8,14.5369,5.0,1.8,0.009027,0
0.1,0.06,0.32125,0.1,0.06,0.00194,0
0.1,0.24,0.37037,0.1,0.24,0.002056,0
3.0,0.06,9.38351,3.0,0.06,0.017308,1
0.1,0.9,0.553414,0.1,0.9,0.005739,0
0.1,1.2,0.582025,0.1,1.2,0.008399,0
0.1,1.8,0.675075,0.1,1.8,0.01388,0
0.5,0.06,1.44275,0.5,0.06,0.002105,0
0.5,0.24,1.50267,0.5,0.24,0.002141,0
0.5,0.48,1.57347,0.5,0.48,0.002288,0
0.5,0.9,1.67677,0.5,0.9,0.003293,0
0.5,1.2,1.75143,0.5,1.2,0.004215,0
0.5,1.8,1.94312,0.5,1.8,0.006147,0
1.2,0.06,3.44961,1.2,0.06,0.002113,0
1.2,0.24,3.48723,1.2,0.24,0.002093,0
1.2,0.48,3.56659,1.2,0.48,0.002234,0
1.2,0.9,3.63269,1.2,0.9,0.002489,0
1.2,1.2,3.71312,1.2,1.2,0.003307,0
1.2,1.8,3.87773,1.2,1.8,0.004158,0
3.0,0.06,8.44487,3.0,0.06,0.002142,0
3.0,0.24,8.52152,3.0,0.24,0.002125,0
3.0,0.48,8.64176,3.0,0.48,0.002096,0
3.0,0.9,8.63849,3.0,0.9,0.002358,0
3.0,1.2,8.73445,3.0,1.2,0.00248,0
3.0,1.8,8.93859,3.0,1.8,0.003042,0
4.0,0.06,11.3097,4.0,0.06,0.002133,0
4.0,0.24,11.3509,4.0,0.24,0.002182,0
4.0,0.48,11.3647,4.0,0.48,0.002076,0
4.0,0.9,11.5188,4.0,0.9,0.002329,0
4.0,1.2,11.6223,4.0,1.2,0.002455,0
4.0,1.8,11.7621,4.0,1.8,0.002852,0
5.0,0.06,14.0314,5.0,0.06,0.002152,0
5.0,0.24,14.0681,5.0,0.24,0.002211,0
5.0,0.48,14.2531,5.0,0.48,0.002206,0
5.0,0.9,14.2745,5.0,0.9,0.002302,0
5.0,1.2,14.3638,5.0,1.2,0.002445,0
5.0,1.8,14.5369,5.0,1.8,0.002737,0
0.1,0.06,0.442464,0.1,0.06,0.19844,0
0.1,0.24,0.440611,0.1,0.24,0.239991,0
0.1,0.48,0.480006,0.1,0.48,0.29725,0
0.1,0.9,0.62023,0.1,0.9,0.351764,0
0.1,1.2,0.75035,0.1,1.2,0.374427,0
0.1,1.8,1.05955,0.1,1.8,0.415084,0
0.5,0.06,2.10711,0.5,0.06,0.893459,0
0.5,0.24,2.13996,0.5,0.24,0.93578,0
0.5,0.48,2.11215,0.5,0.48,0.987738,0
0.5,0.9,2.10292,0.5,0.9,1.08118,0
0.5,1.2,2.11076,0.5,1.2,1.15199,0
0.5,1.8,2.18858,0.5,1.8,1.29464,0
1.2,0.06,4.94845,1.2,0.06,2.11565,0
1.2,0.24,4.99732,1.2,0.24,2.14975,0
1.2,0.48,5.06463,1.2,0.48,2.19757,0
1.2,0.9,4.95496,1.2,0.9,2.29299,0
1.2,1.2,4.9745,1.2,1.2,2.37422,0
1.2,1.8,4.97793,1.2,1.8,2.50098,0
3.0,0.06,12.4411,3.0,0.06,5.23284,0
3.0,0.24,12.367,3.0,0.24,5.27164,0
3.0,0.48,12.4183,3.0,0.48,5.30345,0
3.0,0.9,12.3346,3.0,0.9,5.40395,0
3.0,1.2,12.3936,3.0,1.2,5.51712,0
3.0,1.8,12.3929,3.0,1.8,5.60343,0
4.0,0.06,16.4999,4.0,0.06,6.94188,0
4.0,0.24,16.4692,4.0,0.24,7.00073,0
4.0,0.48,16.4346,4.0,0.48,7.0778,0
4.0,0.9,16.4976,4.0,0.9,7.17584,0
4.0,1.2,16.5115,4.0,1.2,7.19103,0
4.0,1.8,16.4838,4.0,1.8,7.35637,0
5.0,0.06,20.5302,5.0,0.06,8.64675,0
5.0,0.24,20.536,5.0,0.24,8.7591,0
5.0,0.48,20.5653,5.0,0.48,8.82098,0
5.0,0.9,20.5646,5.0,0.9,8.87926,0
5.0,1.2,20.5281,5.0,1.2,8.96978,0
5.0,1.8,20.5449,5.0,1.8,9.10936,0
0.1,0.06,0.442464,0.1,0.06,0.254577,0
0.1,0.24,0.440611,0.1,0.24,0.25312,0
0.1,0.48,0.480006,0.1,0.48,0.306199,0
0.1,0.9,0.62023,0.1,0.9,0.380422,0
0.1,1.2,0.75035,0.1,1.2,0.453062,0
0.1,1.8,1.05955,0.1,1.8,0.557681,0
0.5,0.06,2.10711,0.5,0.06,1.23727,0
0.5,0.24,2.13996,0.5,0.24,1.21477,0
0.5,0.48,2.11215,0.5,0.48,1.20718,0
0.5,0.9,2.10292,0.5,0.9,1.22069,0
0.5,1.2,2.11076,0.5,1.2,1.22415,0
0.5,1.8,2.18858,0.5,1.8,1.35007,0
1.2,0.06,4.94845,1.2,0.06,2.92905,0
1.2,0.24,4.99732,1.2,0.24,2.92998,0
1.2,0.48,5.06463,1.2,0.48,2.90325,0
1.2,0.9,4.95496,1.2,0.9,2.90673,0
1.2,1.2,4.9745,1.2,1.2,2.88271,0
1.2,1.8,4.97793,1.2,1.8,2.87983,0
3.0,0.06,12.4411,3.0,0.06,7.23052,0
3.0,0.24,12.367,3.0,0.24,7.19786,0
3.0,0.48,12.4183,3.0,0.48,7.25778,0
3.0,0.9,12.3346,3.0,0.9,7.25448,0
3.0,1.2,12.3936,3.0,1.2,7.19276,0
3.0,1.8,12.3929,3.0,1.8,7.17715,0
4.0,0.06,16.4999,4.0,0.06,9.55885,0
4.0,0.24,16.4692,4.0,0.24,9.64303,0
4.0,0.48,16.4346,4.0,0.48,9.65513,0
4.0,0.9,16.4976,4.0,0.9,9.67104,0
4.0,1.2,16.5115,4.0,1.2,9.73934,0
4.0,1.8,16.4838,4.0,1.8,9.74493,0
4.370467544275903,-0.44265756299861775,20.168615780585306,5.183303123506903,-0.33785883176030573,12.85144531579731,1
5.0,0.24,20.536,5.0,0.24,12.0632,0
4.401021018829669,0.26671437358471317,20.370598219237312,5.677902669715751,0.4625292497706836,11.575836720313868,1
5.0,0.9,20.5646,5.0,0.9,12.0496,0
5.0,1.2,20.5281,5.0,1.2,11.9979,0
5.0,1.8,20.5449,5.0,1.8,12.0309,0
0.1,0.06,0.442464,0.1,0.06,0.007113,0
0.1,0.24,0.440611,0.1,0.24,0.007894,0
0.1,0.48,0.480006,0.1,0.48,0.007967,0
0.1,0.9,0.62023,0.1,0.9,0.010438,0
0.1,1.2,0.75035,0.1,1.2,0.010813,0
0.1,1.8,1.05955,0.1,1.8,0.021351,0
0.5,0.06,2.10711,0.5,0.06,0.007164,0
0.5,0.24,2.13996,0.5,0.24,0.007483,0
0.5,0.48,2.11215,0.5,0.48,0.007972,0
0.5,0.9,2.10292,0.5,0.9,0.008886,0
0.5,1.2,2.11076,0.5,1.2,0.009706,0
0.5,1.8,2.18858,0.5,1.8,0.018034,0
1.2,0.06,4.94845,1.2,0.06,0.007227,0
1.2,0.24,4.99732,1.2,0.24,0.007321,0
0.5,1.2,1.22262,0.5,1.2,0.039469,1
1.2,0.9,4.95496,1.2,0.9,0.008065,0
1.2,1.2,4.9745,1.2,1.2,0.008768,0
1.2,1.8,4.97793,1.2,1.8,0.014777,0
3.0,0.06,12.4411,3.0,0.06,0.007007,0
3.0,0.24,12.367,3.0,0.24,0.007085,0
3.0,0.48,12.4183,3.0,0.48,0.007179,0
3.0,0.9,12.3346,3.0,0.9,0.007328,0
3.0,1.2,12.3936,3.0,1.2,0.007887,0
3.0,1.8,12.3929,3.0,1.8,0.010448,0
4.0,0.06,16.4999,4.0,0.06,0.006855,0
4.0,0.24,16.4692,4.0,0.24,0.006941,0
4.0,0.48,16.4346,4.0,0.48,0.007109,0
4.0,0.9,16.4976,4.0,0.9,0.007229,0
4.0,1.2,16.5115,4.0,1.2,0.007588,0
4.0,1.8,16.4838,4.0,1.8,0.009505,0
5.0,0.06,20.5302,5.0,0.06,0.006715,0
5.0,0.24,20.536,5.0,0.24,0.006902,0
5.0,0.48,20.5653,5.0,0.48,0.006974,0
5.0,0.9,20.5646,5.0,0.9,0.007144,0
5.0,1.2,20.5281,5.0,1.2,0.007382,0
5.0,1.8,20.5449,5.0,1.8,0.009027,0
0.1,0.06,0.442464,0.1,0.06,0.00194,0
0.1,0.24,0.440611,0.1,0.24,0.002056,0
0.1,0.48,0.480006,0.1,0.48,0.00292,0
0.1,0.9,0.62023,0.1,0.9,0.005739,0
0.1,1.2,0.75035,0.1,1.2,0.008399,0
-0.784078455876616,1.6496628197781587,1.2912007551171154,-0.06652381048776121,1.662052139279913,-0.5983211035236359,1
0.5,0.06,2.10711,0.5,0.06,0.002105,0
0.5,0.24,2.13996,0.5,0.24,0.002141,0
0.5,0.48,2.11215,0.5,0.48,0.002288,0
0.5,0.9,2.10292,0.5,0.9,0.003293,0
0.5,1.2,2.11076,0.5,1.2,0.004215,0
0.5,1.8,2.18858,0.5,1.8,0.006147,0
1.2,0.06,4.94845,1.2,0.06,0.002113,0
1.2,0.24,4.99732,1.2,0.24,0.002093,0
1.2,0.48,5.06463,1.2,0.48,0.002234,0
1.2,0.9,4.95496,1.2,0.9,0.002489,0
1.2,1.2,4.9745,1.2,1.2,0.003307,0
1.2,1.8,4.97793,1.2,1.8,0.004158,0
3.0,0.06,12.4411,3.0,0.06,0.002142,0
3.0,0.24,12.367,3.0,0.24,0.002125,0
3.0,0.48,12.4183,3.0,0.48,0.002096,0
3.0,0.9,12.3346,3.0,0.9,0.002358,0
3.0,1.2,12.3936,3.0,1.2,0.00248,0
3.0,1.8,12.3929,3.0,1.8,0.003042,0
4.0,0.06,16.4999,4.0,0.06,0.002133,0
4.0,0.24,16.4692,4.0,0.24,0.002182,0
4.0,0.48,16.4346,4.0,0.48,0.002076,0
4.0,0.9,16.4976,4.0,0.9,0.002329,0
4.0,1.2,16.5115,4.0,1.2,0.002455,0
4.0,1.8,16.4838,4.0,1.8,0.002852,0
5.0,0.06,20.5302,5.0,0.06,0.002152,0
5.0,0.24,20.536,5.0,0.24,0.002211,0
5.0,0.48,20.5653,5.0,0.48,0.002206,0
5.0,0.9,20.5646,5.0,0.9,0.002302,0
5.28561210511812,1.8953217979749786,20.76310683062333,5.051690998106047,0.7067797504503767,0.2608576329122254,1
5.0,1.8,20.5449,5.0,1.8,0.002737,0
0.1,0.06,0.19844,0.1,0.06,0.254577,0
0.1,0.24,0.239991,0.1,0.24,0.25312,0
0.1,0.48,0.29725,0.1,0.48,0.306199,0
0.1,0.9,0.351764,0.1,0.9,0.380422,0
0.1,1.2,0.374427,0.1,1.2,0.453062,0
0.1,1.8,0.415084,0.1,1.8,0.557681,0
0.5,0.06,0.893459,0.5,0.06,1.23727,0
0.5,0.24,0.93578,0.5,0.24,1.21477,0
0.5,0.48,0.987738,0.5,0.48,1.20718,0
0.5,0.9,1.08118,0.5,0.9,1.22069,0
0.5,1.2,1.15199,0.5,1.2,1.22415,0
0.5,1.8,1.29464,0.5,1.8,1.35007,0
1.2,0.06,2.11565,1.2,0.06,2.92905,0
1.2,0.24,2.14975,1.2,0.24,2.92998,0
1.2,0.48,2.19757,1.2,0.48,2.90325,0
1.2,0.9,2.29299,1.2,0.9,2.90673,0
1.2,1.2,2.37422,1.2,1.2,2.88271,0
1.2,1.8,2.50098,1.2,1.8,2.87983,0
3.0,0.06,5.23284,3.0,0.06,7.23052,0
3.0,0.24,5.27164,3.0,0.24,7.19786,0
3.0,0.48,5.30345,3.0,0.48,7.25778,0
3.0,0.9,5.40395,3.0,0.9,7.25448,0
3.0,1.2,5.51712,3.0,1.2,7.19276,0
3.0,1.8,5.60343,3.0,1.8,7.17715,0
4.0,0.06,6.94188,4.0,0.06,9.55885,0
4.0,0.24,7.00073,4.0,0.24,9.64303,0
4.0,0.48,7.0778,4.0,0.48,9.65513,0
4.0,0.9,7.17584,4.0,0.9,9.67104,0
4.0,1.2,7.19103,4.0,1.2,9.73934,0
4.0,1.8,7.35637,4.0,1.8,9.74493,0
5.0,0.06,8.64675,5.0,0.06,11.9782,0
5.0,0.24,8.7591,5.0,0.24,12.0632,0
5.0,0.48,8.82098,5.0,0.48,12.0295,0
5.0,0.9,8.87926,5.0,0.9,12.0496,0
5.0,1.2,8.96978,5.0,1.2,11.9979,0
5.0,1.8,9.10936,5.0,1.8,12.0309,0
0.1,0.06,0.19844,0.1,0.06,0.007113,0
0.1,0.24,0.239991,0.1,0.24,0.007894,0
0.1,0.48,0.29725,0.1,0.48,0.007967,0
0.1,0.9,0.351764,0.1,0.9,0.010438,0
0.1,1.2,0.374427,0.1,1.2,0.010813,0
0.1,1.8,0.415084,0.1,1.8,0.021351,0
0.5,0.06,0.893459,0.5,0.06,0.007164,0
0.5,0.24,0.93578,0.5,0.24,0.007483,0
0.5,0.48,0.987738,0.5,0.48,0.007972,0
0.5,0.9,1.08118,0.5,0.9,0.008886,0
0.5,1.2,1.15199,0.5,1.2,0.009706,0
0.5,1.8,1.29464,0.5,1.8,0.018034,0
1.2,0.06,2.11565,1.2,0.06,0.007227,0
1.2,0.24,2.14975,1.2,0.24,0.007321,0
1.2,0.48,2.19757,1.2,0.48,0.007536,0
1.2,0.9,2.29299,1.2,0.9,0.008065,0
1.2,1.2,2.37422,1.2,1.2,0.008768,0
1.2,1.8,2.50098,1.2,1.8,0.014777,0
3.0,0.06,5.23284,3.0,0.06,0.007007,0
3.0,0.24,5.27164,3.0,0.24,0.007085,0
3.0,0.48,5.30345,3.0,0.48,0.007179,0
3.0,0.9,5.40395,3.0,0.9,0.007328,0
3.0,1.2,5.51712,3.0,1.2,0.007887,0
3.0,1.8,5.60343,3.0,1.8,0.010448,0
4.0,0.06,6.94188,4.0,0.06,0.006855,0
4.0,0.24,7.00073,4.0,0.24,0.006941,0
4.0,0.48,7.0778,4.0,0.48,0.007109,0
4.0,0.9,7.17584,4.0,0.9,0.007229,0
4.0,1.2,7.19103,4.0,1.2,0.007588,0
4.0,1.8,7.35637,4.0,1.8,0.009505,0
11.309983555803669,7.426604451602419,70.79937555628834,8.940697317763288,6.209230662087493,36.95739708284179,1
5.0,0.24,8.7591,5.0,0.24,0.006902,0
5.0,0.48,8.82098,5.0,0.48,0.006974,0
5.0,0.9,8.87926,5.0,0.9,0.007144,0
5.0,1.2,8.96978,5.0,1.2,0.007382,0
5.0,1.8,9.10936,5.0,1.8,0.009027,0
0.1,0.06,0.19844,0.1,0.06,0.00194,0
0.1,0.24,0.239991,0.1,0.24,0.002056,0
0.1,0.48,0.29725,0.1,0.48,0.00292,0
0.1,0.9,0.351764,0.1,0.9,0.005739,0
0.1,1.2,0.374427,0.1,1.2,0.008399,0
0.1,1.8,0.415084,0.1,1.8,0.01388,0
0.5,0.06,0.893459,0.5,0.06,0.002105,0
0.5,0.24,0.93578,0.5,0.24,0.002141,0
0.5,0.48,0.987738,0.5,0.48,0.002288,0
0.5,0.9,1.08118,0.5,0.9,0.003293,0
0.5,1.2,1.15199,0.5,1.2,0.004215,0
0.5,1.8,1.29464,0.5,1.8,0.006147,0
1.2,0.06,2.11565,1.2,0.06,0.002113,0
1.2,0.24,2.14975,1.2,0.24,0.002093,0
1.2,0.48,2.19757,1.2,0.48,0.002234,0
1.2,0.9,2.29299,1.2,0.9,0.002489,0
1.2,1.2,2.37422,1.2,1.2,0.003307,0
1.2,1.8,2.50098,1.2,1.8,0.004158,0
3.0,0.06,5.23284,3.0,0.06,0.002142,0
3.0,0.24,5.27164,3.0,0.24,0.002125,0
3.0,0.48,5.30345,3.0,0.48,0.002096,0
3.0,0.9,5.40395,3.0,0.9,0.002358,0
3.0,1.2,5.51712,3.0,1.2,0.00248,0
3.0,1.8,5.60343,3.0,1.8,0.003042,0
4.0,0.06,6.94188,4.0,0.06,0.002133,0
4.0,0.24,7.00073,4.0,0.24,0.002182,0
4.0,0.48,7.0778,4.0,0.48,0.002076,0
4.0,0.9,7.17584,4.0,0.9,0.002329,0
4.0,1.2,7.19103,4.0,1.2,0.002455,0
4.0,1.8,7.35637,4.0,1.8,0.002852,0
5.0,0.06,8.64675,5.0,0.06,0.002152,0
5.0,0.24,8.7591,5.0,0.24,0.002211,0
5.0,0.48,8.82098,5.0,0.48,0.002206,0
5.0,0.9,8.87926,5.0,0.9,0.002302,0
5.0,1.2,8.96978,5.0,1.2,0.002445,0
5.0,1.8,9.10936,5.0,1.8,0.002737,0
0.1,0.06,0.254577,0.1,0.06,0.007113,0
0.1,0.24,0.25312,0.1,0.24,0.007894,0
0.1,0.48,0.306199,0.1,0.48,0.007967,0
0.1,0.9,0.380422,0.1,0.9,0.010438,0
0.1,1.2,0.453062,0.1,1.2,0.010813,0
0.1,1.8,0.557681,0.1,1.8,0.021351,0
0.5,0.06,1.23727,0.5,0.06,0.007164,0
0.5,0.24,1.21477,0.5,0.24,0.007483,0
0.5,0.48,1.20718,0.5,0.48,0.007972,0
0.5,0.9,1.22069,0.5,0.9,0.008886,0
0.5,1.2,1.22415,0.5,1.2,0.009706,0
0.5,1.8,1.35007,0.5,1.8,0.018034,0
1.2,0.06,2.92905,1.2,0.06,0.007227,0
1.2,0.24,2.92998,1.2,0.24,0.007321,0
1.2,0.48,2.90325,1.2,0.48,0.007536,0
1.2,0.9,2.90673,1.2,0.9,0.008065,0
1.2,1.2,2.88271,1.2,1.2,0.008768,0
1.2,1.8,2.87983,1.2,1.8,0.014777,0
3.0,0.06,7.23052,3.0,0.06,0.007007,0
3.0,0.24,7.19786,3.0,0.24,0.007085,0
3.0,0.48,7.25778,3.0,0.48,0.007179,0
1.2,0.06,0.004795,1.2,0.06,0.007092,1
3.0,1.8,14.1879,3.0,1.8,7.128,1
3.0,1.8,7.17715,3.0,1.8,0.010448,0
4.0,0.06,9.55885,4.0,0.06,0.006855,0
4.0,0.24,9.64303,4.0,0.24,0.006941,0
4.0,0.48,9.65513,4.0,0.48,0.007109,0
4.0,0.9,9.67104,4.0,0.9,0.007229,0
4.0,1.2,9.73934,4.0,1.2,0.007588,0
4.0,1.8,9.74493,4.0,1.8,0.009505,0
5.0,0.06,11.9782,5.0,0.06,0.006715,0
5.0,0.24,12.0632,5.0,0.24,0.006902,0
5.0,0.48,12.0295,5.0,0.48,0.006974,0
5.0,0.9,12.0496,5.0,0.9,0.007144,0
5.0,1.2,11.9979,5.0,1.2,0.007382,0
1.2,1.2,0.986457,1.2,1.2,0.122749,1
0.1,0.06,0.254577,0.1,0.06,0.00194,0
0.1,0.24,0.25312,0.1,0.24,0.002056,0
0.1,0.48,0.306199,0.1,0.48,0.00292,0
0.1,0.9,0.380422,0.1,0.9,0.005739,0
0.1,1.2,0.453062,0.1,1.2,0.008399,0
0.1,1.8,0.557681,0.1,1.8,0.01388,0
0.5,0.06,1.23727,0.5,0.06,0.002105,0
0.5,0.24,1.21477,0.5,0.24,0.002141,0
0.5,0.48,1.20718,0.5,0.48,0.002288,0
0.5,0.9,1.22069,0.5,0.9,0.003293,0
0.5,1.2,1.22415,0.5,1.2,0.004215,0
0.5,1.8,1.35007,0.5,1.8,0.006147,0
1.2,0.06,2.92905,1.2,0.06,0.002113,0
1.2,0.24,2.92998,1.2,0.24,0.002093,0
1.2,0.48,2.90325,1.2,0.48,0.002234,0
1.2,0.9,2.90673,1.2,0.9,0.002489,0
1.2,1.2,2.88271,1.2,1.2,0.003307,0
1.2,1.8,2.87983,1.2,1.8,0.004158,0
3.0,0.06,7.23052,3.0,0.06,0.002142,0
3.0,0.24,7.19786,3.0,0.24,0.002125,0
3.0,0.48,7.25778,3.0,0.48,0.002096,0
3.0,0.9,7.25448,3.0,0.9,0.002358,0
13.30275736873189,5.7746044176218225,62.93480951635945,12.808266839278168,5.677018563864659,46.65331467604267,1
3.0,1.8,7.17715,3.0,1.8,0.003042,0
4.0,0.06,9.55885,4.0,0.06,0.002133,0
4.0,0.24,9.64303,4.0,0.24,0.002182,0
4.0,0.48,9.65513,4.0,0.48,0.002076,0
4.0,0.9,9.67104,4.0,0.9,0.002329,0
4.0,1.2,9.73934,4.0,1.2,0.002455,0
4.0,1.8,9.74493,4.0,1.8,0.002852,0
5.0,0.06,11.9782,5.0,0.06,0.002152,0
5.0,0.24,12.0632,5.0,0.24,0.002211,0
5.0,0.48,12.0295,5.0,0.48,0.002206,0
5.0,0.9,12.0496,5.0,0.9,0.002302,0
5.0,1.2,11.9979,5.0,1.2,0.002445,0
5.0,1.8,12.0309,5.0,1.8,0.002737,0
0.1,0.06,0.007113,0.1,0.06,0.00194,0
0.1,0.24,0.007894,0.1,0.24,0.002056,0
11.119725309765716,7.743547314143092,42.143380946892165,13.474554558507453,7.603249583227457,51.67269225467443,1
0.1,0.9,0.010438,0.1,0.9,0.005739,0
0.1,1.2,0.010813,0.1,1.2,0.008399,0
0.1,1.8,0.021351,0.1,1.8,0.01388,0
0.5,0.06,0.007164,0.5,0.06,0.002105,0
0.5,0.24,0.007483,0.5,0.24,0.002141,0
0.5,0.48,0.007972,0.5,0.48,0.002288,0
0.603771147444371,0.22660716894228272,0.9328194978510514,1.0952648218588383,0.7996573908123351,-0.19905492843166317,1
0.5,1.2,0.009706,0.5,1.2,0.004215,0
0.5,1.8,0.018034,0.5,1.8,0.006147,0
1.2,0.06,0.007227,1.2,0.06,0.002113,0
1.2,0.24,0.007321,1.2,0.24,0.002093,0
1.2,0.48,0.007536,1.2,0.48,0.002234,0
1.2,0.9,0.008065,1.2,0.9,0.002489,0
1.2,1.2,0.008768,1.2,1.2,0.003307,0
1.2,1.8,0.014777,1.2,1.8,0.004158,0
3.0,0.06,0.007007,3.0,0.06,0.002142,0
3.0,0.24,0.007085,3.0,0.24,0.002125,0
3.0,0.48,0.007179,3.0,0.48,0.002096,0
3.0,0.9,0.007328,3.0,0.9,0.002358,0
3.0,1.2,0.007887,3.0,1.2,0.00248,0
3.0,1.8,0.010448,3.0,1.8,0.003042,0
4.0,0.06,0.006855,4.0,0.06,0.002133,0
4.0,0.24,0.006941,4.0,0.24,0.002182,0
4.0,0.48,0.007109,4.0,0.48,0.002076,0
4.060317380446727,1.4220125647211899,0.2991475407695295,3.782375901497416,0.19551962660398037,0.13983014914590539,1
4.0,1.2,0.007588,4.0,1.2,0.002455,0
4.0,1.8,0.009505,4.0,1.8,0.002852,0
5.0,0.06,0.006715,5.0,0.06,0.002152,0
5.0,0.24,0.006902,5.0,0.24,0.002211,0
5.0,0.48,0.006974,5.0,0.48,0.002206,0
5.0,0.9,0.007144,5.0,0.9,0.002302,0
5.0,1.2,0.007382,5.0,1.2,0.002445,0
5.0,1.8,0.009027,5.0,1.8,0.002737,0
0.1,0.06,0.121822,0.1,0.06,0.124059,0
0.1,0.24,0.126698,0.1,0.24,0.122063,0
0.1,0.48,0.081826,0.1,0.48,0.226168,0
0.1,0.9,0.109424,0.1,0.9,0.122673,0
0.1,1.2,0.085097,0.1,1.2,0.125681,0
0.1,1.8,-0.100628,0.1,1.8,0.64946,0
0.5,0.06,0.431341,0.5,0.06,0.595918,0
0.5,0.24,0.432402,0.5,0.24,0.597517,0
0.5,0.48,0.380224,0.5,0.48,0.588944,0
0.5,0.9,0.415405,0.5,0.9,0.581847,0
0.5,1.2,0.217843,0.5,1.2,0.645824,0
0.5,1.8,0.147817,0.5,1.8,0.819694,0
1.2,0.06,0.969153,1.2,0.06,1.41044,0
1.2,0.24,0.986161,1.2,0.24,1.46956,0
1.2,0.48,0.911705,1.2,0.48,1.3947,0
1.2,0.9,0.951121,1.2,0.9,1.39919,0
1.2,1.2,0.738174,1.2,1.2,1.39329,0
1.2,1.8,0.662897,1.2,1.8,1.48738,0
3.0,0.06,2.35404,3.0,0.06,3.5316,0
3.0,0.24,2.35439,3.0,0.24,3.634,0
3.0,0.48,2.28621,3.0,0.48,3.4888,0
3.0,0.9,2.3496,3.0,0.9,3.53801,0
3.0,1.2,2.11354,3.0,1.2,3.47722,0
3.0,1.8,2.01058,3.0,1.8,3.46903,0
4.0,0.06,3.12674,4.0,0.06,4.65146,0
4.0,0.24,3.17626,4.0,0.24,4.71466,0
4.0,0.48,3.07586,4.0,0.48,4.62275,0
4.0,0.9,3.13791,4.0,0.9,4.72839,0
4.0,1.2,2.88871,4.0,1.2,4.62608,0
4.0,1.8,2.77885,4.0,1.8,4.6342,0
5.0,0.06,3.92389,5.0,0.06,5.86618,0
5.0,0.24,3.902,5.0,0.24,5.85268,0
5.0,0.48,3.82713,5.0,0.48,5.77018,0
5.0,0.9,3.90736,5.0,0.9,5.84518,0
5.0,1.2,3.64789,5.0,1.2,5.79029,0
5.0,1.8,3.55353,5.0,1.8,5.80213,0
0.1,0.06,0.121822,0.1,0.06,0.104436,0
0.1,0.24,0.126698,0.1,0.24,0.129807,0
0.1,0.48,0.081826,0.1,0.48,0.108386,0
0.1,0.9,0.109424,0.1,0.9,0.189595,0
0.1,1.2,0.085097,0.1,1.2,0.199688,0
0.1,1.8,-0.100628,0.1,1.8,0.253129,0
0.5,0.06,0.431341,0.5,0.06,0.306048,0
0.5,0.24,0.432402,0.5,0.24,0.330444,0
0.5,0.48,0.380224,0.5,0.48,0.306792,0
0.5,0.9,0.415405,0.5,0.9,0.268495,0
0.5,1.2,0.217843,0.5,1.2,0.400086,0
0.5,1.8,0.147817,0.5,1.8,0.396031,0
1.2,0.06,0.969153,1.2,0.06,0.655152,0
1.2,0.24,0.986161,1.2,0.24,0.688407,0
1.2,0.48,0.911705,1.2,0.48,0.652365,0
1.2,0.9,0.951121,1.2,0.9,0.607814,0
1.2,1.2,0.738174,1.2,1.2,0.588011,0
1.2,1.8,0.662897,1.2,1.8,0.735757,0
3.0,0.06,2.35404,3.0,0.06,1.5702,0
3.0,0.24,2.35439,3.0,0.24,1.61149,0
3.0,0.48,2.28621,3.0,0.48,1.55414,0
3.0,0.9,2.3496,3.0,0.9,1.50837,0
3.0,1.2,2.11354,3.0,1.2,1.47971,0
3.0,1.8,2.01058,3.0,1.8,1.63342,0
4.0,0.06,3.12674,4.0,0.06,2.05773,0
4.0,0.24,3.17626,4.0,0.24,2.08477,0
4.0,0.48,3.07586,4.0,0.48,2.0692,0
4.0,0.9,3.13791,4.0,0.9,2.01495,0
2.967567361158179,1.8109023424883506,2.688824744278471,4.078572891851267,1.1988809417629094,1.4440630335197504,1
4.0,1.8,2.77885,4.0,1.8,2.13355,0
5.0,0.06,3.92389,5.0,0.06,2.58023,0
5.0,0.24,3.902,5.0,0.24,2.62832,0
5.0,0.48,3.82713,5.0,0.48,2.56046,0
5.0,0.9,3.90736,5.0,0.9,2.51031,0
5.0,1.2,3.64789,5.0,1.2,2.48987,0
5.0,1.8,3.55353,5.0,1.8,2.63777,0
0.1,0.06,0.121822,0.1,0.06,0.074096,0
0.1,0.24,0.126698,0.1,0.24,0.072994,0
0.1,0.48,0.081826,0.1,0.48,0.22826,0
0.1,0.9,0.109424,0.1,0.9,0.072636,0
0.1,1.2,0.085097,0.1,1.2,0.074236,0
0.1,1.8,-0.100628,0.1,1.8,0.072831,0
15.291520198915222,7.1028412020388325,45.03336747423538,11.76238079258292,6.282068693540754,57.58859739353144,1
0.5,0.24,0.432402,0.5,0.24,0.352288,0
0.5,0.48,0.380224,0.5,0.48,0.390425,0
0.5,0.9,0.415405,0.5,0.9,0.432755,0
0.5,1.2,0.217843,0.5,1.2,0.346527,0
0.5,1.8,0.147817,0.5,1.8,0.461318,0
1.2,0.06,0.969153,1.2,0.06,0.848835,0
1.2,0.24,0.986161,1.2,0.24,0.87081,0
1.2,0.48,0.911705,1.2,0.48,0.821349,0
1.2,0.9,0.951121,1.2,0.9,0.815829,0
1.2,1.2,0.738174,1.2,1.2,0.905053,0
1.2,1.8,0.662897,1.2,1.8,0.838245,0
3.0,0.06,2.35404,3.0,0.06,2.10287,0
3.0,0.24,2.35439,3.0,0.24,2.15288,0
3.0,0.48,2.28621,3.0,0.48,2.09943,0
0.1,0.24,0.271786,0.1,0.24,0.0068535,1
3.0,1.2,2.11354,3.0,1.2,2.07178,0
3.0,1.8,2.01058,3.0,1.8,2.05234,0
4.0,0.06,3.12674,4.0,0.06,2.77879,0
4.0,0.24,3.17626,4.0,0.24,2.96094,0
4.0,0.48,3.07586,4.0,0.48,2.79546,0
4.0,0.9,3.13791,4.0,0.9,2.76676,0
4.0,1.2,2.88871,4.0,1.2,2.77556,0
4.0,1.8,2.77885,4.0,1.8,2.75014,0
5.0,0.06,3.92389,5.0,0.06,3.48648,0
5.0,0.24,3.902,5.0,0.24,3.51253,0
5.0,0.48,3.82713,5.0,0.48,3.47698,0
5.0,0.9,3.90736,5.0,0.9,3.44391,0
5.0,1.2,3.64789,5.0,1.2,3.48864,0
5.0,1.8,3.55353,5.0,1.8,3.44401,0
0.1,0.06,0.121822,0.1,0.06,0.02353,0
0.1,0.24,0.126698,0.1,0.24,0.03448,0
0.1,0.48,0.081826,0.1,0.48,0.02284,0
0.1,0.9,0.109424,0.1,0.9,0.073942,0
0.1,1.2,0.085097,0.1,1.2,0.092987,0
0.1,1.8,-0.100628,0.1,1.8,0.068082,0
0.5,0.06,0.431341,0.5,0.06,0.023749,0
0.5,0.24,0.432402,0.5,0.24,0.034742,0
0.5,0.48,0.380224,0.5,0.48,0.023807,0
0.5,0.9,0.415405,0.5,0.9,0.073591,0
0.5,1.2,0.217843,0.5,1.2,0.070598,0
0.5,1.8,0.147817,0.5,1.8,0.068483,0
1.2,0.06,0.969153,1.2,0.06,0.023556,0
1.2,0.24,0.986161,1.2,0.24,0.034738,0
1.2,0.48,0.911705,1.2,0.48,0.02402,0
1.2,0.9,0.951121,1.2,0.9,0.073655,0
1.2,1.2,0.738174,1.2,1.2,0.070815,0
1.2,1.8,0.662897,1.2,1.8,0.070957,0
3.0,0.06,2.35404,3.0,0.06,0.022347,0
3.0,0.24,2.35439,3.0,0.24,0.034283,0
3.0,0.48,2.28621,3.0,0.48,0.027228,0
3.0,0.9,2.3496,3.0,0.9,0.073428,0
3.0,1.2,2.11354,3.0,1.2,0.070707,0
3.0,1.8,2.01058,3.0,1.8,0.071145,0
4.0,0.06,3.12674,4.0,0.06,0.02284,0
4.0,0.24,3.17626,4.0,0.24,0.034175,0
4.0,0.48,3.07586,4.0,0.48,0.023297,0
4.0,0.9,3.13791,4.0,0.9,0.073379,0
4.0,1.2,2.88871,4.0,1.2,0.077889,0
4.0,1.8,2.77885,4.0,1.8,0.071811,0
5.0,0.06,3.92389,5.0,0.06,0.02388,0
5.0,0.24,3.902,5.0,0.24,0.03404,0
5.0,0.48,3.82713,5.0,0.48,0.026161,0
5.0,0.9,3.90736,5.0,0.9,0.073079,0
5.0,1.2,3.64789,5.0,1.2,0.075787,0
5.0,1.8,3.55353,5.0,1.8,0.070653,0
0.1,0.06,0.121822,0.1,0.06,0.030797,0
0.1,0.24,0.126698,0.1,0.24,0.041859,0
0.1,0.48,0.081826,0.1,0.48,0.02865,0
0.1,0.9,0.109424,0.1,0.9,0.081584,0
0.29062232758104944,1.179696884160735,0.036990868979710524,0.22946521411284493,1.4684037346124519,-0.5266944559620026,1
0.5938642579622998,1.4121968192811984,-0.49053133786880015,0.5959631549434773,0.8585082766641368,-0.6229159053340834,1
0.5,0.06,0.431341,0.5,0.06,0.031839,0
0.5,0.24,0.432402,0.5,0.24,0.042267,0
0.5,0.48,0.380224,0.5,0.48,0.030146,0
0.5,0.9,0.415405,0.5,0.9,0.05521,0
0.5,1.2,0.217843,0.5,1.2,0.098643,0
0.5,1.8,0.147817,0.5,1.8,0.116852,0
1.2,0.06,0.969153,1.2,0.06,0.030751,0
1.2,0.24,0.986161,1.2,0.24,0.042761,0
1.2,0.48,0.911705,1.2,0.48,0.030959,0
1.2,0.9,0.951121,1.2,0.9,0.052426,0
1.2,1.2,0.738174,1.2,1.2,0.042629,0
1.2,1.8,0.662897,1.2,1.8,0.117033,0
3.0,0.06,2.35404,3.0,0.06,0.026875,0
3.0,0.24,2.35439,3.0,0.24,0.042587,0
3.0,0.48,2.28621,3.0,0.48,0.030804,0
3.0,0.9,2.3496,3.0,0.9,0.052782,0
3.0,1.2,2.11354,3.0,1.2,0.042595,0
3.0,1.8,2.01058,3.0,1.8,0.118313,0
4.0,0.06,3.12674,4.0,0.06,0.032997,0
4.0,0.24,3.17626,4.0,0.24,0.042771,0
4.0,0.48,3.07586,4.0,0.48,0.033351,0
4.0,0.9,3.13791,4.0,0.9,0.053969,0
4.0,1.2,2.88871,4.0,1.2,0.045358,0
4.0,1.8,2.77885,4.0,1.8,0.117374,0
5.0,0.06,3.92389,5.0,0.06,0.038251,0
5.0,0.24,3.902,5.0,0.24,0.04292,0
5.0,0.48,3.82713,5.0,0.48,0.034179,0
5.0,0.9,3.90736,5.0,0.9,0.055236,0
5.0,1.2,3.64789,5.0,1.2,0.044284,0
16.414686865433858,6.326179172028564,66.14316562303624,14.693932016659314,7.80056245125922,70.13398329904624,1
0.1,0.06,0.124059,0.1,0.06,0.104436,0
0.1,0.24,0.122063,0.1,0.24,0.129807,0
0.1,0.48,0.226168,0.1,0.48,0.108386,0
0.1,0.9,0.122673,0.1,0.9,0.189595,0
0.1,1.2,0.125681,0.1,1.2,0.199688,0
0.1,1.8,0.64946,0.1,1.8,0.253129,0
0.5,0.06,0.595918,0.5,0.06,0.306048,0
-0.35031362482568895,-0.12737160673635461,0.5002712575676119,0.8329389118531951,0.33431554078399,1.1344776235863645,1
0.5,0.48,0.588944,0.5,0.48,0.306792,0
0.5,0.9,0.581847,0.5,0.9,0.268495,0
0.5,1.2,0.645824,0.5,1.2,0.400086,0
0.5,1.8,0.819694,0.5,1.8,0.396031,0
1.2,0.06,1.41044,1.2,0.06,0.655152,0
1.2,0.24,1.46956,1.2,0.24,0.688407,0
1.2,0.48,1.3947,1.2,0.48,0.652365,0
1.2,0.9,1.39919,1.2,0.9,0.607814,0
1.2,1.2,1.39329,1.2,1.2,0.588011,0
1.2,1.8,1.48738,1.2,1.8,0.735757,0
3.0,0.06,3.5316,3.0,0.06,1.5702,0
3.0,0.24,3.634,3.0,0.24,1.61149,0
3.0,0.48,3.4888,3.0,0.48,1.55414,0
3.0,0.9,3.53801,3.0,0.9,1.50837,0
3.0,1.2,3.47722,3.0,1.2,1.47971,0
3.0,1.8,3.46903,3.0,1.8,1.63342,0
4.0,0.06,4.65146,4.0,0.06,2.05773,0
4.0,0.24,4.71466,4.0,0.24,2.08477,0
4.0,0.48,4.62275,4.0,0.48,2.0692,0
4.0,0.9,4.72839,4.0,0.9,2.01495,0
4.0,1.2,4.62608,4.0,1.2,1.97778,0
4.0,1.8,4.6342,4.0,1.8,2.13355,0
5.0,0.06,5.86618,5.0,0.06,2.58023,0
5.0,0.24,5.85268,5.0,0.24,2.62832,0
5.0,0.48,5.77018,5.0,0.48,2.56046,0
5.0,0.9,5.84518,5.0,0.9,2.51031,0
5.0,1.2,5.79029,5.0,1.2,2.48987,0
5.0,1.8,5.80213,5.0,1.8,2.63777,0
0.1,0.06,0.124059,0.1,0.06,0.074096,0
0.1,0.24,0.122063,0.1,0.24,0.072994,0
0.1,0.48,0.226168,0.1,0.48,0.22826,0
0.1,0.9,0.122673,0.1,0.9,0.072636,0
0.1,1.2,0.125681,0.1,1.2,0.074236,0
0.1,1.8,0.64946,0.1,1.8,0.072831,0
0.5,0.06,0.595918,0.5,0.06,0.355441,0
0.5,0.24,0.597517,0.5,0.24,0.352288,0
0.5,0.48,0.588944,0.5,0.48,0.390425,0
0.5,0.9,0.581847,0.5,0.9,0.432755,0
0.5,1.2,0.645824,0.5,1.2,0.346527,0
0.5,1.8,0.819694,0.5,1.8,0.461318,0
1.2,0.06,1.41044,1.2,0.06,0.848835,0
1.2,0.24,1.46956,1.2,0.24,0.87081,0
1.2,0.48,1.3947,1.2,0.48,0.821349,0
1.2,0.9,1.39919,1.2,0.9,0.815829,0
1.2,1.2,1.39329,1.2,1.2,0.905053,0
1.2,1.8,1.48738,1.2,1.8,0.838245,0
3.0,0.06,3.5316,3.0,0.06,2.10287,0
3.0,0.24,3.634,3.0,0.24,2.15288,0
3.0,0.48,3.4888,3.0,0.48,2.09943,0
3.0,0.9,3.53801,3.0,0.9,2.06917,0
3.0,1.2,3.47722,3.0,1.2,2.07178,0
3.0,1.8,3.46903,3.0,1.8,2.05234,0
4.0,0.06,4.65146,4.0,0.06,2.77879,0
4.0,0.24,4.71466,4.0,0.24,2.96094,0
9.769764361630063,4.597512098187291,56.990367494786824,14.54947824922106,7.376673368790751,42.59824250654547,1
4.0,0.9,4.72839,4.0,0.9,2.76676,0
4.0,1.2,4.62608,4.0,1.2,2.77556,0
4.0,1.8,4.6342,4.0,1.8,2.75014,0
5.0,0.06,5.86618,5.0,0.06,3.48648,0
5.0,0.24,5.85268,5.0,0.24,3.51253,0
5.0,0.48,5.77018,5.0,0.48,3.47698,0
3.0,0.9,13.9739,3.0,0.9,8.43455,1
5.0,1.2,5.79029,5.0,1.2,3.48864,0
5.0,1.8,5.80213,5.0,1.8,3.44401,0
0.1,0.06,0.124059,0.1,0.06,0.02353,0
0.1,0.24,0.122063,0.1,0.24,0.03448,0
0.1,0.48,0.226168,0.1,0.48,0.02284,0
0.1,0.9,0.122673,0.1,0.9,0.073942,0
0.1,1.2,0.125681,0.1,1.2,0.092987,0
0.1,1.8,0.64946,0.1,1.8,0.068082,0
0.5,0.06,0.595918,0.5,0.06,0.023749,0
0.5,0.24,0.597517,0.5,0.24,0.034742,0
0.5,0.48,0.588944,0.5,0.48,0.023807,0
0.5,0.9,0.581847,0.5,0.9,0.073591,0
0.5,1.2,0.645824,0.5,1.2,0.070598,0
0.5,1.8,0.819694,0.5,1.8,0.068483,0
1.2,0.06,1.41044,1.2,0.06,0.023556,0
1.2,0.24,1.46956,1.2,0.24,0.034738,0
1.2,0.48,1.3947,1.2,0.48,0.02402,0
1.2,0.9,1.39919,1.2,0.9,0.073655,0
1.2,1.2,1.39329,1.2,1.2,0.070815,0
1.2,1.8,1.48738,1.2,1.8,0.070957,0
3.0,0.06,3.5316,3.0,0.06,0.022347,0
3.0,0.24,3.634,3.0,0.24,0.034283,0
3.0,0.48,3.4888,3.0,0.48,0.027228,0
3.0,0.9,3.53801,3.0,0.9,0.073428,0
3.0,1.2,3.47722,3.0,1.2,0.070707,0
3.0,1.8,3.46903,3.0,1.8,0.071145,0
4.0,0.06,4.65146,4.0,0.06,0.02284,0
4.0,0.24,4.71466,4.0,0.24,0.034175,0
4.0,0.48,4.62275,4.0,0.48,0.023297,0
4.0,0.9,4.72839,4.0,0.9,0.073379,0
4.0,1.2,4.62608,4.0,1.2,0.077889,0
4.0,1.8,4.6342,4.0,1.8,0.071811,0
5.0,0.06,5.86618,5.0,0.06,0.02388,0
5.0,0.24,5.85268,5.0,0.24,0.03404,0
5.0,0.48,5.77018,5.0,0.48,0.026161,0
5.0,0.9,5.84518,5.0,0.9,0.073079,0
5.0,1.2,5.79029,5.0,1.2,0.075787,0
5.0,1.8,5.80213,5.0,1.8,0.070653,0
0.1,0.06,0.124059,0.1,0.06,0.030797,0
0.1,0.24,0.122063,0.1,0.24,0.041859,0
0.1,0.48,0.226168,0.1,0.48,0.02865,0
0.1,0.9,0.122673,0.1,0.9,0.081584,0
0.1,1.2,0.125681,0.1,1.2,0.098088,0
0.1,1.8,0.64946,0.1,1.8,0.138883,0
0.5,0.06,0.595918,0.5,0.06,0.031839,0
0.5,0.24,0.597517,0.5,0.24,0.042267,0
0.5,0.48,0.588944,0.5,0.48,0.030146,0
0.5,0.9,0.581847,0.5,0.9,0.05521,0
0.5,1.2,0.645824,0.5,1.2,0.098643,0
0.5,1.8,0.819694,0.5,1.8,0.116852,0
1.2,0.06,1.41044,1.2,0.06,0.030751,0
1.2,0.24,1.46956,1.2,0.24,0.042761,0
1.2,0.48,1.3947,1.2,0.48,0.030959,0
1.2,0.9,1.39919,1.2,0.9,0.052426,0
1.2,1.2,1.39329,1.2,1.2,0.042629,0
1.2,1.8,1.48738,1.2,1.8,0.117033,0
3.0,0.06,3.5316,3.0,0.06,0.026875,0
3.0,0.24,3.634,3.0,0.24,0.042587,0
3.0,0.48,3.4888,3.0,0.48,0.030804,0
3.0,0.9,3.53801,3.0,0.9,0.052782,0
3.0,1.2,3.47722,3.0,1.2,0.042595,0
3.0,1.8,3.46903,3.0,1.8,0.118313,0
4.0,0.06,4.65146,4.0,0.06,0.032997,0
4.0,0.24,4.71466,4.0,0.24,0.042771,0
4.0,0.48,4.62275,4.0,0.48,0.033351,0
4.0,0.9,13.3726,4.0,0.9,9.5801,1
4.0,1.2,4.62608,4.0,1.2,0.045358,0
4.0,1.8,4.6342,4.0,1.8,0.117374,0
5.0,0.06,5.86618,5.0,0.06,0.038251,0
5.0,0.24,5.85268,5.0,0.24,0.04292,0
5.0,0.48,5.77018,5.0,0.48,0.034179,0
5.0,0.9,5.84518,5.0,0.9,0.055236,0
5.0,1.2,5.79029,5.0,1.2,0.044284,0
5.0,1.8,5.80213,5.0,1.8,0.114609,0
1.2,0.06,2.49138,1.2,0.06,0.004499,1
0.1,0.24,0.129807,0.1,0.24,0.072994,0
0.1,0.48,0.108386,0.1,0.48,0.22826,0
0.1,0.9,0.189595,0.1,0.9,0.072636,0
0.1,1.2,0.199688,0.1,1.2,0.074236,0
0.1,1.8,0.253129,0.1,1.8,0.072831,0
0.5,0.06,0.306048,0.5,0.06,0.355441,0
0.5,0.24,0.330444,0.5,0.24,0.352288,0
0.5,0.48,0.306792,0.5,0.48,0.390425,0
0.5,0.9,0.268495,0.5,0.9,0.432755,0
0.5,1.2,0.400086,0.5,1.2,0.346527,0
0.5,1.8,0.396031,0.5,1.8,0.461318,0
1.2,0.06,0.655152,1.2,0.06,0.848835,0
1.2,0.24,0.688407,1.2,0.24,0.87081,0
1.2,0.48,0.652365,1.2,0.48,0.821349,0
1.2,0.9,0.607814,1.2,0.9,0.815829,0
1.2,1.2,0.588011,1.2,1.2,0.905053,0
1.2,1.8,0.735757,1.2,1.8,0.838245,0
3.0,0.06,1.5702,3.0,0.06,2.10287,0
3.0,0.24,1.61149,3.0,0.24,2.15288,0
3.0,0.48,1.55414,3.0,0.48,2.09943,0
3.0,0.9,1.50837,3.0,0.9,2.06917,0
3.0,1.2,1.47971,3.0,1.2,2.07178,0
3.0,1.8,1.63342,3.0,1.8,2.05234,0
4.0,0.06,2.05773,4.0,0.06,2.77879,0
4.0,0.24,2.08477,4.0,0.24,2.96094,0
4.0,0.48,2.0692,4.0,0.48,2.79546,0
4.0,0.9,2.01495,4.0,0.9,2.76676,0
4.0,1.2,1.97778,4.0,1.2,2.77556,0
4.0,1.8,2.13355,4.0,1.8,2.75014,0
5.0,0.06,2.58023,5.0,0.06,3.48648,0
5.0,0.24,2.62832,5.0,0.24,3.51253,0
5.0,0.48,2.56046,5.0,0.48,3.47698,0
5.0,0.9,2.51031,5.0,0.9,3.44391,0
5.0,1.2,2.48987,5.0,1.2,3.48864,0
5.0,1.8,2.63777,5.0,1.8,3.44401,0
0.1,0.06,0.104436,0.1,0.06,0.02353,0
0.1,0.24,0.129807,0.1,0.24,0.03448,0
0.1,0.48,0.108386,0.1,0.48,0.02284,0
0.1,0.9,0.189595,0.1,0.9,0.073942,0
0.1,1.2,0.199688,0.1,1.2,0.092987,0
0.1,1.8,0.253129,0.1,1.8,0.068082,0
0.5,0.06,0.306048,0.5,0.06,0.023749,0
0.5,0.24,0.330444,0.5,0.24,0.034742,0
0.5,0.48,0.306792,0.5,0.48,0.023807,0
0.5,0.9,0.268495,0.5,0.9,0.073591,0
0.5,1.2,0.400086,0.5,1.2,0.070598,0
0.5,1.8,0.396031,0.5,1.8,0.068483,0
1.2,0.06,0.655152,1.2,0.06,0.023556,0
1.2,0.24,0.688407,1.2,0.24,0.034738,0
1.2,0.48,0.652365,1.2,0.48,0.02402,0
1.2,0.9,0.607814,1.2,0.9,0.073655,0
1.2,1.2,0.588011,1.2,1.2,0.070815,0
1.2,1.8,0.735757,1.2,1.8,0.070957,0
3.0,0.06,1.5702,3.0,0.06,0.022347,0
3.0,0.24,1.61149,3.0,0.24,0.034283,0
3.0,0.48,1.55414,3.0,0.48,0.027228,0
3.0,0.9,1.50837,3.0,0.9,0.073428,0
3.0,1.2,1.47971,3.0,1.2,0.070707,0
3.0,1.8,1.63342,3.0,1.8,0.071145,0
4.0,0.06,2.05773,4.0,0.06,0.02284,0
4.0,0.24,2.08477,4.0,0.24,0.034175,0
4.0,0.48,2.0692,4.0,0.48,0.023297,0
4.0,0.9,2.01495,4.0,0.9,0.073379,0
4.0,1.2,1.97778,4.0,1.2,0.077889,0
4.0,1.8,2.13355,4.0,1.8,0.071811,0
5.0,0.06,2.58023,5.0,0.06,0.02388,0
5.0,0.24,2.62832,5.0,0.24,0.03404,0
5.0,0.48,2.56046,5.0,0.48,0.026161,0
5.0,0.9,2.51031,5.0,0.9,0.073079,0
5.0,1.2,2.48987,5.0,1.2,0.075787,0
5.0,1.8,2.63777,5.0,1.8,0.070653,0
0.1,0.06,0.104436,0.1,0.06,0.030797,0
0.1,0.24,0.129807,0.1,0.24,0.041859,0
0.1,0.48,0.108386,0.1,0.48,0.02865,0
0.1,0.9,0.189595,0.1,0.9,0.081584,0
0.1,1.2,0.199688,0.1,1.2,0.098088,0
15.481240976772675,5.294701788944833,51.94356625453996,17.61179056697177,7.565386849077019,68.42854831486095,1
0.5,0.06,0.306048,0.5,0.06,0.031839,0
0.5,0.24,0.330444,0.5,0.24,0.042267,0
0.5,0.48,0.306792,0.5,0.48,0.030146,0
0.5,0.9,0.268495,0.5,0.9,0.05521,0
0.5,1.2,0.400086,0.5,1.2,0.098643,0
0.5,1.8,0.396031,0.5,1.8,0.116852,0
1.2,0.06,0.655152,1.2,0.06,0.030751,0
1.2,0.24,0.688407,1.2,0.24,0.042761,0
1.2,0.48,0.652365,1.2,0.48,0.030959,0
1.2,0.9,0.607814,1.2,0.9,0.052426,0
1.2,1.2,0.588011,1.2,1.2,0.042629,0
1.2,1.8,0.735757,1.2,1.8,0.117033,0
3.0,0.06,1.5702,3.0,0.06,0.026875,0
3.0,0.24,1.61149,3.0,0.24,0.042587,0
3.0,0.48,1.55414,3.0,0.48,0.030804,0
3.0,0.9,1.50837,3.0,0.9,0.052782,0
3.0,1.2,1.47971,3.0,1.2,0.042595,0
3.0,1.8,1.63342,3.0,1.8,0.118313,0
4.0,0.06,2.05773,4.0,0.06,0.032997,0
4.0,0.24,2.08477,4.0,0.24,0.042771,0
4.0,0.48,2.0692,4.0,0.48,0.033351,0
4.0,0.9,2.01495,4.0,0.9,0.053969,0
4.0,1.2,1.97778,4.0,1.2,0.045358,0
4.0,1.8,2.13355,4.0,1.8,0.117374,0
5.0,0.06,2.58023,5.0,0.06,0.038251,0
5.0,0.24,2.62832,5.0,0.24,0.04292,0
5.0,0.48,2.56046,5.0,0.48,0.034179,0
5.0,0.9,2.51031,5.0,0.9,0.055236,0
5.0,1.2,2.48987,5.0,1.2,0.044284,0
5.0,1.8,2.63777,5.0,1.8,0.114609,0
0.1,0.06,0.074096,0.1,0.06,0.02353,0
0.1,0.24,0.072994,0.1,0.24,0.03448,0
0.1,0.48,0.22826,0.1,0.48,0.02284,0
0.1,0.9,0.072636,0.1,0.9,0.073942,0
0.1,1.2,0.074236,0.1,1.2,0.092987,0
0.1,1.8,0.072831,0.1,1.8,0.068082,0
0.5,0.06,0.355441,0.5,0.06,0.023749,0
0.5,0.24,0.352288,0.5,0.24,0.034742,0
0.5,0.48,0.390425,0.5,0.48,0.023807,0
0.5,0.9,0.432755,0.5,0.9,0.073591,0
0.5,1.2,0.346527,0.5,1.2,0.070598,0
0.5,1.8,0.461318,0.5,1.8,0.068483,0
1.2,0.06,0.848835,1.2,0.06,0.023556,0
1.2,0.24,0.87081,1.2,0.24,0.034738,0
1.2,0.48,0.821349,1.2,0.48,0.02402,0
1.2,0.9,0.815829,1.2,0.9,0.073655,0
1.2,1.2,0.905053,1.2,1.2,0.070815,0
1.2,1.8,0.838245,1.2,1.8,0.070957,0
3.0,0.06,2.10287,3.0,0.06,0.022347,0
3.0,0.24,2.15288,3.0,0.24,0.034283,0
3.0,0.48,2.09943,3.0,0.48,0.027228,0
3.0,0.9,2.06917,3.0,0.9,0.073428,0
3.0,1.2,2.07178,3.0,1.2,0.070707,0
3.0,1.8,2.05234,3.0,1.8,0.071145,0
4.0,0.06,2.77879,4.0,0.06,0.02284,0
4.0,0.24,2.96094,4.0,0.24,0.034175,0
4.0,0.48,2.79546,4.0,0.48,0.023297,0
4.0,0.9,2.76676,4.0,0.9,0.073379,0
4.0,1.2,2.77556,4.0,1.2,0.077889,0
4.0,1.8,2.75014,4.0,1.8,0.071811,0
5.0,0.06,3.48648,5.0,0.06,0.02388,0
5.0,0.24,3.51253,5.0,0.24,0.03404,0
5.0,0.48,3.47698,5.0,0.48,0.026161,0
5.0,0.9,3.44391,5.0,0.9,0.073079,0
5.0,1.2,3.48864,5.0,1.2,0.075787,0
5.283270493540828,1.4757653999904314,2.365787311497484,4.814371314664803,2.2905748577851766,-0.1228117232999737,1
0.1,0.06,0.074096,0.1,0.06,0.030797,0
0.1,0.24,0.072994,0.1,0.24,0.041859,0
0.1,0.48,0.22826,0.1,0.48,0.02865,0
0.1,0.9,0.072636,0.1,0.9,0.081584,0
0.1,1.2,0.074236,0.1,1.2,0.098088,0
0.1,1.8,0.072831,0.1,1.8,0.138883,0
0.5,0.06,0.355441,0.5,0.06,0.031839,0
0.5,0.24,0.352288,0.5,0.24,0.042267,0
0.5,0.48,0.390425,0.5,0.48,0.030146,0
0.5,0.9,0.432755,0.5,0.9,0.05521,0
0.5,1.2,0.346527,0.5,1.2,0.098643,0
3.0,1.2,4.65318,3.0,1.2,3.2057,1
1.2,0.06,0.848835,1.2,0.06,0.030751,0
1.2,0.24,0.87081,1.2,0.24,0.042761,0
1.2,0.48,0.821349,1.2,0.48,0.030959,0
1.2,0.9,0.815829,1.2,0.9,0.052426,0
1.2,1.2,0.905053,1.2,1.2,0.042629,0
1.2,1.8,0.838245,1.2,1.8,0.117033,0
3.0,0.06,2.10287,3.0,0.06,0.026875,0
3.0,0.24,2.15288,3.0,0.24,0.042587,0
3.0,0.48,2.09943,3.0,0.48,0.030804,0
3.0,0.9,2.06917,3.0,0.9,0.052782,0
3.0,1.2,2.07178,3.0,1.2,0.042595,0
3.0,1.8,2.05234,3.0,1.8,0.118313,0
4.0,0.06,2.77879,4.0,0.06,0.032997,0
4.0,0.24,2.96094,4.0,0.24,0.042771,0
4.0,0.48,2.79546,4.0,0.48,0.033351,0
4.0,0.9,2.76676,4.0,0.9,0.053969,0
4.0,1.2,2.77556,4.0,1.2,0.045358,0
4.0,1.8,2.75014,4.0,1.8,0.117374,0
5.0,0.06,3.48648,5.0,0.06,0.038251,0
5.0,0.24,3.51253,5.0,0.24,0.04292,0
5.0,0.48,3.47698,5.0,0.48,0.034179,0
5.0,0.9,3.44391,5.0,0.9,0.055236,0
5.0,1.2,3.48864,5.0,1.2,0.044284,0
5.0,1.8,3.44401,5.0,1.8,0.114609,0
0.1,0.06,0.02353,0.1,0.06,0.030797,0
0.1,0.24,0.03448,0.1,0.24,0.041859,0
0.1,0.48,0.02284,0.1,0.48,0.02865,0
0.1,0.9,0.073942,0.1,0.9,0.081584,0
0.1,1.2,0.092987,0.1,1.2,0.098088,0
0.1,1.8,0.068082,0.1,1.8,0.138883,0
0.5,0.06,0.023749,0.5,0.06,0.031839,0
0.5,0.24,0.034742,0.5,0.24,0.042267,0
0.5,0.48,0.023807,0.5,0.48,0.030146,0
0.5,0.9,0.073591,0.5,0.9,0.05521,0
0.5,1.2,0.070598,0.5,1.2,0.098643,0
0.5,1.8,0.068483,0.5,1.8,0.116852,0
1.2,0.06,0.023556,1.2,0.06,0.030751,0
1.2,0.24,0.034738,1.2,0.24,0.042761,0
1.2,0.48,0.02402,1.2,0.48,0.030959,0
1.2,0.9,0.073655,1.2,0.9,0.052426,0
1.2,1.2,0.070815,1.2,1.2,0.042629,0
1.2,1.8,0.070957,1.2,1.8,0.117033,0
3.0,0.06,0.022347,3.0,0.06,0.026875,0
3.0,0.24,0.034283,3.0,0.24,0.042587,0
3.0,0.48,0.027228,3.0,0.48,0.030804,0
3.0,0.9,0.073428,3.0,0.9,0.052782,0
3.0,1.2,0.070707,3.0,1.2,0.042595,0
3.0,1.8,0.071145,3.0,1.8,0.118313,0
4.0,0.06,0.02284,4.0,0.06,0.032997,0
4.0,0.24,0.034175,4.0,0.24,0.042771,0
4.0,0.48,0.023297,4.0,0.48,0.033351,0
4.0,0.9,0.073379,4.0,0.9,0.053969,0
4.0,1.2,0.077889,4.0,1.2,0.045358,0
4.0,1.8,0.071811,4.0,1.8,0.117374,0
5.0,0.06,0.02388,5.0,0.06,0.038251,0
5.0,0.24,0.03404,5.0,0.24,0.04292,0
5.0,0.48,0.026161,5.0,0.48,0.034179,0
4.877002330822149,1.1233518054045721,0.3666077672972678,5.003274328902269,1.171211984766051,-0.3492459464629002,1
5.0,1.2,0.075787,5.0,1.2,0.044284,0
5.0,1.8,0.070653,5.0,1.8,0.114609,0
0.1,0.06,0.143843,0.1,0.06,0.124367,0
0.1,0.24,0.14972,0.1,0.24,0.12487,0
0.1,0.48,0.148394,0.1,0.48,0.122773,0
0.1,0.9,0.131629,0.1,0.9,0.122894,0
0.1,1.2,0.125964,0.1,1.2,0.12284,0
0.1,1.8,0.096066,0.1,1.8,0.122582,0
0.5,0.06,0.459131,0.5,0.06,0.597539,0
0.5,0.24,0.457575,0.5,0.24,0.598328,0
0.5,0.48,0.453179,0.5,0.48,0.58649,0
0.5,0.9,0.439055,0.5,0.9,0.594205,0
0.5,1.2,0.43281,0.5,1.2,0.587091,0
0.5,1.8,0.403774,0.5,1.8,0.587986,0
1.2,0.06,0.998156,1.2,0.06,1.46536,0
1.2,0.24,0.996284,1.2,0.24,1.4269,0
1.2,0.48,0.997379,1.2,0.48,1.41909,0
1.2,0.9,0.971772,1.2,0.9,1.40303,0
1.2,1.2,0.966041,1.2,1.2,1.40191,0
1.2,1.8,0.943772,1.2,1.8,1.39517,0
3.0,0.06,2.37366,3.0,0.06,3.62806,0
3.0,0.24,2.39005,3.0,0.24,3.55633,0
3.0,0.48,2.40949,3.0,0.48,3.52155,0
3.0,0.9,2.38042,3.0,0.9,3.5261,0
3.0,1.2,2.37006,3.0,1.2,3.5204,0
3.0,1.8,2.31127,3.0,1.8,3.47341,0
4.0,0.06,3.18392,4.0,0.06,4.71207,0
4.0,0.24,3.17731,4.0,0.24,4.83261,0
4.0,0.48,3.14855,4.0,0.48,4.68396,0
4.0,0.9,3.13423,4.0,0.9,4.69812,0
4.0,1.2,3.13343,4.0,1.2,4.72002,0
4.0,1.8,3.12964,4.0,1.8,4.66187,0
5.0,0.06,3.9186,5.0,0.06,5.86015,0
5.0,0.24,3.97859,5.0,0.24,5.88782,0
5.0,0.48,3.93937,5.0,0.48,5.89802,0
5.0,0.9,3.87311,5.0,0.9,5.94018,0
5.0,1.2,3.91926,5.0,1.2,5.83521,0
5.0,1.8,3.86623,5.0,1.8,5.82854,0
0.1,0.06,0.143843,0.1,0.06,0.127188,0
0.1,0.24,0.14972,0.1,0.24,0.153027,0
0.1,0.48,0.148394,0.1,0.48,0.178895,0
0.1,0.9,0.131629,0.1,0.9,0.208286,0
0.1,1.2,0.125964,0.1,1.2,0.231331,0
0.1,1.8,0.096066,0.1,1.8,0.274475,0
0.5,0.06,0.459131,0.5,0.06,0.331121,0
0.5,0.24,0.457575,0.5,0.24,0.353268,0
0.5,0.48,0.453179,0.5,0.48,0.379365,0
0.5,0.9,0.439055,0.5,0.9,0.409189,0
0.5,1.2,0.43281,0.5,1.2,0.432351,0
0.5,1.8,0.403774,0.5,1.8,0.475135,0
1.2,0.06,0.998156,1.2,0.06,0.687948,0
1.2,0.24,0.996284,1.2,0.24,0.708999,0
1.2,0.48,0.997379,1.2,0.48,0.731262,0
1.2,0.9,0.971772,1.2,0.9,0.759398,0
1.2,1.2,0.966041,1.2,1.2,0.783001,0
1.2,1.8,0.943772,1.2,1.8,0.826344,0
3.0,0.06,2.37366,3.0,0.06,1.59582,0
3.0,0.24,2.39005,3.0,0.24,1.63386,0
3.0,0.48,2.40949,3.0,0.48,1.6668,0
3.0,0.9,2.38042,3.0,0.9,1.67432,0
3.0,1.2,2.37006,3.0,1.2,1.69167,0
3.0,1.8,2.31127,3.0,1.8,1.73044,0
4.0,0.06,3.18392,4.0,0.06,2.09346,0
4.0,0.24,3.17731,4.0,0.24,2.13164,0
4.0,0.48,3.14855,4.0,0.48,2.14502,0
4.0,0.9,3.13423,4.0,0.9,2.17719,0
4.0,1.2,3.13343,4.0,1.2,2.19296,0
4.0,1.8,3.12964,4.0,1.8,2.23238,0
5.0,0.06,3.9186,5.0,0.06,2.60697,0
5.0,0.24,3.97859,5.0,0.24,2.61897,0
5.0,0.48,3.93937,5.0,0.48,2.65079,0
5.0,0.9,3.87311,5.0,0.9,2.67966,0
5.0,1.2,3.91926,5.0,1.2,2.70986,0
5.0,1.8,3.86623,5.0,1.8,2.74005,0
0.1,0.06,0.143843,0.1,0.06,0.074236,0
0.1,0.24,0.14972,0.1,0.24,0.073547,0
0.1,0.48,0.148394,0.1,0.48,0.073834,0
0.1,0.9,0.131629,0.1,0.9,0.073245,0
15.794540030450875,6.934607312219262,36.96419356560097,16.145052293753885,5.515385934655775,41.46653748794778,1
0.1,1.8,0.096066,0.1,1.8,0.07426,0
0.5,0.06,0.459131,0.5,0.06,0.361887,0
0.5,0.24,0.457575,0.5,0.24,0.352656,0
0.5,0.48,0.453179,0.5,0.48,0.34443,0
0.5,0.9,0.439055,0.5,0.9,0.346828,0
0.5,1.2,0.43281,0.5,1.2,0.349215,0
0.5,1.8,0.403774,0.5,1.8,0.34888,0
1.2,0.06,0.998156,1.2,0.06,0.851639,0
1.2,0.24,0.996284,1.2,0.24,0.861256,0
1.2,0.48,0.997379,1.2,0.48,0.854556,0
1.2,0.9,0.971772,1.2,0.9,0.820722,0
1.2,1.2,0.966041,1.2,1.2,0.815264,0
1.2,1.8,0.943772,1.2,1.8,0.82803,0
3.0,0.06,2.37366,3.0,0.06,2.1288,0
3.0,0.24,2.39005,3.0,0.24,2.13988,0
3.0,0.48,2.40949,3.0,0.48,2.16988,0
3.0,0.9,2.38042,3.0,0.9,2.10714,0
3.0,1.2,2.37006,3.0,1.2,2.09428,0
3.0,1.8,2.31127,3.0,1.8,2.06564,0
4.0,0.06,3.18392,4.0,0.06,2.89291,0
4.0,0.24,3.17731,4.0,0.24,2.89442,0
4.0,0.48,3.14855,4.0,0.48,2.83459,0
4.0,0.9,3.13423,4.0,0.9,2.85921,0
4.0,1.2,3.13343,4.0,1.2,2.86186,0
4.0,1.8,3.12964,4.0,1.8,2.83937,0
5.0,0.06,3.9186,5.0,0.06,3.55982,0
5.0,0.24,3.97859,5.0,0.24,3.72993,0
5.0,0.48,3.93937,5.0,0.48,3.61756,0
5.0,0.9,3.87311,5.0,0.9,3.74553,0
5.0,1.2,3.91926,5.0,1.2,3.63612,0
0.04,0.6,0.158852,0.04,0.6,0.138664,1
0.1,0.06,0.143843,0.1,0.06,0.037711,0
0.1,0.24,0.14972,0.1,0.24,0.049114,0
0.1,0.48,0.148394,0.1,0.48,0.061886,0
0.1,0.9,0.131629,0.1,0.9,0.089108,0
0.1,1.2,0.125964,0.1,1.2,0.107608,0
0.1,1.8,0.096066,0.1,1.8,0.148457,0
0.5,0.06,0.459131,0.5,0.06,0.037623,0
0.5,0.24,0.457575,0.5,0.24,0.049373,0
0.5,0.48,0.453179,0.5,0.48,0.061123,0
0.5,0.9,0.439055,0.5,0.9,0.088912,0
0.5,1.2,0.43281,0.5,1.2,0.108317,0
0.5,1.8,0.403774,0.5,1.8,0.145618,0
1.2,0.06,0.998156,1.2,0.06,0.03829,0
1.2,0.24,0.996284,1.2,0.24,0.049314,0
1.2,0.48,0.997379,1.2,0.48,0.061286,0
1.2,0.9,0.971772,1.2,0.9,0.089255,0
1.2,1.2,0.966041,1.2,1.2,0.108733,0
1.2,1.8,0.943772,1.2,1.8,0.148036,0
3.0,0.06,2.37366,3.0,0.06,0.036303,0
3.0,0.24,2.39005,3.0,0.24,0.048946,0
3.0,0.48,2.40949,3.0,0.48,0.060629,0
3.0,0.9,2.38042,3.0,0.9,0.088995,0
3.0,1.2,2.37006,3.0,1.2,0.108628,0
3.0,1.8,2.31127,3.0,1.8,0.147921,0
4.0,0.06,3.18392,4.0,0.06,0.036943,0
4.0,0.24,3.17731,4.0,0.24,0.048786,0
4.0,0.48,3.14855,4.0,0.48,0.060669,0
4.0,0.9,3.13423,4.0,0.9,0.088762,0
4.0,1.2,3.13343,4.0,1.2,0.108625,0
4.0,1.8,3.12964,4.0,1.8,0.147669,0
5.0,0.06,3.9186,5.0,0.06,0.037541,0
5.0,0.24,3.97859,5.0,0.24,0.048607,0
5.0,0.48,3.93937,5.0,0.48,0.060954,0
16.352520155828852,7.332953405194953,39.457341884299154,13.477341908133486,5.195332991326707,50.88404914267107,1
5.0,1.2,3.91926,5.0,1.2,0.108265,0
5.0,1.8,3.86623,5.0,1.8,0.147491,0
0.1,0.06,0.143843,0.1,0.06,0.04667,0
0.1,0.24,0.14972,0.1,0.24,0.056951,0
0.1,0.48,0.148394,0.1,0.48,0.070835,0
0.1,0.9,0.131629,0.1,0.9,0.095913,0
15.24412529580105,7.116820180875711,57.14212941501097,11.605951188755755,5.1645474215473115,47.869583114902305,1
0.1,1.8,0.096066,0.1,1.8,0.152249,0
0.5,0.06,0.459131,0.5,0.06,0.048855,0
0.5,0.24,0.457575,0.5,0.24,0.057403,0
0.5,0.48,0.453179,0.5,0.48,0.0705,0
0.5,0.9,0.439055,0.5,0.9,0.096309,0
0.5,1.2,0.43281,0.5,1.2,0.114264,0
0.5,1.8,0.403774,0.5,1.8,0.150444,0
1.2,0.06,0.998156,1.2,0.06,0.043425,0
1.2,0.24,0.996284,1.2,0.24,0.057752,0
1.2,0.48,0.997379,1.2,0.48,0.070642,0
15.0768342793742,7.610630244746034,51.46095911981193,17.349672445302616,7.734518078803724,53.4187001709286,1
1.2,1.2,0.966041,1.2,1.2,0.114342,0
1.2,1.8,0.943772,1.2,1.8,0.150253,0
3.0,0.06,2.37366,3.0,0.06,0.020503,0
3.0,0.24,2.39005,3.0,0.24,0.057879,0
3.0,0.48,2.40949,3.0,0.48,0.070863,0
3.0,0.9,2.38042,3.0,0.9,0.097425,0
3.0,1.2,2.37006,3.0,1.2,0.114785,0
3.0,1.8,2.31127,3.0,1.8,0.151847,0
4.0,0.06,3.18392,4.0,0.06,0.021609,0
4.0,0.24,3.17731,4.0,0.24,0.057967,0
4.0,0.48,3.14855,4.0,0.48,0.07098,0
4.0,0.9,3.13423,4.0,0.9,0.097615,0
4.0,1.2,3.13343,4.0,1.2,0.115065,0
4.0,1.8,3.12964,4.0,1.8,0.152008,0
5.610275301965617,1.06677714732435,4.040649221751194,5.136955543423589,-0.7015862320869239,-0.2354067005692125,1
5.0,0.24,3.97859,5.0,0.24,0.058137,0
5.0,0.48,3.93937,5.0,0.48,0.071152,0
5.0,0.9,3.87311,5.0,0.9,0.09777,0
5.0,1.2,3.91926,5.0,1.2,0.114996,0
5.0,1.8,3.86623,5.0,1.8,0.152169,0
0.1,0.06,0.124367,0.1,0.06,0.127188,0
0.1,0.24,0.12487,0.1,0.24,0.153027,0
0.1,0.48,0.122773,0.1,0.48,0.178895,0
0.1,0.9,0.122894,0.1,0.9,0.208286,0
0.1,1.2,0.12284,0.1,1.2,0.231331,0
0.1,1.8,0.122582,0.1,1.8,0.274475,0
0.5,0.06,0.597539,0.5,0.06,0.331121,0
0.5,0.24,0.598328,0.5,0.24,0.353268,0
0.5,0.48,0.58649,0.5,0.48,0.379365,0
0.5,0.9,0.594205,0.5,0.9,0.409189,0
0.5,1.2,0.587091,0.5,1.2,0.432351,0
0.5,1.8,0.587986,0.5,1.8,0.475135,0
1.2,0.06,1.46536,1.2,0.06,0.687948,0
1.2,0.24,1.4269,1.2,0.24,0.708999,0
1.2,0.48,1.41909,1.2,0.48,0.731262,0
1.2,0.9,1.40303,1.2,0.9,0.759398,0
1.2,1.2,1.40191,1.2,1.2,0.783001,0
1.2,1.8,1.39517,1.2,1.8,0.826344,0
3.0,0.06,3.62806,3.0,0.06,1.59582,0
3.0,0.24,3.55633,3.0,0.24,1.63386,0
3.0,0.48,3.52155,3.0,0.48,1.6668,0
3.0,0.9,3.5261,3.0,0.9,1.67432,0
3.0,1.2,3.5204,3.0,1.2,1.69167,0
3.0,1.8,3.47341,3.0,1.8,1.73044,0
4.0,0.06,4.71207,4.0,0.06,2.09346,0
4.0,0.24,4.83261,4.0,0.24,2.13164,0
4.0,0.48,4.68396,4.0,0.48,2.14502,0
4.0,0.9,4.69812,4.0,0.9,2.17719,0
4.0,1.2,4.72002,4.0,1.2,2.19296,0
4.0,1.8,4.66187,4.0,1.8,2.23238,0
5.0,0.06,5.86015,5.0,0.06,2.60697,0
5.0,0.24,5.88782,5.0,0.24,2.61897,0
5.0,0.48,5.89802,5.0,0.48,2.65079,0
5.0,0.9,5.94018,5.0,0.9,2.67966,0
5.0,1.2,5.83521,5.0,1.2,2.70986,0
5.0,1.8,5.82854,5.0,1.8,2.74005,0
0.1,0.06,0.124367,0.1,0.06,0.074236,0
0.1,0.24,0.12487,0.1,0.24,0.073547,0
0.1,0.48,0.122773,0.1,0.48,0.073834,0
0.1,0.9,0.122894,0.1,0.9,0.073245,0
0.1,1.2,0.12284,0.1,1.2,0.074292,0
0.1,1.8,0.122582,0.1,1.8,0.07426,0
0.5,0.06,0.597539,0.5,0.06,0.361887,0
0.5,0.24,0.598328,0.5,0.24,0.352656,0
0.5,0.48,0.58649,0.5,0.48,0.34443,0
0.5,0.9,0.594205,0.5,0.9,0.346828,0
0.5,1.2,0.587091,0.5,1.2,0.349215,0
0.5,1.8,0.587986,0.5,1.8,0.34888,0
1.2,0.06,1.46536,1.2,0.06,0.851639,0
1.2,0.24,1.4269,1.2,0.24,0.861256,0
1.2,0.48,1.41909,1.2,0.48,0.854556,0
1.2,0.9,1.40303,1.2,0.9,0.820722,0
1.2,1.2,1.40191,1.2,1.2,0.815264,0
1.2,1.8,1.39517,1.2,1.8,0.82803,0
3.0,0.06,3.62806,3.0,0.06,2.1288,0
3.0,0.24,3.55633,3.0,0.24,2.13988,0
3.0,0.48,3.52155,3.0,0.48,2.16988,0
3.0,0.9,3.5261,3.0,0.9,2.10714,0
3.0,1.2,3.5204,3.0,1.2,2.09428,0
3.0,1.8,3.47341,3.0,1.8,2.06564,0
4.0,0.06,4.71207,4.0,0.06,2.89291,0
4.0,0.24,4.83261,4.0,0.24,2.89442,0
4.0,0.48,4.68396,4.0,0.48,2.83459,0
4.0,0.9,4.69812,4.0,0.9,2.85921,0
4.0,1.2,4.72002,4.0,1.2,2.86186,0
4.042432729180552,2.1428096871092417,4.818302825745456,4.032868830023643,1.6658156004313096,2.880015712521241,1
14.334317531946159,4.680143927514954,60.72970624702615,10.507764578619904,6.84248928173035,50.926702930449665,1
5.0,0.24,5.88782,5.0,0.24,3.72993,0
5.0,0.48,5.89802,5.0,0.48,3.61756,0
5.0,0.9,5.94018,5.0,0.9,3.74553,0
5.0,1.2,5.83521,5.0,1.2,3.63612,0
5.0,1.8,5.82854,5.0,1.8,3.47908,0
0.1,0.06,0.124367,0.1,0.06,0.037711,0
0.1,0.24,0.12487,0.1,0.24,0.049114,0
0.1,0.48,0.122773,0.1,0.48,0.061886,0
0.1,0.9,0.122894,0.1,0.9,0.089108,0
0.1,1.2,0.12284,0.1,1.2,0.107608,0
0.1,1.8,0.122582,0.1,1.8,0.148457,0
0.5,0.06,0.597539,0.5,0.06,0.037623,0
0.5,0.24,0.598328,0.5,0.24,0.049373,0
0.5,0.48,0.58649,0.5,0.48,0.061123,0
0.5,0.9,0.594205,0.5,0.9,0.088912,0
0.5,1.2,0.587091,0.5,1.2,0.108317,0
0.5,1.8,0.587986,0.5,1.8,0.145618,0
1.2,0.06,1.46536,1.2,0.06,0.03829,0
1.2,0.24,1.4269,1.2,0.24,0.049314,0
1.2,0.48,1.41909,1.2,0.48,0.061286,0
1.2,0.9,1.40303,1.2,0.9,0.089255,0
1.2,1.2,1.40191,1.2,1.2,0.108733,0
1.2,1.8,1.39517,1.2,1.8,0.148036,0
3.0,0.06,3.62806,3.0,0.06,0.036303,0
3.0,0.24,3.55633,3.0,0.24,0.048946,0
3.0,0.48,3.52155,3.0,0.48,0.060629,0
3.0,0.9,3.5261,3.0,0.9,0.088995,0
3.0,1.2,3.5204,3.0,1.2,0.108628,0
3.0,1.8,3.47341,3.0,1.8,0.147921,0
4.0,0.06,4.71207,4.0,0.06,0.036943,0
4.0,0.24,4.83261,4.0,0.24,0.048786,0
4.0,0.48,4.68396,4.0,0.48,0.060669,0
4.0,0.9,4.69812,4.0,0.9,0.088762,0
4.0,1.2,4.72002,4.0,1.2,0.108625,0
4.0,1.8,4.66187,4.0,1.8,0.147669,0
5.0,0.06,5.86015,5.0,0.06,0.037541,0
5.0,0.24,5.88782,5.0,0.24,0.048607,0
5.0,0.48,5.89802,5.0,0.48,0.060954,0
5.0,0.9,5.94018,5.0,0.9,0.088739,0
5.0,1.2,5.83521,5.0,1.2,0.108265,0
5.0,1.8,5.82854,5.0,1.8,0.147491,0
0.1,0.06,0.124367,0.1,0.06,0.04667,0
0.1,0.24,0.12487,0.1,0.24,0.056951,0
0.1,0.48,0.122773,0.1,0.48,0.070835,0
0.1,0.9,0.122894,0.1,0.9,0.095913,0
0.1,1.2,0.12284,0.1,1.2,0.113805,0
0.1,1.8,0.122582,0.1,1.8,0.152249,0
0.5,0.06,0.597539,0.5,0.06,0.048855,0
0.5,0.24,0.598328,0.5,0.24,0.057403,0
0.5,0.48,0.58649,0.5,0.48,0.0705,0
0.5,0.9,0.594205,0.5,0.9,0.096309,0
0.5,1.2,0.587091,0.5,1.2,0.114264,0
0.5,1.8,0.587986,0.5,1.8,0.150444,0
1.2,0.06,1.46536,1.2,0.06,0.043425,0
1.2,0.24,1.4269,1.2,0.24,0.057752,0
1.2,0.48,1.41909,1.2,0.48,0.070642,0
1.2,0.9,1.40303,1.2,0.9,0.097093,0
1.2,1.2,1.40191,1.2,1.2,0.114342,0
1.2,1.8,1.39517,1.2,1.8,0.150253,0
3.0,0.06,3.62806,3.0,0.06,0.020503,0
3.0,0.24,3.55633,3.0,0.24,0.057879,0
3.0,0.48,3.52155,3.0,0.48,0.070863,0
3.0,0.9,3.5261,3.0,0.9,0.097425,0
3.0,1.2,3.5204,3.0,1.2,0.114785,0
3.0,1.8,3.47341,3.0,1.8,0.151847,0
4.0,0.06,4.71207,4.0,0.06,0.021609,0
4.0,0.24,4.83261,4.0,0.24,0.057967,0
4.0,0.48,4.68396,4.0,0.48,0.07098,0
4.0,0.9,4.69812,4.0,0.9,0.097615,0
4.0,1.2,4.72002,4.0,1.2,0.115065,0
4.0,1.8,4.66187,4.0,1.8,0.152008,0
5.0,0.06,5.86015,5.0,0.06,0.030299,0
5.0,0.24,5.88782,5.0,0.24,0.058137,0
4.0,0.48,2.0692,4.0,0.48,0.023297,1
5.0,0.9,5.94018,5.0,0.9,0.09777,0
5.0,1.2,5.83521,5.0,1.2,0.114996,0
5.0,1.8,5.82854,5.0,1.8,0.152169,0
0.1,0.06,0.127188,0.1,0.06,0.074236,0
0.1,0.24,0.153027,0.1,0.24,0.073547,0
0.1,0.48,0.178895,0.1,0.48,0.073834,0
0.1,0.9,0.208286,0.1,0.9,0.073245,0
0.1,1.2,0.231331,0.1,1.2,0.074292,0
0.1,1.8,0.274475,0.1,1.8,0.07426,0
0.5,0.06,0.331121,0.5,0.06,0.361887,0
0.5,0.24,0.353268,0.5,0.24,0.352656,0
0.5,0.48,0.379365,0.5,0.48,0.34443,0
0.5,0.9,0.409189,0.5,0.9,0.346828,0
0.5,1.2,0.432351,0.5,1.2,0.349215,0
0.1,1.8,0.886485,0.1,1.8,0.009094,1
1.2,0.06,0.687948,1.2,0.06,0.851639,0
1.2,0.24,0.708999,1.2,0.24,0.861256,0
1.2,0.48,0.731262,1.2,0.48,0.854556,0
1.2,0.9,0.759398,1.2,0.9,0.820722,0
1.2,1.2,0.783001,1.2,1.2,0.815264,0
1.2,1.8,0.826344,1.2,1.8,0.82803,0
3.0,0.06,1.59582,3.0,0.06,2.1288,0
3.0,0.24,1.63386,3.0,0.24,2.13988,0
3.0,0.48,1.6668,3.0,0.48,2.16988,0
3.0,0.9,1.67432,3.0,0.9,2.10714,0
3.0,1.2,1.69167,3.0,1.2,2.09428,0
3.0,1.8,1.73044,3.0,1.8,2.06564,0
4.0,0.06,2.09346,4.0,0.06,2.89291,0
4.0,0.24,2.13164,4.0,0.24,2.89442,0
4.0,0.48,2.14502,4.0,0.48,2.83459,0
4.0,0.9,2.17719,4.0,0.9,2.85921,0
4.0,1.2,2.19296,4.0,1.2,2.86186,0
4.0,1.8,2.23238,4.0,1.8,2.83937,0
5.0,0.06,2.60697,5.0,0.06,3.55982,0
5.0,0.24,2.61897,5.0,0.24,3.72993,0
5.0,0.48,2.65079,5.0,0.48,3.61756,0
5.0,0.9,2.67966,5.0,0.9,3.74553,0
5.0,1.2,2.70986,5.0,1.2,3.63612,0
5.0,1.8,2.74005,5.0,1.8,3.47908,0
0.1,0.06,0.127188,0.1,0.06,0.037711,0
0.1,0.24,0.153027,0.1,0.24,0.049114,0
0.1,0.48,0.178895,0.1,0.48,0.061886,0
0.1,0.9,0.208286,0.1,0.9,0.089108,0
0.1,1.2,0.231331,0.1,1.2,0.107608,0
0.1,1.8,0.274475,0.1,1.8,0.148457,0
0.5,0.06,0.331121,0.5,0.06,0.037623,0
0.5,0.24,0.353268,0.5,0.24,0.049373,0
0.5,0.48,0.379365,0.5,0.48,0.061123,0
0.5,0.9,0.409189,0.5,0.9,0.088912,0
0.5,1.2,0.432351,0.5,1.2,0.108317,0
0.5,1.8,0.475135,0.5,1.8,0.145618,0
1.2,0.06,0.687948,1.2,0.06,0.03829,0
1.2,0.24,0.708999,1.2,0.24,0.049314,0
1.2,0.48,0.731262,1.2,0.48,0.061286,0
1.2,0.9,0.759398,1.2,0.9,0.089255,0
1.2,1.2,0.783001,1.2,1.2,0.108733,0
1.2,1.8,0.826344,1.2,1.8,0.148036,0
3.0,0.06,1.59582,3.0,0.06,0.036303,0
3.0,0.24,1.63386,3.0,0.24,0.048946,0
3.0,0.48,1.6668,3.0,0.48,0.060629,0
3.0,0.9,1.67432,3.0,0.9,0.088995,0
3.0,1.2,1.69167,3.0,1.2,0.108628,0
3.0,1.8,1.73044,3.0,1.8,0.147921,0
4.0,0.06,2.09346,4.0,0.06,0.036943,0
4.0,0.24,2.13164,4.0,0.24,0.048786,0
4.0,0.48,2.14502,4.0,0.48,0.060669,0
4.0,0.9,2.17719,4.0,0.9,0.088762,0
4.0,1.2,2.19296,4.0,1.2,0.108625,0
4.0,1.8,2.23238,4.0,1.8,0.147669,0
5.0,0.06,2.60697,5.0,0.06,0.037541,0
5.0,0.24,2.61897,5.0,0.24,0.048607,0
5.0,0.48,2.65079,5.0,0.48,0.060954,0
5.0,0.9,2.67966,5.0,0.9,0.088739,0
5.0,1.2,2.70986,5.0,1.2,0.108265,0
5.0,1.8,2.74005,5.0,1.8,0.147491,0
0.1,0.06,0.127188,0.1,0.06,0.04667,0
0.1,0.24,0.153027,0.1,0.24,0.056951,0
0.1,0.48,0.178895,0.1,0.48,0.070835,0
0.1,0.9,0.208286,0.1,0.9,0.095913,0
0.1,1.2,0.231331,0.1,1.2,0.113805,0
0.1,1.8,0.274475,0.1,1.8,0.152249,0
0.5,0.06,0.331121,0.5,0.06,0.048855,0
0.5,0.24,0.353268,0.5,0.24,0.057403,0
0.5,0.48,0.379365,0.5,0.48,0.0705,0
0.5,0.9,0.409189,0.5,0.9,0.096309,0
0.5,1.2,0.432351,0.5,1.2,0.114264,0
0.5,1.8,0.475135,0.5,1.8,0.150444,0
1.2,0.06,0.687948,1.2,0.06,0.043425,0
1.2,0.24,0.708999,1.2,0.24,0.057752,0
1.2,0.48,0.731262,1.2,0.48,0.070642,0
1.2,0.9,0.759398,1.2,0.9,0.097093,0
1.2,1.2,0.783001,1.2,1.2,0.114342,0
1.2,1.8,0.826344,1.2,1.8,0.150253,0
3.0,0.06,1.59582,3.0,0.06,0.020503,0
3.0,0.24,1.63386,3.0,0.24,0.057879,0
3.0,0.48,1.6668,3.0,0.48,0.070863,0
3.0,0.9,1.67432,3.0,0.9,0.097425,0
3.0,1.2,1.69167,3.0,1.2,0.114785,0
3.0,1.8,1.73044,3.0,1.8,0.151847,0
4.0,0.06,2.09346,4.0,0.06,0.021609,0
4.0,0.24,2.13164,4.0,0.24,0.057967,0
4.0,0.48,2.14502,4.0,0.48,0.07098,0
4.0,0.9,2.17719,4.0,0.9,0.097615,0
4.0,1.2,2.19296,4.0,1.2,0.115065,0
4.0,1.8,2.23238,4.0,1.8,0.152008,0
5.0,0.06,2.60697,5.0,0.06,0.030299,0
5.0,0.24,2.61897,5.0,0.24,0.058137,0
5.0,0.48,2.65079,5.0,0.48,0.071152,0
5.282388132157076,1.242243066776498,2.23983816222438,4.589835769433766,0.7884871593667989,0.23878810523111027,1
5.0,1.2,2.70986,5.0,1.2,0.114996,0
5.0,1.8,2.74005,5.0,1.8,0.152169,0
0.1,0.06,0.074236,0.1,0.06,0.037711,0
0.1,0.24,0.073547,0.1,0.24,0.049114,0
0.1,0.48,0.073834,0.1,0.48,0.061886,0
-0.09081554770660566,1.2700628320526222,-0.013527208780693745,0.3079013628602226,0.5871134781341119,0.20407017270896877,1
0.1,1.2,0.074292,0.1,1.2,0.107608,0
0.1,1.8,0.07426,0.1,1.8,0.148457,0
0.5,0.06,0.361887,0.5,0.06,0.037623,0
0.5,0.24,0.352656,0.5,0.24,0.049373,0
0.5,0.48,0.34443,0.5,0.48,0.061123,0
0.5,0.9,0.346828,0.5,0.9,0.088912,0
0.5,1.2,0.349215,0.5,1.2,0.108317,0
0.5,1.8,0.34888,0.5,1.8,0.145618,0
1.2,0.06,0.851639,1.2,0.06,0.03829,0
1.2,0.24,0.861256,1.2,0.24,0.049314,0
1.2,0.48,0.854556,1.2,0.48,0.061286,0
1.2,0.9,0.820722,1.2,0.9,0.089255,0
1.2,1.2,0.815264,1.2,1.2,0.108733,0
1.2,1.8,0.82803,1.2,1.8,0.148036,0
3.0,0.06,2.1288,3.0,0.06,0.036303,0
3.0,0.24,2.13988,3.0,0.24,0.048946,0
3.0,0.48,2.16988,3.0,0.48,0.060629,0
3.0,0.9,2.10714,3.0,0.9,0.088995,0
3.0,1.2,2.09428,3.0,1.2,0.108628,0
3.0,1.8,2.06564,3.0,1.8,0.147921,0
4.0,0.06,2.89291,4.0,0.06,0.036943,0
4.0,0.24,2.89442,4.0,0.24,0.048786,0
4.0,0.48,2.83459,4.0,0.48,0.060669,0
4.0,0.9,2.85921,4.0,0.9,0.088762,0
4.0,1.2,2.86186,4.0,1.2,0.108625,0
4.0,1.8,2.83937,4.0,1.8,0.147669,0
5.0,0.06,3.55982,5.0,0.06,0.037541,0
5.0,0.24,3.72993,5.0,0.24,0.048607,0
5.0,0.48,3.61756,5.0,0.48,0.060954,0
5.0,0.9,3.74553,5.0,0.9,0.088739,0
5.0,1.2,3.63612,5.0,1.2,0.108265,0
5.0,1.8,3.47908,5.0,1.8,0.147491,0
0.1,0.06,0.074236,0.1,0.06,0.04667,0
0.1,0.24,0.073547,0.1,0.24,0.056951,0
0.1,0.48,0.073834,0.1,0.48,0.070835,0
0.1,0.9,0.073245,0.1,0.9,0.095913,0
0.1,1.2,0.074292,0.1,1.2,0.113805,0
0.1,1.8,0.07426,0.1,1.8,0.152249,0
0.5,0.06,0.361887,0.5,0.06,0.048855,0
0.5,0.24,0.352656,0.5,0.24,0.057403,0
0.5,0.48,0.34443,0.5,0.48,0.0705,0
0.5,0.9,0.346828,0.5,0.9,0.096309,0
0.5,1.2,0.349215,0.5,1.2,0.114264,0
0.5,1.8,0.34888,0.5,1.8,0.150444,0
1.2,0.06,0.851639,1.2,0.06,0.043425,0
1.2,0.24,0.861256,1.2,0.24,0.057752,0
1.2,0.48,0.854556,1.2,0.48,0.070642,0
1.2,0.9,0.820722,1.2,0.9,0.097093,0
1.2,1.2,0.815264,1.2,1.2,0.114342,0
1.2,1.8,0.82803,1.2,1.8,0.150253,0
3.0,0.06,2.1288,3.0,0.06,0.020503,0
3.0,0.24,2.13988,3.0,0.24,0.057879,0
3.0,0.48,2.16988,3.0,0.48,0.070863,0
3.0,0.9,2.10714,3.0,0.9,0.097425,0
3.0,1.2,2.09428,3.0,1.2,0.114785,0
3.0,1.8,2.06564,3.0,1.8,0.151847,0
4.0,0.06,2.89291,4.0,0.06,0.021609,0
4.0,0.24,2.89442,4.0,0.24,0.057967,0
4.0,0.48,2.83459,4.0,0.48,0.07098,0
4.0,0.9,2.85921,4.0,0.9,0.097615,0
10.850876638528073,6.4703120513273555,58.722535249008416,13.604856210114969,7.137260522860208,59.0575769303492,1
4.0,1.8,2.83937,4.0,1.8,0.152008,0
5.0,0.06,3.55982,5.0,0.06,0.030299,0
5.0,0.24,3.72993,5.0,0.24,0.058137,0
5.0,0.48,3.61756,5.0,0.48,0.071152,0
5.0,0.9,3.74553,5.0,0.9,0.09777,0
12.00038569161693,6.401371093443659,42.84895366124712,13.86716952156494,8.402587742280911,54.762741406636096,1
5.0,1.8,3.47908,5.0,1.8,0.152169,0
0.1,0.06,0.037711,0.1,0.06,0.04667,0
0.1,0.24,0.049114,0.1,0.24,0.056951,0
0.1,0.48,0.061886,0.1,0.48,0.070835,0
0.1,0.9,0.089108,0.1,0.9,0.095913,0
0.1,1.2,0.107608,0.1,1.2,0.113805,0
0.1,1.8,0.148457,0.1,1.8,0.152249,0
0.5,0.06,0.037623,0.5,0.06,0.048855,0
0.5,0.24,0.049373,0.5,0.24,0.057403,0
0.5,0.48,0.061123,0.5,0.48,0.0705,0
0.5,0.9,0.088912,0.5,0.9,0.096309,0
0.5,1.2,0.108317,0.5,1.2,0.114264,0
0.5,1.8,0.145618,0.5,1.8,0.150444,0
1.2,0.06,0.03829,1.2,0.06,0.043425,0
1.2,0.24,0.049314,1.2,0.24,0.057752,0
1.2,0.48,0.061286,1.2,0.48,0.070642,0
1.2,0.9,0.089255,1.2,0.9,0.097093,0
1.2,1.2,0.108733,1.2,1.2,0.114342,0
1.2,1.8,0.148036,1.2,1.8,0.150253,0
3.0,0.06,0.036303,3.0,0.06,0.020503,0
3.0,0.24,0.048946,3.0,0.24,0.057879,0
3.0,0.48,0.060629,3.0,0.48,0.070863,0
3.0,0.9,0.088995,3.0,0.9,0.097425,0
3.0,1.2,0.108628,3.0,1.2,0.114785,0
3.0,1.8,0.147921,3.0,1.8,0.151847,0
4.0,0.06,0.036943,4.0,0.06,0.021609,0
4.0,0.24,0.048786,4.0,0.24,0.057967,0
4.0,0.48,0.060669,4.0,0.48,0.07098,0
4.0,0.9,0.088762,4.0,0.9,0.097615,0
4.0,1.2,0.108625,4.0,1.2,0.115065,0
4.0,1.8,0.147669,4.0,1.8,0.152008,0
5.0,0.06,0.037541,5.0,0.06,0.030299,0
5.0,0.24,0.048607,5.0,0.24,0.058137,0
5.0,0.48,0.060954,5.0,0.48,0.071152,0
5.0,0.9,0.088739,5.0,0.9,0.09777,0
5.0,1.2,0.108265,5.0,1.2,0.114996,0
5.0,1.8,0.147491,5.0,1.8,0.152169,0
0.1,0.06,0.16682,0.1,0.06,0.123317,0
0.1,0.24,0.17274,0.1,0.24,0.126266,0
0.1,0.48,0.170587,0.1,0.48,0.124121,0
0.1,0.9,0.153582,0.1,0.9,0.123262,0
0.1,1.2,0.148058,0.1,1.2,0.123069,0
0.1,1.8,0.118108,0.1,1.8,0.123527,0
0.5,0.06,0.476137,0.5,0.06,0.595347,0
0.5,0.24,0.484081,0.5,0.24,0.586124,0
0.5,0.48,0.475698,0.5,0.48,0.587184,0
0.5,0.9,0.462865,0.5,0.9,0.586099,0
0.5,1.2,0.455941,0.5,1.2,0.585833,0
0.5,1.8,0.427515,0.5,1.8,0.588683,0
1.2,0.06,1.01612,1.2,0.06,1.41609,0
1.2,0.24,1.01622,1.2,0.24,1.42435,0
1.2,0.48,1.01942,1.2,0.48,1.422,0
1.2,0.9,0.994967,1.2,0.9,1.40424,0
1.2,1.2,0.986457,1.2,1.2,1.39922,0
1.2,1.8,0.965768,1.2,1.8,1.3933,0
3.0,0.06,2.41248,3.0,0.06,3.54166,0
3.0,0.24,2.41282,3.0,0.24,3.58017,0
3.0,0.48,2.41244,3.0,0.48,3.56867,0
3.0,0.9,2.38888,3.0,0.9,3.59532,0
3.0,1.2,2.40962,3.0,1.2,3.5131,0
3.0,1.8,2.3307,3.0,1.8,3.48551,0
4.0,0.06,3.16919,4.0,0.06,4.66899,0
4.0,0.24,3.21949,4.0,0.24,4.76968,0
4.0,0.48,3.21356,4.0,0.48,4.76397,0
4.0,0.9,3.17835,4.0,0.9,4.69199,0
4.0,1.2,3.12581,4.0,1.2,4.74648,0
4.0,1.8,3.15029,4.0,1.8,4.66549,0
5.0,0.06,3.98009,5.0,0.06,5.85502,0
5.0,0.24,3.98366,5.0,0.24,5.86898,0
5.0,0.48,3.97875,5.0,0.48,5.86272,0
5.0,0.9,3.92815,5.0,0.9,5.86294,0
5.0,1.2,3.98114,5.0,1.2,5.95992,0
5.0,1.8,3.88157,5.0,1.8,5.83487,0
0.1,0.06,0.16682,0.1,0.06,0.150093,0
0.1,0.24,0.17274,0.1,0.24,0.175107,0
0.1,0.48,0.170587,0.1,0.48,0.200825,0
0.1,0.9,0.153582,0.1,0.9,0.230239,0
0.1,1.2,0.148058,0.1,1.2,0.254055,0
0.1,1.8,0.118108,0.1,1.8,0.296987,0
0.5,0.06,0.476137,0.5,0.06,0.352068,0
0.5,0.24,0.484081,0.5,0.24,0.376884,0
0.5,0.48,0.475698,0.5,0.48,0.401202,0
0.5,0.9,0.462865,0.5,0.9,0.431277,0
0.5,1.2,0.455941,0.5,1.2,0.455399,0
0.5,1.8,0.427515,0.5,1.8,0.49765,0
1.2,0.06,1.01612,1.2,0.06,0.702822,0
1.2,0.24,1.01622,1.2,0.24,0.73131,0
1.2,0.48,1.01942,1.2,0.48,0.756783,0
0.45394899142731804,1.547603536334822,0.9139359489815881,1.7975887057557083,0.6598927829338003,0.915580393200496,1
1.2,1.2,0.986457,1.2,1.2,0.806264,0
1.2,1.8,0.965768,1.2,1.8,0.84986,0
3.0,0.06,2.41248,3.0,0.06,1.62103,0
3.0,0.24,2.41282,3.0,0.24,1.65478,0
3.0,0.48,2.41244,3.0,0.48,1.68758,0
3.0,0.9,2.38888,3.0,0.9,1.68402,0
3.0,1.2,2.40962,3.0,1.2,1.70861,0
3.0,1.8,2.3307,3.0,1.8,1.74904,0
4.0,0.06,3.16919,4.0,0.06,2.10563,0
4.0,0.24,3.21949,4.0,0.24,2.13535,0
4.0,0.48,3.21356,4.0,0.48,2.16208,0
4.0,0.9,3.17835,4.0,0.9,2.21265,0
4.0,1.2,3.12581,4.0,1.2,2.23903,0
4.0,1.8,3.15029,4.0,1.8,2.25014,0
5.0,0.06,3.98009,5.0,0.06,2.63592,0
5.0,0.24,3.98366,5.0,0.24,2.69323,0
5.0,0.48,3.97875,5.0,0.48,2.72927,0
5.0,0.9,3.92815,5.0,0.9,2.72417,0
5.0,1.2,3.98114,5.0,1.2,2.72571,0
5.0,1.8,3.88157,5.0,1.8,2.77822,0
0.1,0.06,0.16682,0.1,0.06,0.073533,0
0.1,0.24,0.17274,0.1,0.24,0.076175,0
0.1,0.48,0.170587,0.1,0.48,0.073935,0
0.1,0.9,0.153582,0.1,0.9,0.073523,0
0.1,1.2,0.148058,0.1,1.2,0.073451,0
0.1,1.8,0.118108,0.1,1.8,0.073687,0
0.5,0.06,0.476137,0.5,0.06,0.35834,0
0.5,0.24,0.484081,0.5,0.24,0.36076,0
0.5,0.48,0.475698,0.5,0.48,0.344358,0
0.5,0.9,0.462865,0.5,0.9,0.347732,0
0.5,1.2,0.455941,0.5,1.2,0.349446,0
0.5,1.8,0.427515,0.5,1.8,0.348882,0
1.2,0.06,1.01612,1.2,0.06,0.849429,0
1.2,0.24,1.01622,1.2,0.24,0.887646,0
1.2,0.48,1.01942,1.2,0.48,0.846875,0
1.2,0.9,0.994967,1.2,0.9,0.826505,0
1.2,1.2,0.986457,1.2,1.2,0.831965,0
1.2,1.8,0.965768,1.2,1.8,0.821433,0
3.0,0.06,2.41248,3.0,0.06,2.12996,0
3.0,0.24,2.41282,3.0,0.24,2.16448,0
3.0,0.48,2.41244,3.0,0.48,2.13318,0
3.0,0.9,2.38888,3.0,0.9,2.20059,0
3.0,1.2,2.40962,3.0,1.2,2.14298,0
3.0,1.8,2.3307,3.0,1.8,2.08091,0
4.0,0.06,3.16919,4.0,0.06,2.8152,0
4.0,0.24,3.21949,4.0,0.24,3.00961,0
4.0,0.48,3.21356,4.0,0.48,2.94008,0
4.0,0.9,3.17835,4.0,0.9,2.81863,0
4.0,1.2,3.12581,4.0,1.2,2.80086,0
4.0,1.8,3.15029,4.0,1.8,2.78445,0
4.848865303958736,0.3254335810335744,3.5121743851047174,4.46205308563787,-0.5015975254376888,4.527877273838577,1
5.0,0.24,3.98366,5.0,0.24,3.61815,0
5.0,0.48,3.97875,5.0,0.48,3.83897,0
0.5,0.24,0.36076,0.5,0.24,0.064257,1
5.0,1.2,3.98114,5.0,1.2,3.55034,0
5.0,1.8,3.88157,5.0,1.8,3.48455,0
0.1,0.06,0.16682,0.1,0.06,0.052385,0
0.1,0.24,0.17274,0.1,0.24,0.064006,0
0.1,0.48,0.170587,0.1,0.48,0.074926,0
0.1,0.9,0.153582,0.1,0.9,0.102931,0
0.1,1.2,0.148058,0.1,1.2,0.121732,0
0.1,1.8,0.118108,0.1,1.8,0.161844,0
0.5,0.06,0.476137,0.5,0.06,0.052225,0
0.5,0.24,0.484081,0.5,0.24,0.064257,0
0.5,0.48,0.475698,0.5,0.48,0.074883,0
0.5,0.9,0.462865,0.5,0.9,0.104413,0
0.5,1.2,0.455941,0.5,1.2,0.122427,0
0.5,1.8,0.427515,0.5,1.8,0.162252,0
1.0576052952423025,-0.4386324789842077,0.7841927852470271,0.650906808110925,-0.16445419365650318,-0.15011617851170161,1
1.2,0.24,1.01622,1.2,0.24,0.06405,0
1.2,0.48,1.01942,1.2,0.48,0.07481,0
1.2,0.9,0.994967,1.2,0.9,0.10441,0
1.2,1.2,0.986457,1.2,1.2,0.122749,0
1.2,1.8,0.965768,1.2,1.8,0.162746,0
3.0,0.06,2.41248,3.0,0.06,0.055631,0
3.0,0.24,2.41282,3.0,0.24,0.063585,0
3.0,0.48,2.41244,3.0,0.48,0.074597,0
3.0,0.9,2.38888,3.0,0.9,0.104398,0
3.0,1.2,2.40962,3.0,1.2,0.12251,0
3.0,1.8,2.3307,3.0,1.8,0.162562,0
4.0,0.06,3.16919,4.0,0.06,0.053596,0
4.0,0.24,3.21949,4.0,0.24,0.063516,0
4.0,0.48,3.21356,4.0,0.48,0.074554,0
4.0,0.9,3.17835,4.0,0.9,0.104067,0
4.0,1.2,3.12581,4.0,1.2,0.122343,0
4.0,1.8,3.15029,4.0,1.8,0.162425,0
5.0,0.06,3.98009,5.0,0.06,0.047758,0
5.0,0.24,3.98366,5.0,0.24,0.063269,0
5.0,0.48,3.97875,5.0,0.48,0.074233,0
5.0,0.9,3.92815,5.0,0.9,0.103626,0
5.0,1.2,3.98114,5.0,1.2,0.12227,0
5.0,1.8,3.88157,5.0,1.8,0.162312,0
0.1,0.06,0.16682,0.1,0.06,0.060815,0
0.1,0.24,0.17274,0.1,0.24,0.071639,0
0.1,0.48,0.170587,0.1,0.48,0.085054,0
0.1,0.9,0.153582,0.1,0.9,0.111367,0
0.1,1.2,0.148058,0.1,1.2,0.128981,0
0.1,1.8,0.118108,0.1,1.8,0.166988,0
0.5,0.06,0.476137,0.5,0.06,0.060656,0
0.5,0.24,0.484081,0.5,0.24,0.072261,0
0.5,0.48,0.475698,0.5,0.48,0.084962,0
0.5,0.9,0.462865,0.5,0.9,0.111578,0
0.5,1.2,0.455941,0.5,1.2,0.130432,0
0.5,1.8,0.427515,0.5,1.8,0.166498,0
1.2,0.06,1.01612,1.2,0.06,0.062462,0
1.2,0.24,1.01622,1.2,0.24,0.072668,0
1.2,0.48,1.01942,1.2,0.48,0.085264,0
1.2,0.9,0.994967,1.2,0.9,0.111642,0
1.2,1.2,0.986457,1.2,1.2,0.130573,0
1.2,1.8,0.965768,1.2,1.8,0.16702,0
3.0,0.06,2.41248,3.0,0.06,0.073821,0
3.0,0.24,2.41282,3.0,0.24,0.072399,0
3.0,0.48,2.41244,3.0,0.48,0.085454,0
3.0,0.9,2.38888,3.0,0.9,0.112071,0
3.0,1.2,2.40962,3.0,1.2,0.131025,0
3.0,1.8,2.3307,3.0,1.8,0.167235,0
4.0,0.06,3.16919,4.0,0.06,0.064963,0
4.0,0.24,3.21949,4.0,0.24,0.072657,0
4.0,0.48,3.21356,4.0,0.48,0.085688,0
4.0,0.9,3.17835,4.0,0.9,0.112012,0
4.0,1.2,3.12581,4.0,1.2,0.131188,0
4.0,1.8,3.15029,4.0,1.8,0.167506,0
5.0,0.06,3.98009,5.0,0.06,0.049717,0
5.0,0.24,3.98366,5.0,0.24,0.072478,0
5.0,0.48,3.97875,5.0,0.48,0.085818,0
5.0,0.9,3.92815,5.0,0.9,0.112124,0
5.0,1.2,3.98114,5.0,1.2,0.131386,0
5.0,1.8,3.88157,5.0,1.8,0.167565,0
0.1,0.06,0.123317,0.1,0.06,0.150093,0
0.1,0.24,0.126266,0.1,0.24,0.175107,0
0.1,0.48,0.124121,0.1,0.48,0.200825,0
0.1,0.9,0.123262,0.1,0.9,0.230239,0
14.782463345373142,7.09301517876176,44.28394838034459,11.228408338475669,5.125227728158102,63.6624843488363,1
0.1,1.8,0.123527,0.1,1.8,0.296987,0
0.5,0.06,0.595347,0.5,0.06,0.352068,0
0.5,0.24,0.586124,0.5,0.24,0.376884,0
0.5,0.48,0.587184,0.5,0.48,0.401202,0
0.5,0.9,0.586099,0.5,0.9,0.431277,0
0.5,1.2,0.585833,0.5,1.2,0.455399,0
0.5,1.8,0.588683,0.5,1.8,0.49765,0
1.2,0.06,1.41609,1.2,0.06,0.702822,0
1.2,0.24,1.42435,1.2,0.24,0.73131,0
1.2,0.48,1.422,1.2,0.48,0.756783,0
1.2,0.9,1.40424,1.2,0.9,0.781155,0
1.2,1.2,1.39922,1.2,1.2,0.806264,0
1.2,1.8,1.3933,1.2,1.8,0.84986,0
3.0,0.06,3.54166,3.0,0.06,1.62103,0
3.0,0.24,3.58017,3.0,0.24,1.65478,0
3.0,0.48,3.56867,3.0,0.48,1.68758,0
3.0,0.9,3.59532,3.0,0.9,1.68402,0
3.0,1.2,3.5131,3.0,1.2,1.70861,0
3.0,1.8,3.48551,3.0,1.8,1.74904,0
4.0,0.06,4.66899,4.0,0.06,2.10563,0
4.0,0.24,4.76968,4.0,0.24,2.13535,0
4.0,0.48,4.76397,4.0,0.48,2.16208,0
4.0,0.9,4.69199,4.0,0.9,2.21265,0
4.0,1.2,4.74648,4.0,1.2,2.23903,0
4.0,1.8,4.66549,4.0,1.8,2.25014,0
5.0,0.06,5.85502,5.0,0.06,2.63592,0
5.0,0.24,5.86898,5.0,0.24,2.69323,0
5.0,0.48,5.86272,5.0,0.48,2.72927,0
5.0,0.9,5.86294,5.0,0.9,2.72417,0
5.0,1.2,5.95992,5.0,1.2,2.72571,0
5.0,1.8,5.83487,5.0,1.8,2.77822,0
0.1,0.06,0.123317,0.1,0.06,0.073533,0
0.1,0.24,0.126266,0.1,0.24,0.076175,0
0.1,0.48,0.124121,0.1,0.48,0.073935,0
0.1,0.9,0.123262,0.1,0.9,0.073523,0
0.1,1.2,0.123069,0.1,1.2,0.073451,0
0.1,1.8,0.123527,0.1,1.8,0.073687,0
0.5,0.06,0.595347,0.5,0.06,0.35834,0
0.5,0.24,0.586124,0.5,0.24,0.36076,0
0.5,0.48,0.587184,0.5,0.48,0.344358,0
0.5,0.9,0.586099,0.5,0.9,0.347732,0
0.5,1.2,0.585833,0.5,1.2,0.349446,0
0.5,1.8,0.588683,0.5,1.8,0.348882,0
1.2,0.06,1.41609,1.2,0.06,0.849429,0
1.2,0.24,1.42435,1.2,0.24,0.887646,0
1.2,0.48,1.422,1.2,0.48,0.846875,0
1.2,0.9,1.40424,1.2,0.9,0.826505,0
1.2,1.2,1.39922,1.2,1.2,0.831965,0
1.2,1.8,1.3933,1.2,1.8,0.821433,0
3.0,0.06,3.54166,3.0,0.06,2.12996,0
3.0,0.24,3.58017,3.0,0.24,2.16448,0
3.0,0.48,3.56867,3.0,0.48,2.13318,0
3.0,0.9,3.59532,3.0,0.9,2.20059,0
3.0,1.2,3.5131,3.0,1.2,2.14298,0
3.0,1.8,3.48551,3.0,1.8,2.08091,0
4.0,0.06,4.66899,4.0,0.06,2.8152,0
4.0,0.24,4.76968,4.0,0.24,3.00961,0
4.0,0.48,4.76397,4.0,0.48,2.94008,0
4.0,0.9,4.69199,4.0,0.9,2.81863,0
4.0,1.2,4.74648,4.0,1.2,2.80086,0
4.0,1.8,4.66549,4.0,1.8,2.78445,0
5.0,0.06,5.85502,5.0,0.06,3.50505,0
5.0,0.24,5.86898,5.0,0.24,3.61815,0
5.0,0.48,5.86272,5.0,0.48,3.83897,0
5.0,0.9,5.86294,5.0,0.9,3.52494,0
5.0,1.2,5.95992,5.0,1.2,3.55034,0
5.0,1.8,5.83487,5.0,1.8,3.48455,0
0.1,0.06,0.123317,0.1,0.06,0.052385,0
0.1,0.24,0.126266,0.1,0.24,0.064006,0
0.1,0.48,0.124121,0.1,0.48,0.074926,0
0.1,0.9,0.123262,0.1,0.9,0.102931,0
0.1,1.2,0.123069,0.1,1.2,0.121732,0
0.1,1.8,0.123527,0.1,1.8,0.161844,0
0.5,0.06,0.595347,0.5,0.06,0.052225,0
0.5,0.24,0.586124,0.5,0.24,0.064257,0
0.5,0.48,0.587184,0.5,0.48,0.074883,0
0.5,0.9,0.586099,0.5,0.9,0.104413,0
0.5,1.2,0.585833,0.5,1.2,0.122427,0
0.5,1.8,0.588683,0.5,1.8,0.162252,0
1.2,0.06,1.41609,1.2,0.06,0.052939,0
1.2,0.24,1.42435,1.2,0.24,0.06405,0
1.2,0.48,1.422,1.2,0.48,0.07481,0
1.2,0.9,1.40424,1.2,0.9,0.10441,0
11.098232815802753,4.09162924760094,50.80662036758786,10.562171453014082,6.62270580842655,61.05638243018875,1
1.2,1.8,1.3933,1.2,1.8,0.162746,0
3.0,0.06,3.54166,3.0,0.06,0.055631,0
3.0,0.24,3.58017,3.0,0.24,0.063585,0
3.0,0.48,3.56867,3.0,0.48,0.074597,0
3.0,0.9,3.59532,3.0,0.9,0.104398,0
3.0,1.2,3.5131,3.0,1.2,0.12251,0
3.0,1.8,3.48551,3.0,1.8,0.162562,0
4.0,0.06,4.66899,4.0,0.06,0.053596,0
4.0,0.24,4.76968,4.0,0.24,0.063516,0
4.0,0.48,4.76397,4.0,0.48,0.074554,0
4.0,0.9,4.69199,4.0,0.9,0.104067,0
4.0,1.2,4.74648,4.0,1.2,0.122343,0
4.0,1.8,4.66549,4.0,1.8,0.162425,0
5.0,0.06,5.85502,5.0,0.06,0.047758,0
5.0,0.24,5.86898,5.0,0.24,0.063269,0
5.0,0.48,5.86272,5.0,0.48,0.074233,0
5.0,0.9,5.86294,5.0,0.9,0.103626,0
5.0,1.2,5.95992,5.0,1.2,0.12227,0
5.0,1.8,5.83487,5.0,1.8,0.162312,0
0.1,0.06,0.123317,0.1,0.06,0.060815,0
0.1,0.24,0.126266,0.1,0.24,0.071639,0
0.1,0.48,0.124121,0.1,0.48,0.085054,0
0.1,0.9,0.123262,0.1,0.9,0.111367,0
0.1,1.2,0.123069,0.1,1.2,0.128981,0
0.1,1.8,0.123527,0.1,1.8,0.166988,0
0.5,0.06,0.595347,0.5,0.06,0.060656,0
0.5,0.24,0.586124,0.5,0.24,0.072261,0
0.5,0.48,0.587184,0.5,0.48,0.084962,0
0.5,0.9,0.586099,0.5,0.9,0.111578,0
0.5,1.2,0.585833,0.5,1.2,0.130432,0
0.5,1.8,0.588683,0.5,1.8,0.166498,0
1.2,0.06,1.41609,1.2,0.06,0.062462,0
1.2,0.24,1.42435,1.2,0.24,0.072668,0
1.2,0.48,1.422,1.2,0.48,0.085264,0
1.2,0.9,1.40424,1.2,0.9,0.111642,0
1.2,1.2,1.39922,1.2,1.2,0.130573,0
1.2,1.8,1.3933,1.2,1.8,0.16702,0
3.0,0.06,3.54166,3.0,0.06,0.073821,0
3.0,0.24,3.58017,3.0,0.24,0.072399,0
3.0,0.48,3.56867,3.0,0.48,0.085454,0
3.0,0.9,3.59532,3.0,0.9,0.112071,0
3.0,1.2,3.5131,3.0,1.2,0.131025,0
9.844681919873167,4.305831826024547,69.41120882785046,17.75159376470292,4.936876823749107,38.03462510587768,1
4.0,0.06,4.66899,4.0,0.06,0.064963,0
4.0,0.24,4.76968,4.0,0.24,0.072657,0
4.28487945985209,0.31791156947967936,3.6652194973689847,4.6343569472882855,0.5751116109224469,-0.10412424833841692,1
4.0,0.9,4.69199,4.0,0.9,0.112012,0
4.0,1.2,4.74648,4.0,1.2,0.131188,0
4.0,1.8,4.66549,4.0,1.8,0.167506,0
5.0,0.06,5.85502,5.0,0.06,0.049717,0
5.0,0.24,5.86898,5.0,0.24,0.072478,0
5.0,0.48,5.86272,5.0,0.48,0.085818,0
5.0,0.9,5.86294,5.0,0.9,0.112124,0
5.0,1.2,5.95992,5.0,1.2,0.131386,0
5.0,1.8,5.83487,5.0,1.8,0.167565,0
0.1,0.06,0.150093,0.1,0.06,0.073533,0
0.1,0.24,0.175107,0.1,0.24,0.076175,0
0.1,0.48,0.200825,0.1,0.48,0.073935,0
0.1,0.9,0.230239,0.1,0.9,0.073523,0
0.1,1.2,0.254055,0.1,1.2,0.073451,0
0.1,1.8,0.296987,0.1,1.8,0.073687,0
0.5,0.06,0.352068,0.5,0.06,0.35834,0
0.5,0.24,0.376884,0.5,0.24,0.36076,0
0.5,0.48,0.401202,0.5,0.48,0.344358,0
0.5,0.9,0.431277,0.5,0.9,0.347732,0
0.5,1.2,0.455399,0.5,1.2,0.349446,0
0.5,1.8,0.49765,0.5,1.8,0.348882,0
1.2,0.06,0.702822,1.2,0.06,0.849429,0
1.2,0.24,0.73131,1.2,0.24,0.887646,0
1.2,0.48,0.756783,1.2,0.48,0.846875,0
1.2,0.9,0.781155,1.2,0.9,0.826505,0
1.2,1.2,0.806264,1.2,1.2,0.831965,0
1.2,1.8,0.84986,1.2,1.8,0.821433,0
3.0,0.06,1.62103,3.0,0.06,2.12996,0
3.0,0.24,1.65478,3.0,0.24,2.16448,0
3.0,0.48,1.68758,3.0,0.48,2.13318,0
3.0,0.9,1.68402,3.0,0.9,2.20059,0
3.0,1.2,1.70861,3.0,1.2,2.14298,0
3.0,1.8,1.74904,3.0,1.8,2.08091,0
4.0,0.06,2.10563,4.0,0.06,2.8152,0
4.0,0.24,2.13535,4.0,0.24,3.00961,0
4.0,0.48,2.16208,4.0,0.48,2.94008,0
4.0,0.9,2.21265,4.0,0.9,2.81863,0
4.0,1.2,2.23903,4.0,1.2,2.80086,0
4.0,1.8,2.25014,4.0,1.8,2.78445,0
5.0,0.06,2.63592,5.0,0.06,3.50505,0
5.0,0.24,2.69323,5.0,0.24,3.61815,0
5.0,0.48,2.72927,5.0,0.48,3.83897,0
5.0,0.9,2.72417,5.0,0.9,3.52494,0
5.0,1.2,2.72571,5.0,1.2,3.55034,0
5.0,1.8,2.77822,5.0,1.8,3.48455,0
0.1,0.06,0.150093,0.1,0.06,0.052385,0
0.1,0.24,0.175107,0.1,0.24,0.064006,0
0.1,0.48,0.200825,0.1,0.48,0.074926,0
0.1,0.9,0.230239,0.1,0.9,0.102931,0
0.1,1.2,0.254055,0.1,1.2,0.121732,0
0.1,1.8,0.296987,0.1,1.8,0.161844,0
0.5,0.06,0.352068,0.5,0.06,0.052225,0
0.5,0.24,0.376884,0.5,0.24,0.064257,0
0.5,0.48,0.401202,0.5,0.48,0.074883,0
0.5,0.9,0.431277,0.5,0.9,0.104413,0
0.5,1.2,0.455399,0.5,1.2,0.122427,0
0.5,1.8,0.49765,0.5,1.8,0.162252,0
1.2,0.06,0.702822,1.2,0.06,0.052939,0
1.2,0.24,0.73131,1.2,0.24,0.06405,0
1.2,0.48,0.756783,1.2,0.48,0.07481,0
1.2,0.9,0.781155,1.2,0.9,0.10441,0
1.2,1.2,0.806264,1.2,1.2,0.122749,0
1.2,1.8,0.84986,1.2,1.8,0.162746,0
3.0,0.06,1.62103,3.0,0.06,0.055631,0
3.0,0.24,1.65478,3.0,0.24,0.063585,0
3.0,0.48,1.68758,3.0,0.48,0.074597,0
3.0,0.9,1.68402,3.0,0.9,0.104398,0
3.0,1.2,1.70861,3.0,1.2,0.12251,0
3.0,1.8,1.74904,3.0,1.8,0.162562,0
4.0,0.06,2.10563,4.0,0.06,0.053596,0
4.0,0.24,2.13535,4.0,0.24,0.063516,0
4.0,0.48,2.16208,4.0,0.48,0.074554,0
4.0,0.9,2.21265,4.0,0.9,0.104067,0
4.0,1.2,2.23903,4.0,1.2,0.122343,0
4.0,1.8,2.25014,4.0,1.8,0.162425,0
5.0,0.06,2.63592,5.0,0.06,0.047758,0
5.0,0.24,2.69323,5.0,0.24,0.063269,0
5.0,0.48,2.72927,5.0,0.48,0.074233,0
5.0,0.9,2.72417,5.0,0.9,0.103626,0
5.0,1.2,2.72571,5.0,1.2,0.12227,0
5.0,1.8,2.77822,5.0,1.8,0.162312,0
0.1,0.06,0.150093,0.1,0.06,0.060815,0
0.1,0.24,0.175107,0.1,0.24,0.071639,0
0.1,0.48,0.200825,0.1,0.48,0.085054,0
0.1,0.9,0.230239,0.1,0.9,0.111367,0
0.1,1.2,0.254055,0.1,1.2,0.128981,0
0.1,1.8,0.296987,0.1,1.8,0.166988,0
0.5,0.06,0.352068,0.5,0.06,0.060656,0
0.5,0.24,0.376884,0.5,0.24,0.072261,0
0.5,0.48,0.401202,0.5,0.48,0.084962,0
0.5,0.9,0.431277,0.5,0.9,0.111578,0
0.5,1.2,0.455399,0.5,1.2,0.130432,0
0.5,1.8,0.49765,0.5,1.8,0.166498,0
1.2,0.06,0.702822,1.2,0.06,0.062462,0
1.2,0.24,0.73131,1.2,0.24,0.072668,0
1.2,0.48,0.756783,1.2,0.48,0.085264,0
1.2,0.9,0.781155,1.2,0.9,0.111642,0
1.2,1.2,0.806264,1.2,1.2,0.130573,0
1.2,1.8,0.84986,1.2,1.8,0.16702,0
3.0,0.06,1.62103,3.0,0.06,0.073821,0
3.0,0.24,1.65478,3.0,0.24,0.072399,0
3.0,0.48,1.68758,3.0,0.48,0.085454,0
3.0,0.9,1.68402,3.0,0.9,0.112071,0
3.0,1.2,1.70861,3.0,1.2,0.131025,0
3.0,1.8,1.74904,3.0,1.8,0.167235,0
4.0,0.06,2.10563,4.0,0.06,0.064963,0
4.0,0.24,2.13535,4.0,0.24,0.072657,0
4.0,0.48,2.16208,4.0,0.48,0.085688,0
4.0,0.9,2.21265,4.0,0.9,0.112012,0
4.0,1.2,2.23903,4.0,1.2,0.131188,0
4.0,1.8,2.25014,4.0,1.8,0.167506,0
5.0,0.06,2.63592,5.0,0.06,0.049717,0
5.0,0.24,2.69323,5.0,0.24,0.072478,0
5.0,0.48,2.72927,5.0,0.48,0.085818,0
5.0,0.9,2.72417,5.0,0.9,0.112124,0
5.0,1.2,2.72571,5.0,1.2,0.131386,0
5.0,1.8,2.77822,5.0,1.8,0.167565,0
0.1,0.06,0.073533,0.1,0.06,0.052385,0
0.1,0.24,0.076175,0.1,0.24,0.064006,0
0.1,0.48,0.073935,0.1,0.48,0.074926,0
0.1,0.9,0.073523,0.1,0.9,0.102931,0
0.1,1.2,0.073451,0.1,1.2,0.121732,0
0.1,1.8,0.073687,0.1,1.8,0.161844,0
0.5,0.06,0.35834,0.5,0.06,0.052225,0
0.5,0.24,0.36076,0.5,0.24,0.064257,0
0.5,0.48,0.344358,0.5,0.48,0.074883,0
0.5,0.9,0.347732,0.5,0.9,0.104413,0
0.5,1.2,0.349446,0.5,1.2,0.122427,0
0.5,1.8,0.348882,0.5,1.8,0.162252,0
1.2,0.06,0.849429,1.2,0.06,0.052939,0
1.2,0.24,0.887646,1.2,0.24,0.06405,0
1.2,0.48,0.846875,1.2,0.48,0.07481,0
1.2,0.9,0.826505,1.2,0.9,0.10441,0
1.2,1.2,0.831965,1.2,1.2,0.122749,0
1.2,1.8,0.821433,1.2,1.8,0.162746,0
3.0,0.06,2.12996,3.0,0.06,0.055631,0
3.0,0.24,2.16448,3.0,0.24,0.063585,0
3.0,0.48,2.13318,3.0,0.48,0.074597,0
3.0,0.9,2.20059,3.0,0.9,0.104398,0
3.0,1.2,2.14298,3.0,1.2,0.12251,0
3.0,1.8,2.08091,3.0,1.8,0.162562,0
4.0,0.06,2.8152,4.0,0.06,0.053596,0
4.0,0.24,3.00961,4.0,0.24,0.063516,0
4.0,0.48,2.94008,4.0,0.48,0.074554,0
4.0,0.9,2.81863,4.0,0.9,0.104067,0
4.0,1.2,2.80086,4.0,1.2,0.122343,0
4.0,1.8,2.78445,4.0,1.8,0.162425,0
5.0,0.06,3.50505,5.0,0.06,0.047758,0
5.0,0.24,3.61815,5.0,0.24,0.063269,0
5.0,0.48,3.83897,5.0,0.48,0.074233,0
5.0,0.9,3.52494,5.0,0.9,0.103626,0
5.0,1.2,3.55034,5.0,1.2,0.12227,0
5.0,1.8,3.48455,5.0,1.8,0.162312,0
0.1,0.06,0.073533,0.1,0.06,0.060815,0
0.1,0.24,0.076175,0.1,0.24,0.071639,0
0.1,0.48,0.073935,0.1,0.48,0.085054,0
0.1,0.9,0.073523,0.1,0.9,0.111367,0
0.1,1.2,0.073451,0.1,1.2,0.128981,0
0.1,1.8,0.073687,0.1,1.8,0.166988,0
0.5,0.06,0.35834,0.5,0.06,0.060656,0
0.5,0.24,0.36076,0.5,0.24,0.072261,0
0.5,0.48,0.344358,0.5,0.48,0.084962,0
0.5,0.9,0.347732,0.5,0.9,0.111578,0
0.5,1.2,0.349446,0.5,1.2,0.130432,0
0.5,1.8,0.348882,0.5,1.8,0.166498,0
1.2,0.06,0.849429,1.2,0.06,0.062462,0
1.2,0.24,0.887646,1.2,0.24,0.072668,0
1.2,0.48,0.846875,1.2,0.48,0.085264,0
1.2,0.9,0.826505,1.2,0.9,0.111642,0
1.2,1.2,0.831965,1.2,1.2,0.130573,0
1.2,1.8,0.821433,1.2,1.8,0.16702,0
3.0,0.06,2.12996,3.0,0.06,0.073821,0
3.0,0.24,2.16448,3.0,0.24,0.072399,0
3.0,0.48,2.13318,3.0,0.48,0.085454,0
3.0,0.9,2.20059,3.0,0.9,0.112071,0
3.0,1.2,2.14298,3.0,1.2,0.131025,0
3.0,1.8,2.08091,3.0,1.8,0.167235,0
4.0,0.06,2.8152,4.0,0.06,0.064963,0
4.0,0.24,3.00961,4.0,0.24,0.072657,0
4.0,0.48,2.94008,4.0,0.48,0.085688,0
4.0,0.9,2.81863,4.0,0.9,0.112012,0
4.0,1.2,2.80086,4.0,1.2,0.131188,0
4.0,1.8,2.78445,4.0,1.8,0.167506,0
5.0,0.06,3.50505,5.0,0.06,0.049717,0
5.0,0.24,3.61815,5.0,0.24,0.072478,0
5.0,0.48,3.83897,5.0,0.48,0.085818,0
5.0,0.9,3.52494,5.0,0.9,0.112124,0
5.0,1.2,3.55034,5.0,1.2,0.131386,0
5.0,1.8,3.48455,5.0,1.8,0.167565,0
0.1,0.06,0.052385,0.1,0.06,0.060815,0
0.1,0.24,0.064006,0.1,0.24,0.071639,0
0.1,0.48,0.074926,0.1,0.48,0.085054,0
0.1,0.9,0.102931,0.1,0.9,0.111367,0
0.1,1.2,0.121732,0.1,1.2,0.128981,0
0.1,1.8,0.161844,0.1,1.8,0.166988,0
0.5,0.06,0.052225,0.5,0.06,0.060656,0
0.5,0.24,0.064257,0.5,0.24,0.072261,0
0.5,0.48,0.074883,0.5,0.48,0.084962,0
0.5,0.9,0.104413,0.5,0.9,0.111578,0
0.5,1.2,0.122427,0.5,1.2,0.130432,0
0.5,1.8,0.162252,0.5,1.8,0.166498,0
1.2,0.06,0.052939,1.2,0.06,0.062462,0
1.2,0.24,0.06405,1.2,0.24,0.072668,0
1.2,0.48,0.07481,1.2,0.48,0.085264,0
1.2,0.9,0.10441,1.2,0.9,0.111642,0
1.2,1.2,0.122749,1.2,1.2,0.130573,0
1.2,1.8,0.162746,1.2,1.8,0.16702,0
3.0,0.06,0.055631,3.0,0.06,0.073821,0
3.0,0.24,0.063585,3.0,0.24,0.072399,0
3.0,0.48,0.074597,3.0,0.48,0.085454,0
3.0,0.9,0.104398,3.0,0.9,0.112071,0
3.0,1.2,0.12251,3.0,1.2,0.131025,0
3.0,1.8,0.162562,3.0,1.8,0.167235,0
4.0,0.06,0.053596,4.0,0.06,0.064963,0
4.0,0.24,0.063516,4.0,0.24,0.072657,0
4.0,0.48,0.074554,4.0,0.48,0.085688,0
4.0,0.9,0.104067,4.0,0.9,0.112012,0
4.0,1.2,0.122343,4.0,1.2,0.131188,0
4.0,1.8,0.162425,4.0,1.8,0.167506,0
5.0,0.06,0.047758,5.0,0.06,0.049717,0
5.0,0.24,0.063269,5.0,0.24,0.072478,0
5.0,0.48,0.074233,5.0,0.48,0.085818,0
5.0,0.9,0.103626,5.0,0.9,0.112124,0
5.0,1.2,0.12227,5.0,1.2,0.131386,0
5.0,1.8,0.162312,5.0,1.8,0.167565,0
0.1,0.06,0.215846,0.1,0.06,0.242923,0
0.1,0.24,0.254173,0.1,0.24,0.241033,0
0.1,0.48,0.222018,0.1,0.48,0.24761,0
0.1,0.9,0.320032,0.1,0.9,0.24107,0
0.1,1.2,0.330813,0.1,1.2,0.243675,0
0.1,1.8,0.350582,0.1,1.8,0.243639,0
0.5,0.06,0.825964,0.5,0.06,1.16259,0
0.5,0.24,0.864404,0.5,0.24,1.15926,0
0.5,0.48,0.829792,0.5,0.48,1.15775,0
0.5,0.9,0.931266,0.5,0.9,1.17032,0
0.5,1.2,0.941654,0.5,1.2,1.16521,0
0.5,1.8,0.958854,0.5,1.8,1.18213,0
1.2,0.06,1.8971,1.2,0.06,2.77708,0
1.2,0.24,1.93136,1.2,0.24,2.77007,0
1.2,0.48,1.8988,1.2,0.48,2.77932,0
1.2,0.9,2.00052,1.2,0.9,2.76424,0
1.2,1.2,2.02002,1.2,1.2,2.78984,0
1.2,1.8,2.02485,1.2,1.8,2.76608,0
3.0,0.06,4.63791,3.0,0.06,6.89166,0
3.0,0.24,4.67777,3.0,0.24,6.88961,0
5.0,1.2,10.3882,5.0,1.2,0.035961,1
3.0,0.9,4.74493,3.0,0.9,6.926,0
3.0,1.2,4.7623,3.0,1.2,6.94765,0
3.0,1.8,4.77635,3.0,1.8,6.95102,0
4.0,0.06,6.17408,4.0,0.06,9.21777,0
4.0,0.24,6.21678,4.0,0.24,9.2231,0
4.0,0.48,6.16617,4.0,0.48,9.27768,0
4.0,0.9,6.27288,4.0,0.9,9.29254,0
4.0,1.2,6.29557,4.0,1.2,9.24341,0
4.0,1.8,6.28975,4.0,1.8,9.23674,0
5.0,0.06,7.69668,5.0,0.06,11.6553,0
5.0,0.24,7.73286,5.0,0.24,11.681,0
5.0,0.48,7.70637,5.0,0.48,11.6542,0
5.0,0.9,7.81883,5.0,0.9,11.6646,0
4.829453533929196,1.7109815775300017,8.237229658711279,5.689071340248806,0.7046883883113711,11.366604215656643,1
5.0,1.8,7.83946,5.0,1.8,11.508,0
0.1,0.06,0.215846,0.1,0.06,0.188439,0
0.1,0.24,0.254173,0.1,0.24,0.233073,0
0.1,0.48,0.222018,0.1,0.48,0.285435,0
0.1,0.9,0.320032,0.1,0.9,0.321357,0
0.1,1.2,0.330813,0.1,1.2,0.371658,0
0.1,1.8,0.350582,0.1,1.8,0.463733,0
0.5,0.06,0.825964,0.5,0.06,0.58984,0
0.5,0.24,0.864404,0.5,0.24,0.632687,0
0.5,0.48,0.829792,0.5,0.48,0.684434,0
0.5,0.9,0.931266,0.5,0.9,0.712977,0
0.5,1.2,0.941654,0.5,1.2,0.777925,0
0.5,1.8,0.958854,0.5,1.8,0.879502,0
1.2,0.06,1.8971,1.2,0.06,1.29182,0
1.2,0.24,1.93136,1.2,0.24,1.33325,0
1.3476123791726213,0.14027750754112528,1.892787985543406,1.0802220705314503,0.7245891753188969,0.7988716253127457,1
1.2,0.9,2.00052,1.2,0.9,1.41013,0
1.2,1.2,2.02002,1.2,1.2,1.47715,0
1.2,1.8,2.02485,1.2,1.8,1.58061,0
3.0,0.06,4.63791,3.0,0.06,3.09802,0
3.0,0.24,4.67777,3.0,0.24,3.13536,0
3.0,0.48,4.64077,3.0,0.48,3.18732,0
3.0,0.9,4.74493,3.0,0.9,3.21095,0
3.0,1.2,4.7623,3.0,1.2,3.27691,0
3.0,1.8,4.77635,3.0,1.8,3.38881,0
4.0,0.06,6.17408,4.0,0.06,4.09504,0
4.0,0.24,6.21678,4.0,0.24,4.14745,0
4.0,0.48,6.16617,4.0,0.48,4.18718,0
4.0,0.9,6.27288,4.0,0.9,4.21706,0
4.0,1.2,6.29557,4.0,1.2,4.27962,0
4.0,1.8,6.28975,4.0,1.8,4.38035,0
5.0,0.06,7.69668,5.0,0.06,5.10571,0
5.0,0.24,7.73286,5.0,0.24,5.13719,0
5.0,0.48,7.70637,5.0,0.48,5.18811,0
5.0,0.9,7.81883,5.0,0.9,5.21163,0
5.0,1.2,7.87064,5.0,1.2,5.27889,0
5.0,1.8,7.83946,5.0,1.8,5.38285,0
0.1,0.06,0.215846,0.1,0.06,0.149721,0
0.1,0.24,0.254173,0.1,0.24,0.151868,0
0.1,0.48,0.222018,0.1,0.48,0.162113,0
0.1,0.9,0.320032,0.1,0.9,0.233905,0
0.1,1.2,0.330813,0.1,1.2,0.289924,0
0.1,1.8,0.350582,0.1,1.8,0.2086,0
0.5,0.06,0.825964,0.5,0.06,0.686661,0
0.5,0.24,0.864404,0.5,0.24,0.688573,0
0.5,0.48,0.829792,0.5,0.48,0.689372,0
0.5,0.9,0.931266,0.5,0.9,0.692882,0
0.5,1.2,0.941654,0.5,1.2,0.695965,0
0.5,1.8,0.958854,0.5,1.8,0.702432,0
1.2,0.06,1.8971,1.2,0.06,1.63865,0
1.2,0.48,2.53369,1.2,0.48,0.009678,1
1.2,0.48,1.8988,1.2,0.48,1.64445,0
1.2,0.9,2.00052,1.2,0.9,1.63766,0
1.2,1.2,2.02002,1.2,1.2,1.63655,0
1.2,1.8,2.02485,1.2,1.8,1.65989,0
3.0,0.06,4.63791,3.0,0.06,4.09744,0
3.0,0.24,4.67777,3.0,0.24,4.06501,0
3.0,0.48,4.64077,3.0,0.48,4.08399,0
3.0,0.9,4.74493,3.0,0.9,4.06918,0
3.0,1.2,4.7623,3.0,1.2,4.07999,0
3.0,1.8,4.77635,3.0,1.8,4.08978,0
4.0,0.06,6.17408,4.0,0.06,5.44064,0
4.0,0.24,6.21678,4.0,0.24,5.47024,0
4.0,0.48,6.16617,4.0,0.48,5.46785,0
4.0,0.9,6.27288,4.0,0.9,5.45967,0
4.0,1.2,6.29557,4.0,1.2,5.41892,0
4.0,1.8,6.28975,4.0,1.8,5.47057,0
5.0,0.06,7.69668,5.0,0.06,6.77359,0
5.0,0.24,7.73286,5.0,0.24,6.79067,0
5.0,0.48,7.70637,5.0,0.48,6.84158,0
5.0,0.9,7.81883,5.0,0.9,6.81506,0
5.0,1.2,7.87064,5.0,1.2,6.79392,0
5.0,1.8,7.83946,5.0,1.8,6.76101,0
0.1,0.06,0.215846,0.1,0.06,0.013966,0
0.1,0.24,0.254173,0.1,0.24,0.020353,0
0.1,0.48,0.222018,0.1,0.48,0.024039,0
0.1,0.9,0.320032,0.1,0.9,0.03864,0
0.1,1.2,0.330813,0.1,1.2,0.047388,0
0.1,1.8,0.350582,0.1,1.8,0.066734,0
0.5,0.06,0.825964,0.5,0.06,0.014183,0
0.5,0.24,0.864404,0.5,0.24,0.020677,0
0.5,0.48,0.829792,0.5,0.48,0.024228,0
0.5,0.9,0.931266,0.5,0.9,0.038679,0
0.5,1.2,0.941654,0.5,1.2,0.047901,0
0.5,1.8,0.958854,0.5,1.8,0.066091,0
1.2,0.06,1.8971,1.2,0.06,0.014446,0
1.2,0.24,1.93136,1.2,0.24,0.020779,0
1.2,0.48,1.8988,1.2,0.48,0.024424,0
1.2,0.9,2.00052,1.2,0.9,0.038864,0
1.2,1.2,2.02002,1.2,1.2,0.048078,0
1.2,1.8,2.02485,1.2,1.8,0.065684,0
3.0,0.06,4.63791,3.0,0.06,0.014738,0
3.0,0.24,4.67777,3.0,0.24,0.021053,0
3.0,0.48,4.64077,3.0,0.48,0.024673,0
3.0,0.9,4.74493,3.0,0.9,0.039141,0
3.0,1.2,4.7623,3.0,1.2,0.048355,0
3.0,1.8,4.77635,3.0,1.8,0.065778,0
4.0,0.06,6.17408,4.0,0.06,0.014505,0
4.0,0.24,6.21678,4.0,0.24,0.021186,0
4.0,0.48,6.16617,4.0,0.48,0.024686,0
4.0,0.9,6.27288,4.0,0.9,0.039247,0
4.0,1.2,6.29557,4.0,1.2,0.048506,0
4.0,1.8,6.28975,4.0,1.8,0.065895,0
5.0,0.06,7.69668,5.0,0.06,0.015075,0
5.0,0.24,7.73286,5.0,0.24,0.021187,0
5.0,0.48,7.70637,5.0,0.48,0.024926,0
5.0,0.9,7.81883,5.0,0.9,0.039316,0
5.0,1.2,7.87064,5.0,1.2,0.048549,0
5.0,1.8,7.83946,5.0,1.8,0.066029,0
0.1,0.06,0.215846,0.1,0.06,0.012725,0
0.1,0.24,0.254173,0.1,0.24,0.020002,0
0.1,0.48,0.222018,0.1,0.48,0.028393,0
0.1,0.9,0.320032,0.1,0.9,0.042932,0
0.1,1.2,0.330813,0.1,1.2,0.053845,0
0.1,1.8,0.350582,0.1,1.8,0.078269,0
0.5,0.06,0.825964,0.5,0.06,0.012863,0
0.5,0.24,0.864404,0.5,0.24,0.019839,0
0.5,0.48,0.829792,0.5,0.48,0.027655,0
0.5,0.9,0.931266,0.5,0.9,0.038864,0
0.5,1.2,0.941654,0.5,1.2,0.053979,0
0.5,1.8,0.958854,0.5,1.8,0.078355,0
1.2,0.06,1.8971,1.2,0.06,0.012965,0
1.2,0.24,1.93136,1.2,0.24,0.019769,0
1.2,0.48,1.8988,1.2,0.48,0.027572,0
1.2,0.9,2.00052,1.2,0.9,0.037819,0
1.2,1.2,2.02002,1.2,1.2,0.054016,0
1.2,1.8,2.02485,1.2,1.8,0.078266,0
3.0,0.06,4.63791,3.0,0.06,0.013209,0
3.0,0.24,4.67777,3.0,0.24,0.020014,0
3.0,0.48,4.64077,3.0,0.48,0.027864,0
3.0,0.9,4.74493,3.0,0.9,0.037532,0
3.0,1.2,4.7623,3.0,1.2,0.054392,0
3.0,1.8,4.77635,3.0,1.8,0.078245,0
4.0,0.06,6.17408,4.0,0.06,0.013118,0
4.0,0.24,6.21678,4.0,0.24,0.020127,0
4.0,0.48,6.16617,4.0,0.48,0.027906,0
4.0,0.9,6.27288,4.0,0.9,0.037458,0
4.0,1.2,6.29557,4.0,1.2,0.054346,0
4.0,1.8,6.28975,4.0,1.8,0.07849,0
5.0,0.06,7.69668,5.0,0.06,0.013444,0
5.0,0.24,7.73286,5.0,0.24,0.02035,0
5.0,0.48,7.70637,5.0,0.48,0.028026,0
5.0,0.9,7.81883,5.0,0.9,0.037555,0
5.0,1.2,7.87064,5.0,1.2,0.054371,0
5.0,1.8,7.83946,5.0,1.8,0.078523,0
0.1,0.06,0.242923,0.1,0.06,0.188439,0
0.1,0.24,0.241033,0.1,0.24,0.233073,0
0.1,0.48,0.24761,0.1,0.48,0.285435,0
0.1,0.9,0.24107,0.1,0.9,0.321357,0
0.1,1.2,0.243675,0.1,1.2,0.371658,0
0.1,1.8,0.243639,0.1,1.8,0.463733,0
0.5,0.06,1.16259,0.5,0.06,0.58984,0
0.5,0.24,1.15926,0.5,0.24,0.632687,0
0.5,0.48,1.15775,0.5,0.48,0.684434,0
0.5,0.9,1.17032,0.5,0.9,0.712977,0
0.5,1.2,1.16521,0.5,1.2,0.777925,0
0.5,1.8,1.18213,0.5,1.8,0.879502,0
1.2,0.06,2.77708,1.2,0.06,1.29182,0
1.2,0.24,2.77007,1.2,0.24,1.33325,0
1.2,0.48,2.77932,1.2,0.48,1.38876,0
1.2,0.9,2.76424,1.2,0.9,1.41013,0
1.2,1.2,2.78984,1.2,1.2,1.47715,0
1.2,1.8,2.76608,1.2,1.8,1.58061,0
3.0,0.06,6.89166,3.0,0.06,3.09802,0
3.0,0.24,6.88961,3.0,0.24,3.13536,0
3.0,0.48,6.90785,3.0,0.48,3.18732,0
3.0,0.9,6.926,3.0,0.9,3.21095,0
3.0,1.2,6.94765,3.0,1.2,3.27691,0
3.0,1.8,6.95102,3.0,1.8,3.38881,0
4.0,0.06,9.21777,4.0,0.06,4.09504,0
4.0,0.24,9.2231,4.0,0.24,4.14745,0
4.0,0.48,9.27768,4.0,0.48,4.18718,0
4.0,0.9,9.29254,4.0,0.9,4.21706,0
4.0,1.2,9.24341,4.0,1.2,4.27962,0
4.0,1.8,9.23674,4.0,1.8,4.38035,0
5.0,0.06,11.6553,5.0,0.06,5.10571,0
5.0,0.24,11.681,5.0,0.24,5.13719,0
5.0,0.48,11.6542,5.0,0.48,5.18811,0
5.0,0.9,11.6646,5.0,0.9,5.21163,0
5.0,1.2,11.5382,5.0,1.2,5.27889,0
5.0,1.8,11.508,5.0,1.8,5.38285,0
0.1,0.06,0.242923,0.1,0.06,0.149721,0
0.1,0.24,0.241033,0.1,0.24,0.151868,0
0.1,0.48,0.24761,0.1,0.48,0.162113,0
0.1,0.9,0.24107,0.1,0.9,0.233905,0
0.1,1.2,0.243675,0.1,1.2,0.289924,0
0.1,1.8,0.243639,0.1,1.8,0.2086,0
0.5,0.06,1.16259,0.5,0.06,0.686661,0
0.5,0.24,1.15926,0.5,0.24,0.688573,0
0.5,0.48,1.15775,0.5,0.48,0.689372,0
0.5,0.9,1.17032,0.5,0.9,0.692882,0
0.5,1.2,1.16521,0.5,1.2,0.695965,0
0.5,1.8,1.18213,0.5,1.8,0.702432,0
1.2,0.06,2.77708,1.2,0.06,1.63865,0
1.2,0.24,2.77007,1.2,0.24,1.64485,0
1.2,0.48,2.77932,1.2,0.48,1.64445,0
1.2,0.9,2.76424,1.2,0.9,1.63766,0
1.2,1.2,2.78984,1.2,1.2,1.63655,0
1.2,1.8,2.76608,1.2,1.8,1.65989,0
3.626173181149004,0.6282277871624227,6.9432189628586025,2.774277304837533,-0.42641394629147855,4.0786582453169045,1
3.0,0.24,6.88961,3.0,0.24,4.06501,0
3.0,0.48,6.90785,3.0,0.48,4.08399,0
3.0,0.9,6.926,3.0,0.9,4.06918,0
3.0,1.2,6.94765,3.0,1.2,4.07999,0
3.0,1.8,6.95102,3.0,1.8,4.08978,0
4.0,0.06,9.21777,4.0,0.06,5.44064,0
4.0,0.24,9.2231,4.0,0.24,5.47024,0
4.0,0.48,9.27768,4.0,0.48,5.46785,0
4.0,0.9,9.29254,4.0,0.9,5.45967,0
14.765038167559009,6.700721931064568,41.53168067779226,16.679708638000204,5.008372330687181,64.8237182629785,1
4.0,1.8,9.23674,4.0,1.8,5.47057,0
5.0,0.06,11.6553,5.0,0.06,6.77359,0
5.0,0.24,11.681,5.0,0.24,6.79067,0
5.0,0.48,11.6542,5.0,0.48,6.84158,0
5.0,0.9,11.6646,5.0,0.9,6.81506,0
5.0,1.2,11.5382,5.0,1.2,6.79392,0
5.0,1.8,11.508,5.0,1.8,6.76101,0
0.1,0.06,0.242923,0.1,0.06,0.013966,0
0.1,0.24,0.241033,0.1,0.24,0.020353,0
0.1,0.48,0.24761,0.1,0.48,0.024039,0
0.1,0.9,0.24107,0.1,0.9,0.03864,0
0.1,1.2,0.243675,0.1,1.2,0.047388,0
0.1,1.8,0.243639,0.1,1.8,0.066734,0
0.5,0.06,1.16259,0.5,0.06,0.014183,0
0.5,0.24,1.15926,0.5,0.24,0.020677,0
0.5,0.48,1.15775,0.5,0.48,0.024228,0
0.5,0.9,1.17032,0.5,0.9,0.038679,0
0.5,1.2,1.16521,0.5,1.2,0.047901,0
0.5,1.8,1.18213,0.5,1.8,0.066091,0
1.2,0.06,2.77708,1.2,0.06,0.014446,0
1.2,0.24,2.77007,1.2,0.24,0.020779,0
1.2,0.48,2.77932,1.2,0.48,0.024424,0
1.2,0.9,2.76424,1.2,0.9,0.038864,0
1.2,1.2,2.78984,1.2,1.2,0.048078,0
1.2,1.8,2.76608,1.2,1.8,0.065684,0
3.0,0.06,6.89166,3.0,0.06,0.014738,0
3.0,0.24,6.88961,3.0,0.24,0.021053,0
3.0,0.48,6.90785,3.0,0.48,0.024673,0
3.0,0.9,6.926,3.0,0.9,0.039141,0
3.0,1.2,6.94765,3.0,1.2,0.048355,0
3.0,1.8,6.95102,3.0,1.8,0.065778,0
4.0,0.06,9.21777,4.0,0.06,0.014505,0
4.0,0.24,9.2231,4.0,0.24,0.021186,0
4.0,0.48,9.27768,4.0,0.48,0.024686,0
16.55580324457309,7.050144656901139,40.39731408794132,9.968153777692198,6.761982115027507,48.5075972229958,1
4.0,1.2,9.24341,4.0,1.2,0.048506,0
4.0,1.8,9.23674,4.0,1.8,0.065895,0
5.0,0.06,11.6553,5.0,0.06,0.015075,0
5.0,0.24,11.681,5.0,0.24,0.021187,0
5.0,0.48,11.6542,5.0,0.48,0.024926,0
5.0,0.9,11.6646,5.0,0.9,0.039316,0
5.0,1.2,11.5382,5.0,1.2,0.048549,0
5.0,1.8,11.508,5.0,1.8,0.066029,0
0.1,0.06,0.242923,0.1,0.06,0.012725,0
0.1,0.24,0.241033,0.1,0.24,0.020002,0
0.1,0.48,0.24761,0.1,0.48,0.028393,0
0.1,0.9,0.24107,0.1,0.9,0.042932,0
0.8043097467229596,1.1371268512521135,0.5793100683526767,0.47301197649140814,0.8862299986279636,-0.9728982743279443,1
0.1,1.8,0.243639,0.1,1.8,0.078269,0
0.5,0.06,1.16259,0.5,0.06,0.012863,0
0.5,0.24,1.15926,0.5,0.24,0.019839,0
0.5,0.48,1.15775,0.5,0.48,0.027655,0
0.5,0.9,1.17032,0.5,0.9,0.038864,0
0.5,1.2,1.16521,0.5,1.2,0.053979,0
0.5,1.8,1.18213,0.5,1.8,0.078355,0
1.2,0.06,2.77708,1.2,0.06,0.012965,0
1.2,0.24,2.77007,1.2,0.24,0.019769,0
1.2,0.48,2.77932,1.2,0.48,0.027572,0
1.2,0.9,2.76424,1.2,0.9,0.037819,0
1.2,1.2,2.78984,1.2,1.2,0.054016,0
1.2,1.8,2.76608,1.2,1.8,0.078266,0
3.0,0.06,6.89166,3.0,0.06,0.013209,0
3.0,0.24,6.88961,3.0,0.24,0.020014,0
3.0,0.48,6.90785,3.0,0.48,0.027864,0
3.0,0.9,6.926,3.0,0.9,0.037532,0
3.0,1.2,6.94765,3.0,1.2,0.054392,0
3.0,1.8,6.95102,3.0,1.8,0.078245,0
4.0,0.06,9.21777,4.0,0.06,0.013118,0
4.0,0.24,9.2231,4.0,0.24,0.020127,0
4.0,0.48,9.27768,4.0,0.48,0.027906,0
4.0,0.9,9.29254,4.0,0.9,0.037458,0
4.0,1.2,9.24341,4.0,1.2,0.054346,0
4.0,1.8,9.23674,4.0,1.8,0.07849,0
5.0,0.06,11.6553,5.0,0.06,0.013444,0
5.0,0.24,11.681,5.0,0.24,0.02035,0
5.0,0.48,11.6542,5.0,0.48,0.028026,0
5.0,0.9,11.6646,5.0,0.9,0.037555,0
4.372988673785741,0.7005318118772044,11.674516757159706,5.171112789712173,0.6506603132828075,0.07665580544463582,1
5.0,1.8,11.508,5.0,1.8,0.078523,0
0.1,0.06,0.188439,0.1,0.06,0.149721,0
0.1,0.24,0.233073,0.1,0.24,0.151868,0
0.1,0.48,0.285435,0.1,0.48,0.162113,0
0.1,0.9,0.321357,0.1,0.9,0.233905,0
0.1,1.2,0.371658,0.1,1.2,0.289924,0
0.1,1.8,0.463733,0.1,1.8,0.2086,0
0.5,0.06,0.58984,0.5,0.06,0.686661,0
0.5,0.24,0.632687,0.5,0.24,0.688573,0
0.5,0.48,0.684434,0.5,0.48,0.689372,0
0.5,0.9,0.712977,0.5,0.9,0.692882,0
0.5,1.2,0.777925,0.5,1.2,0.695965,0
0.5,1.8,0.879502,0.5,1.8,0.702432,0
1.2,0.06,1.29182,1.2,0.06,1.63865,0
1.2,0.24,1.33325,1.2,0.24,1.64485,0
1.2,0.48,1.38876,1.2,0.48,1.64445,0
1.2,0.9,1.41013,1.2,0.9,1.63766,0
1.2,1.2,1.47715,1.2,1.2,1.63655,0
1.2,1.8,1.58061,1.2,1.8,1.65989,0
3.0,0.06,3.09802,3.0,0.06,4.09744,0
3.0,0.24,3.13536,3.0,0.24,4.06501,0
3.0,0.48,3.18732,3.0,0.48,4.08399,0
3.0,0.9,3.21095,3.0,0.9,4.06918,0
3.0,1.2,3.27691,3.0,1.2,4.07999,0
3.0,1.8,3.38881,3.0,1.8,4.08978,0
4.0,0.06,4.09504,4.0,0.06,5.44064,0
4.0,0.24,4.14745,4.0,0.24,5.47024,0
4.0,0.48,4.18718,4.0,0.48,5.46785,0
4.0,0.9,4.21706,4.0,0.9,5.45967,0
4.0,1.2,4.27962,4.0,1.2,5.41892,0
4.0,1.8,4.38035,4.0,1.8,5.47057,0
5.0,0.06,5.10571,5.0,0.06,6.77359,0
5.0,0.24,5.13719,5.0,0.24,6.79067,0
5.0,0.48,5.18811,5.0,0.48,6.84158,0
5.0,0.9,5.21163,5.0,0.9,6.81506,0
5.0,1.2,5.27889,5.0,1.2,6.79392,0
5.0,1.8,5.38285,5.0,1.8,6.76101,0
0.1,0.06,0.188439,0.1,0.06,0.013966,0
0.1,0.24,0.233073,0.1,0.24,0.020353,0
0.1,0.48,0.285435,0.1,0.48,0.024039,0
0.1,0.9,0.321357,0.1,0.9,0.03864,0
0.1,1.2,0.371658,0.1,1.2,0.047388,0
0.1,1.8,0.463733,0.1,1.8,0.066734,0
0.5,0.06,0.58984,0.5,0.06,0.014183,0
0.5,0.24,0.632687,0.5,0.24,0.020677,0
0.5,0.48,0.684434,0.5,0.48,0.024228,0
0.5,0.9,0.712977,0.5,0.9,0.038679,0
0.5,1.2,0.777925,0.5,1.2,0.047901,0
0.5,1.8,0.879502,0.5,1.8,0.066091,0
1.2,0.06,1.29182,1.2,0.06,0.014446,0
1.2,0.24,1.33325,1.2,0.24,0.020779,0
1.2,0.48,1.38876,1.2,0.48,0.024424,0
1.2,0.9,1.41013,1.2,0.9,0.038864,0
4.00318,1.8,12.8487,4.00325,1.8,9.61964,1
1.4793476414609095,1.597680739979527,0.9684163633210229,0.7536133463619246,2.6670209772113096,0.25778861082473115,1
3.0,0.06,3.09802,3.0,0.06,0.014738,0
3.0,0.24,3.13536,3.0,0.24,0.021053,0
3.0,0.48,3.18732,3.0,0.48,0.024673,0
3.0,0.9,3.21095,3.0,0.9,0.039141,0
3.0,1.2,3.27691,3.0,1.2,0.048355,0
3.0,1.8,3.38881,3.0,1.8,0.065778,0
4.0,0.06,4.09504,4.0,0.06,0.014505,0
4.0,0.24,4.14745,4.0,0.24,0.021186,0
4.0,0.48,4.18718,4.0,0.48,0.024686,0
4.0,0.9,4.21706,4.0,0.9,0.039247,0
4.0,1.2,4.27962,4.0,1.2,0.048506,0
4.0,1.8,4.38035,4.0,1.8,0.065895,0
5.0,0.06,5.10571,5.0,0.06,0.015075,0
5.0,0.24,5.13719,5.0,0.24,0.021187,0
5.0,0.48,5.18811,5.0,0.48,0.024926,0
5.0,0.9,5.21163,5.0,0.9,0.039316,0
5.0,1.2,5.27889,5.0,1.2,0.048549,0
5.0,1.8,5.38285,5.0,1.8,0.066029,0
0.1,0.06,0.188439,0.1,0.06,0.012725,0
0.1,0.24,0.233073,0.1,0.24,0.020002,0
0.1,0.48,0.285435,0.1,0.48,0.028393,0
0.1,0.9,0.321357,0.1,0.9,0.042932,0
0.1,1.2,0.371658,0.1,1.2,0.053845,0
0.1,1.8,0.463733,0.1,1.8,0.078269,0
0.5,0.06,0.58984,0.5,0.06,0.012863,0
0.5,0.24,0.632687,0.5,0.24,0.019839,0
0.5,0.48,0.684434,0.5,0.48,0.027655,0
0.5,0.9,0.712977,0.5,0.9,0.038864,0
0.5,1.2,0.777925,0.5,1.2,0.053979,0
0.5,1.8,0.879502,0.5,1.8,0.078355,0
1.2,0.06,1.29182,1.2,0.06,0.012965,0
1.2,0.24,1.33325,1.2,0.24,0.019769,0
1.2,0.48,1.38876,1.2,0.48,0.027572,0
1.2,0.9,1.41013,1.2,0.9,0.037819,0
1.2,1.2,1.47715,1.2,1.2,0.054016,0
1.2,1.8,1.58061,1.2,1.8,0.078266,0
3.0,0.06,3.09802,3.0,0.06,0.013209,0
3.0,0.24,3.13536,3.0,0.24,0.020014,0
3.0,0.48,3.18732,3.0,0.48,0.027864,0
3.0,0.9,3.21095,3.0,0.9,0.037532,0
3.0,1.2,3.27691,3.0,1.2,0.054392,0
3.0,1.8,3.38881,3.0,1.8,0.078245,0
4.0,0.06,4.09504,4.0,0.06,0.013118,0
4.0,0.24,4.14745,4.0,0.24,0.020127,0
4.0,0.48,4.18718,4.0,0.48,0.027906,0
4.0,0.9,4.21706,4.0,0.9,0.037458,0
4.0,1.2,4.27962,4.0,1.2,0.054346,0
4.0,1.8,4.38035,4.0,1.8,0.07849,0
5.0,0.06,5.10571,5.0,0.06,0.013444,0
5.0,0.24,5.13719,5.0,0.24,0.02035,0
5.0,0.48,5.18811,5.0,0.48,0.028026,0
5.0,0.9,5.21163,5.0,0.9,0.037555,0
5.0,1.2,5.27889,5.0,1.2,0.054371,0
5.0,1.8,5.38285,5.0,1.8,0.078523,0
0.1,0.06,0.149721,0.1,0.06,0.013966,0
0.1,0.24,0.151868,0.1,0.24,0.020353,0
0.1,0.48,0.162113,0.1,0.48,0.024039,0
0.1,0.9,0.233905,0.1,0.9,0.03864,0
0.1,1.2,0.289924,0.1,1.2,0.047388,0
0.1,1.8,0.2086,0.1,1.8,0.066734,0
-0.2834796855836764,0.2635451916994159,1.6631908477699482,0.002571823766229442,-0.3199010659938876,-0.34082472144577614,1
0.5,0.24,0.688573,0.5,0.24,0.020677,0
4.0,0.24,9.85202,4.0,0.24,0.004107,1
0.5,0.9,0.692882,0.5,0.9,0.038679,0
0.5,1.2,0.695965,0.5,1.2,0.047901,0
0.5,1.8,0.702432,0.5,1.8,0.066091,0
1.2,0.06,1.63865,1.2,0.06,0.014446,0
1.2,0.24,1.64485,1.2,0.24,0.020779,0
1.2,0.48,1.64445,1.2,0.48,0.024424,0
1.2,0.9,1.63766,1.2,0.9,0.038864,0
1.2,1.2,1.63655,1.2,1.2,0.048078,0
1.2,1.8,1.65989,1.2,1.8,0.065684,0
3.0,0.06,4.09744,3.0,0.06,0.014738,0
3.0,0.24,4.06501,3.0,0.24,0.021053,0
3.0,0.48,4.08399,3.0,0.48,0.024673,0
3.0,0.9,4.06918,3.0,0.9,0.039141,0
3.0,1.2,4.07999,3.0,1.2,0.048355,0
3.0,1.8,4.08978,3.0,1.8,0.065778,0
4.0,0.06,5.44064,4.0,0.06,0.014505,0
4.0,0.24,5.47024,4.0,0.24,0.021186,0
4.0,0.48,5.46785,4.0,0.48,0.024686,0
4.0,0.9,5.45967,4.0,0.9,0.039247,0
4.0,1.2,5.41892,4.0,1.2,0.048506,0
4.0,1.8,5.47057,4.0,1.8,0.065895,0
5.0,0.06,6.77359,5.0,0.06,0.015075,0
5.0,0.24,6.79067,5.0,0.24,0.021187,0
5.0,0.48,6.84158,5.0,0.48,0.024926,0
5.0,0.9,6.81506,5.0,0.9,0.039316,0
5.0,1.2,6.79392,5.0,1.2,0.048549,0
5.128391628662362,1.6857637280952298,7.094542736364176,4.227471796296783,1.6183439958057275,0.21431533834715408,1
0.1,0.06,0.149721,0.1,0.06,0.012725,0
0.1,0.24,0.151868,0.1,0.24,0.020002,0
0.1,0.48,0.162113,0.1,0.48,0.028393,0
0.1,0.9,0.233905,0.1,0.9,0.042932,0
0.1,1.2,0.289924,0.1,1.2,0.053845,0
0.1,1.8,0.2086,0.1,1.8,0.078269,0
0.5,0.06,0.686661,0.5,0.06,0.012863,0
0.5,0.24,0.688573,0.5,0.24,0.019839,0
0.5,0.48,0.689372,0.5,0.48,0.027655,0
0.5,0.9,0.692882,0.5,0.9,0.038864,0
0.5,1.2,0.695965,0.5,1.2,0.053979,0
0.5,1.8,0.702432,0.5,1.8,0.078355,0
1.2,0.06,1.63865,1.2,0.06,0.012965,0
1.2,0.24,1.64485,1.2,0.24,0.019769,0
1.2,0.48,1.64445,1.2,0.48,0.027572,0
1.2,0.9,1.63766,1.2,0.9,0.037819,0
1.2,1.2,1.63655,1.2,1.2,0.054016,0
1.2,1.8,1.65989,1.2,1.8,0.078266,0
3.0,0.06,4.09744,3.0,0.06,0.013209,0
3.0,0.24,4.06501,3.0,0.24,0.020014,0
3.0,0.48,4.08399,3.0,0.48,0.027864,0
3.0,0.9,4.06918,3.0,0.9,0.037532,0
3.0,1.2,4.07999,3.0,1.2,0.054392,0
3.0,1.8,4.08978,3.0,1.8,0.078245,0
4.0,0.06,5.44064,4.0,0.06,0.013118,0
4.0,0.24,5.47024,4.0,0.24,0.020127,0
4.0,0.48,5.46785,4.0,0.48,0.027906,0
4.0,0.9,5.45967,4.0,0.9,0.037458,0
4.0,1.2,5.41892,4.0,1.2,0.054346,0
4.0,1.8,5.47057,4.0,1.8,0.07849,0
5.0,0.06,6.77359,5.0,0.06,0.013444,0
5.0,0.24,6.79067,5.0,0.24,0.02035,0
5.0,0.48,6.84158,5.0,0.48,0.028026,0
5.0,0.9,6.81506,5.0,0.9,0.037555,0
5.0,1.2,6.79392,5.0,1.2,0.054371,0
5.0,1.8,6.76101,5.0,1.8,0.078523,0
0.1,0.06,0.013966,0.1,0.06,0.012725,0
0.1,0.24,0.020353,0.1,0.24,0.020002,0
0.1,0.48,0.024039,0.1,0.48,0.028393,0
0.1,0.9,0.03864,0.1,0.9,0.042932,0
0.1,1.2,0.047388,0.1,1.2,0.053845,0
0.1,1.8,0.066734,0.1,1.8,0.078269,0
0.5,0.06,0.014183,0.5,0.06,0.012863,0
0.5,0.24,0.020677,0.5,0.24,0.019839,0
0.5,0.48,0.024228,0.5,0.48,0.027655,0
11.95441127715706,4.276876756424944,37.9451376199084,14.875066608898477,6.519661992806732,52.0875375000955,1
0.5,1.2,0.047901,0.5,1.2,0.053979,0
0.5,1.8,0.066091,0.5,1.8,0.078355,0
1.2,0.06,0.014446,1.2,0.06,0.012965,0
1.2,0.24,0.020779,1.2,0.24,0.019769,0
1.2,0.48,0.024424,1.2,0.48,0.027572,0
1.2,0.9,0.038864,1.2,0.9,0.037819,0
1.2,1.2,0.048078,1.2,1.2,0.054016,0
1.2,1.8,0.065684,1.2,1.8,0.078266,0
3.0,0.06,0.014738,3.0,0.06,0.013209,0
3.0,0.24,0.021053,3.0,0.24,0.020014,0
3.0,0.48,0.024673,3.0,0.48,0.027864,0
3.0,0.9,0.039141,3.0,0.9,0.037532,0
3.0,1.2,0.048355,3.0,1.2,0.054392,0
3.0,1.8,0.065778,3.0,1.8,0.078245,0
4.0,0.06,0.014505,4.0,0.06,0.013118,0
4.0,0.24,0.021186,4.0,0.24,0.020127,0
4.0,0.48,0.024686,4.0,0.48,0.027906,0
4.0,0.9,0.039247,4.0,0.9,0.037458,0
4.0,1.2,0.048506,4.0,1.2,0.054346,0
4.0,1.8,0.065895,4.0,1.8,0.07849,0
5.0,0.06,0.015075,5.0,0.06,0.013444,0
5.0,0.24,0.021187,5.0,0.24,0.02035,0
5.0,0.48,0.024926,5.0,0.48,0.028026,0
5.0,0.9,0.039316,5.0,0.9,0.037555,0
5.0,1.2,0.048549,5.0,1.2,0.054371,0
5.0,1.8,0.066029,5.0,1.8,0.078523,0
0.1,0.06,0.218831,0.1,0.06,0.23978,0
0.1,0.24,0.23907,0.1,0.24,0.242448,0
0.1,0.48,0.243667,0.1,0.48,0.248949,0
0.1,0.9,0.232013,0.1,0.9,0.273855,0
0.1,1.2,0.213945,0.1,1.2,0.312581,0
0.1,1.8,0.161268,0.1,1.8,0.395104,0
0.5,0.06,0.829044,0.5,0.06,1.16609,0
0.5,0.24,0.848202,0.5,0.24,1.15827,0
0.5,0.48,0.850887,0.5,0.48,1.16263,0
0.5,0.9,0.826945,0.5,0.9,1.16866,0
0.5,1.2,0.802832,0.5,1.2,1.15959,0
0.5,1.8,0.775599,0.5,1.8,1.16812,0
1.2,0.06,1.89741,1.2,0.06,2.76111,0
1.2,0.24,1.91675,1.2,0.24,2.76988,0
1.2,0.48,1.917,1.2,0.48,2.78627,0
1.2,0.9,1.88913,1.2,0.9,2.79912,0
1.2,1.2,1.86523,1.2,1.2,2.76272,0
1.2,1.8,1.84173,1.2,1.8,2.78797,0
3.0,0.06,4.64173,3.0,0.06,6.89796,0
3.0,0.24,4.65707,3.0,0.24,6.93237,0
3.0,0.48,4.66246,3.0,0.48,6.89459,0
3.0,0.9,4.63108,3.0,0.9,6.91325,0
3.0,1.2,4.60733,3.0,1.2,6.91624,0
3.0,1.8,4.58433,3.0,1.8,6.88764,0
4.0,0.06,6.16548,4.0,0.06,9.21497,0
4.0,0.24,6.19049,4.0,0.24,9.29472,0
4.0,0.48,6.19821,4.0,0.48,9.21357,0
4.0,0.9,6.16102,4.0,0.9,9.24085,0
4.0,1.2,6.14292,4.0,1.2,9.36628,0
4.0,1.8,6.11554,4.0,1.8,9.33545,0
5.0,0.06,7.69567,5.0,0.06,11.6947,0
5.0,0.24,7.71512,5.0,0.24,11.6479,0
5.0,0.48,7.71103,5.0,0.48,11.7143,0
5.0,0.9,7.68625,5.0,0.9,11.4889,0
5.0,1.2,7.65612,5.0,1.2,11.7098,0
5.0,1.8,7.63234,5.0,1.8,11.7021,0
0.1,0.06,0.218831,0.1,0.06,0.200897,0
0.1,0.24,0.23907,0.1,0.24,0.201565,0
0.1,0.48,0.243667,0.1,0.48,0.213664,0
0.1,0.9,0.232013,0.1,0.9,0.203498,0
0.1,1.2,0.213945,0.1,1.2,0.188818,0
0.1,1.8,0.161268,0.1,1.8,0.181786,0
0.5,0.06,0.829044,0.5,0.06,0.602015,0
0.5,0.24,0.848202,0.5,0.24,0.602684,0
0.5,0.48,0.850887,0.5,0.48,0.613968,0
0.5,0.9,0.826945,0.5,0.9,0.602529,0
0.5,1.2,0.802832,0.5,1.2,0.589392,0
11.577583035649347,7.715982985021013,60.625788521578684,17.386356731868442,5.095197764466828,67.22938848575546,1
1.2,0.06,1.89741,1.2,0.06,1.30463,0
1.2,0.24,1.91675,1.2,0.24,1.30455,0
1.2,0.48,1.917,1.2,0.48,1.31738,0
1.2,0.9,1.88913,1.2,0.9,1.30322,0
1.2,1.2,1.86523,1.2,1.2,1.29178,0
1.2,1.8,1.84173,1.2,1.8,1.28499,0
3.0,0.06,4.64173,3.0,0.06,3.10912,0
3.0,0.24,4.65707,3.0,0.24,3.11142,0
3.0,0.48,4.66246,3.0,0.48,3.12824,0
3.0,0.9,4.63108,3.0,0.9,3.10544,0
3.0,1.2,4.60733,3.0,1.2,3.09662,0
3.0,1.8,4.58433,3.0,1.8,3.08649,0
4.0,0.06,6.16548,4.0,0.06,4.10865,0
4.0,0.24,6.19049,4.0,0.24,4.10973,0
4.0,0.48,6.19821,4.0,0.48,4.11748,0
4.0,0.9,6.16102,4.0,0.9,4.12321,0
4.0,1.2,6.14292,4.0,1.2,4.0954,0
4.0,1.8,6.11554,4.0,1.8,4.10128,0
5.0,0.06,7.69567,5.0,0.06,5.10675,0
5.0,0.24,7.71512,5.0,0.24,5.11027,0
5.0,0.48,7.71103,5.0,0.48,5.12214,0
5.0,0.9,7.68625,5.0,0.9,5.10737,0
5.0,1.2,7.65612,5.0,1.2,5.0968,0
5.0,1.8,7.63234,5.0,1.8,5.09894,0
0.1,0.06,0.218831,0.1,0.06,0.149294,0
0.1,0.24,0.23907,0.1,0.24,0.147719,0
0.1,0.48,0.243667,0.1,0.48,0.149395,0
0.1,0.9,0.232013,0.1,0.9,0.15375,0
0.1,1.2,0.213945,0.1,1.2,0.151838,0
0.40553545255528534,1.4167667844901062,-0.3052915443430708,0.43673639807911535,1.6765408362552727,-0.8056589092225507,1
0.5,0.06,0.829044,0.5,0.06,0.684088,0
0.5,0.24,0.848202,0.5,0.24,0.686797,0
0.5,0.48,0.850887,0.5,0.48,0.686148,0
0.5,0.9,0.826945,0.5,0.9,0.6874,0
0.5,1.2,0.802832,0.5,1.2,0.688284,0
0.5,1.8,0.775599,0.5,1.8,0.692922,0
1.2,0.06,1.89741,1.2,0.06,1.64592,0
14.688825922272178,4.848860065701082,62.934373880166724,15.531156918720436,5.926443022456003,43.65756704963746,1
1.2,0.48,1.917,1.2,0.48,1.64709,0
1.2,0.9,1.88913,1.2,0.9,1.64497,0
1.2,1.2,1.86523,1.2,1.2,1.63076,0
1.2,1.8,1.84173,1.2,1.8,1.64245,0
3.0,0.06,4.64173,3.0,0.06,4.10456,0
3.0,0.24,4.65707,3.0,0.24,4.05715,0
3.0,0.48,4.66246,3.0,0.48,4.06149,0
3.0,0.9,4.63108,3.0,0.9,4.09639,0
3.0,1.2,4.60733,3.0,1.2,4.07966,0
3.0,1.8,4.58433,3.0,1.8,4.13424,0
4.0,0.06,6.16548,4.0,0.06,5.45345,0
4.0,0.24,6.19049,4.0,0.24,5.47193,0
4.0,0.48,6.19821,4.0,0.48,5.43677,0
4.0,0.9,6.16102,4.0,0.9,5.42561,0
4.0,1.2,6.14292,4.0,1.2,5.4515,0
4.0,1.8,6.11554,4.0,1.8,5.46556,0
5.0,0.06,7.69567,5.0,0.06,6.81949,0
5.0,0.24,7.71512,5.0,0.24,6.82035,0
5.0,0.48,7.71103,5.0,0.48,6.85031,0
5.0,0.9,7.68625,5.0,0.9,6.80511,0
5.0,1.2,7.65612,5.0,1.2,6.76451,0
5.0,1.8,7.63234,5.0,1.8,6.84088,0
0.1,0.06,0.218831,0.1,0.06,0.008501,0
0.1,0.24,0.23907,0.1,0.24,0.013099,0
0.1,0.48,0.243667,0.1,0.48,0.020435,0
0.1,0.9,0.232013,0.1,0.9,0.035694,0
0.1,1.2,0.213945,0.1,1.2,0.049457,0
0.1,1.8,0.161268,0.1,1.8,0.061461,0
0.5,0.06,0.829044,0.5,0.06,0.008615,0
0.5,0.24,0.848202,0.5,0.24,0.01291,0
0.5,0.48,0.850887,0.5,0.48,0.020182,0
0.5,0.9,0.826945,0.5,0.9,0.033509,0
0.5,1.2,0.802832,0.5,1.2,0.046708,0
0.5,1.8,0.775599,0.5,1.8,0.063718,0
1.2,0.06,1.89741,1.2,0.06,0.008687,0
1.2,0.24,1.91675,1.2,0.24,0.012902,0
0.16,0.06,0.084993,0.16,0.06,0.013797,1
1.2,0.9,1.88913,1.2,0.9,0.032565,0
1.2,1.2,1.86523,1.2,1.2,0.044471,0
1.2,1.8,1.84173,1.2,1.8,0.063766,0
3.0,0.06,4.64173,3.0,0.06,0.008353,0
3.0,0.24,4.65707,3.0,0.24,0.012653,0
3.0,0.48,4.66246,3.0,0.48,0.019676,0
11.57153530280191,4.308244064378353,54.37881309442221,16.65278991971607,8.003786302642153,36.46361975691555,1
3.0,1.2,4.60733,3.0,1.2,0.043079,0
3.0,1.8,4.58433,3.0,1.8,0.063467,0
4.0,0.06,6.16548,4.0,0.06,0.007555,0
4.0,0.24,6.19049,4.0,0.24,0.012507,0
4.0,0.48,6.19821,4.0,0.48,0.019568,0
4.0,0.9,6.16102,4.0,0.9,0.031504,0
4.0,1.2,6.14292,4.0,1.2,0.042696,0
4.0,1.8,6.11554,4.0,1.8,0.063386,0
5.0,0.06,7.69567,5.0,0.06,0.009074,0
5.0,0.24,7.71512,5.0,0.24,0.012222,0
5.0,0.48,7.71103,5.0,0.48,0.019356,0
5.0,0.9,7.68625,5.0,0.9,0.031379,0
5.0,1.2,7.65612,5.0,1.2,0.042285,0
5.0,1.8,7.63234,5.0,1.8,0.063061,0
0.1,0.06,0.218831,0.1,0.06,0.008664,0
0.1,0.24,0.23907,0.1,0.24,0.012839,0
0.1,0.48,0.243667,0.1,0.48,0.019303,0
0.1,0.9,0.232013,0.1,0.9,0.031106,0
0.1,1.2,0.213945,0.1,1.2,0.040631,0
0.1,1.8,0.161268,0.1,1.8,0.060004,0
0.5,0.06,0.829044,0.5,0.06,0.00876,0
0.5,0.24,0.848202,0.5,0.24,0.01314,0
0.5,0.48,0.850887,0.5,0.48,0.019414,0
0.5,0.9,0.826945,0.5,0.9,0.031135,0
0.5,1.2,0.802832,0.5,1.2,0.040826,0
0.5,1.8,0.775599,0.5,1.8,0.059578,0
1.2,0.06,1.89741,1.2,0.06,0.009084,0
1.2,0.24,1.91675,1.2,0.24,0.013085,0
12.35453361612024,7.73105757677965,51.88554210976719,14.254164381082088,4.472182659566613,66.44501739403168,1
1.2,0.9,1.88913,1.2,0.9,0.031143,0
1.2,1.2,1.86523,1.2,1.2,0.04086,0
12.935505855378008,4.715539455027221,65.93158430905731,15.760955059801386,4.8570517785167855,52.797557150135475,1
3.0,0.06,4.64173,3.0,0.06,0.008866,0
3.0,0.24,4.65707,3.0,0.24,0.013131,0
3.0,0.48,4.66246,3.0,0.48,0.019623,0
3.0,0.9,4.63108,3.0,0.9,0.031296,0
3.0,1.2,4.60733,3.0,1.2,0.040993,0
3.0,1.8,4.58433,3.0,1.8,0.059544,0
4.0,0.06,6.16548,4.0,0.06,0.009397,0
4.0,0.24,6.19049,4.0,0.24,0.013278,0
10.71216199396848,4.5524156271367735,54.02176683730825,15.123152367577447,5.204378409949596,36.21603152426031,1
4.0,0.9,6.16102,4.0,0.9,0.031324,0
4.0,1.2,6.14292,4.0,1.2,0.041098,0
4.0,1.8,6.11554,4.0,1.8,0.059594,0
5.0,0.06,7.69567,5.0,0.06,0.008966,0
5.0,0.24,7.71512,5.0,0.24,0.013417,0
5.0,0.48,7.71103,5.0,0.48,0.019846,0
5.0,0.9,7.68625,5.0,0.9,0.031376,0
5.0,1.2,7.65612,5.0,1.2,0.04116,0
5.0,1.8,7.63234,5.0,1.8,0.059602,0
0.1,0.06,0.23978,0.1,0.06,0.200897,0
0.1,0.24,0.242448,0.1,0.24,0.201565,0
0.1,0.48,0.248949,0.1,0.48,0.213664,0
0.1,0.9,0.273855,0.1,0.9,0.203498,0
0.1,1.2,0.312581,0.1,1.2,0.188818,0
0.1,1.8,0.395104,0.1,1.8,0.181786,0
0.5,0.06,1.16609,0.5,0.06,0.602015,0
0.5,0.24,1.15827,0.5,0.24,0.602684,0
0.5,0.48,1.16263,0.5,0.48,0.613968,0
0.5,0.9,1.16866,0.5,0.9,0.602529,0
0.5,1.2,1.15959,0.5,1.2,0.589392,0
9.86666640000462,6.232421798169497,62.32883858838785,11.703829275193485,6.528872133698034,60.98829221338487,1
1.2,0.06,2.76111,1.2,0.06,1.30463,0
1.2,0.24,2.76988,1.2,0.24,1.30455,0
1.2,0.48,2.78627,1.2,0.48,1.31738,0
0.1,0.9,0.315974,0.1,0.9,0.013336,1
1.2,1.2,2.76272,1.2,1.2,1.29178,0
1.2,1.8,2.78797,1.2,1.8,1.28499,0
3.0,0.06,6.89796,3.0,0.06,3.10912,0
3.0,0.24,6.93237,3.0,0.24,3.11142,0
3.0,0.48,6.89459,3.0,0.48,3.12824,0
3.0,0.9,6.91325,3.0,0.9,3.10544,0
3.0,1.2,6.91624,3.0,1.2,3.09662,0
3.0,1.8,6.88764,3.0,1.8,3.08649,0
4.0,0.06,9.21497,4.0,0.06,4.10865,0
4.0,0.24,9.29472,4.0,0.24,4.10973,0
4.0,0.48,9.21357,4.0,0.48,4.11748,0
4.0,0.9,9.24085,4.0,0.9,4.12321,0
4.0,1.2,9.36628,4.0,1.2,4.0954,0
4.0,1.8,9.33545,4.0,1.8,4.10128,0
5.0,0.06,11.6947,5.0,0.06,5.10675,0
5.0,0.24,11.6479,5.0,0.24,5.11027,0
5.0,0.48,11.7143,5.0,0.48,5.12214,0
5.0,0.9,11.4889,5.0,0.9,5.10737,0
5.0,1.2,11.7098,5.0,1.2,5.0968,0
5.0,1.8,11.7021,5.0,1.8,5.09894,0
0.1,0.06,0.23978,0.1,0.06,0.149294,0
0.1,0.24,0.242448,0.1,0.24,0.147719,0
0.1,0.48,0.248949,0.1,0.48,0.149395,0
0.1,0.9,0.273855,0.1,0.9,0.15375,0
0.1,1.2,0.312581,0.1,1.2,0.151838,0
0.1,1.8,0.395104,0.1,1.8,0.15733,0
0.5,0.06,1.16609,0.5,0.06,0.684088,0
0.5,0.24,1.15827,0.5,0.24,0.686797,0
0.5,0.48,1.16263,0.5,0.48,0.686148,0
0.5,0.9,1.16866,0.5,0.9,0.6874,0
0.5,1.2,1.15959,0.5,1.2,0.688284,0
0.5,1.8,1.16812,0.5,1.8,0.692922,0
1.2,0.06,2.76111,1.2,0.06,1.64592,0
1.2,0.24,2.76988,1.2,0.24,1.65601,0
1.2,0.48,2.78627,1.2,0.48,1.64709,0
1.2,0.9,2.79912,1.2,0.9,1.64497,0
1.2,1.2,2.76272,1.2,1.2,1.63076,0
15.85860430172323,4.224343163494684,52.5799013118267,16.434404057647182,6.8526100199689886,46.61187021036369,1
3.0,0.06,6.89796,3.0,0.06,4.10456,0
3.0,0.24,6.93237,3.0,0.24,4.05715,0
3.0,0.48,6.89459,3.0,0.48,4.06149,0
3.0,0.9,6.91325,3.0,0.9,4.09639,0
3.0,1.2,6.91624,3.0,1.2,4.07966,0
3.0,1.8,6.88764,3.0,1.8,4.13424,0
4.0,0.06,9.21497,4.0,0.06,5.45345,0
4.0,0.24,9.29472,4.0,0.24,5.47193,0
4.0,0.48,9.21357,4.0,0.48,5.43677,0
4.0,0.9,9.24085,4.0,0.9,5.42561,0
4.0,1.2,9.36628,4.0,1.2,5.4515,0
4.0,1.8,9.33545,4.0,1.8,5.46556,0
5.0,0.06,11.6947,5.0,0.06,6.81949,0
5.0,0.24,11.6479,5.0,0.24,6.82035,0
5.0,0.48,11.7143,5.0,0.48,6.85031,0
0.5,0.24,1.73122,0.5,0.24,2.44574,1
5.0,1.2,11.7098,5.0,1.2,6.76451,0
5.0,1.8,11.7021,5.0,1.8,6.84088,0
0.1,0.06,0.23978,0.1,0.06,0.008501,0
0.1,0.24,0.242448,0.1,0.24,0.013099,0
0.1,0.48,0.248949,0.1,0.48,0.020435,0
0.1,0.9,0.273855,0.1,0.9,0.035694,0
0.1,1.2,0.312581,0.1,1.2,0.049457,0
0.1,1.8,0.395104,0.1,1.8,0.061461,0
0.5,0.06,1.16609,0.5,0.06,0.008615,0
0.5,0.24,1.15827,0.5,0.24,0.01291,0
0.5,0.48,1.16263,0.5,0.48,0.020182,0
0.5,0.9,1.16866,0.5,0.9,0.033509,0
0.5,1.2,1.15959,0.5,1.2,0.046708,0
0.5,1.8,1.16812,0.5,1.8,0.063718,0
1.2,0.06,2.76111,1.2,0.06,0.008687,0
1.2,0.24,2.76988,1.2,0.24,0.012902,0
1.2,0.48,2.78627,1.2,0.48,0.02001,0
1.2,0.9,2.79912,1.2,0.9,0.032565,0
1.2,1.2,2.76272,1.2,1.2,0.044471,0
1.2,1.8,2.78797,1.2,1.8,0.063766,0
3.0,0.06,6.89796,3.0,0.06,0.008353,0
3.0,0.24,6.93237,3.0,0.24,0.012653,0
3.0,0.48,6.89459,3.0,0.48,0.019676,0
3.0,0.9,6.91325,3.0,0.9,0.031841,0
3.0,1.2,6.91624,3.0,1.2,0.043079,0
3.0,1.8,6.88764,3.0,1.8,0.063467,0
4.0,0.06,9.21497,4.0,0.06,0.007555,0
4.0,0.24,9.29472,4.0,0.24,0.012507,0
4.0,0.48,18.8917,4.0,0.48,9.53939,1
4.0,0.9,9.24085,4.0,0.9,0.031504,0
4.0,1.2,9.36628,4.0,1.2,0.042696,0
4.0,1.8,9.33545,4.0,1.8,0.063386,0
5.0,0.06,11.6947,5.0,0.06,0.009074,0
5.0,0.24,11.6479,5.0,0.24,0.012222,0
4.420698368170258,-0.42782448793940875,11.45725559781605,5.448827885824872,1.1080987197068413,0.6132126920692276,1
5.0,0.9,11.4889,5.0,0.9,0.031379,0
5.0,1.2,11.7098,5.0,1.2,0.042285,0
5.0,1.8,11.7021,5.0,1.8,0.063061,0
0.1,0.06,0.23978,0.1,0.06,0.008664,0
0.1,0.24,0.242448,0.1,0.24,0.012839,0
0.1,0.48,0.248949,0.1,0.48,0.019303,0
0.1,0.9,0.273855,0.1,0.9,0.031106,0
0.1,1.2,0.312581,0.1,1.2,0.040631,0
3.0,1.8,6.88764,3.0,1.8,0.063467,1
0.5,0.06,1.16609,0.5,0.06,0.00876,0
0.5,0.24,1.15827,0.5,0.24,0.01314,0
0.5,0.48,1.16263,0.5,0.48,0.019414,0
0.5,0.9,1.16866,0.5,0.9,0.031135,0
0.5,1.2,1.15959,0.5,1.2,0.040826,0
0.5,1.8,1.16812,0.5,1.8,0.059578,0
1.2,0.06,2.76111,1.2,0.06,0.009084,0
1.2,0.24,2.76988,1.2,0.24,0.013085,0
1.2,0.48,2.78627,1.2,0.48,0.019524,0
1.2,0.9,2.79912,1.2,0.9,0.031143,0
1.2,1.2,2.76272,1.2,1.2,0.04086,0
1.2,1.8,2.78797,1.2,1.8,0.059478,0
3.0,0.06,6.89796,3.0,0.06,0.008866,0
3.0,0.24,6.93237,3.0,0.24,0.013131,0
3.0,0.48,6.89459,3.0,0.48,0.019623,0
3.0,0.9,6.91325,3.0,0.9,0.031296,0
3.0,1.2,6.91624,3.0,1.2,0.040993,0
3.0,1.8,6.88764,3.0,1.8,0.059544,0
4.0,0.06,9.21497,4.0,0.06,0.009397,0
4.0,0.24,9.29472,4.0,0.24,0.013278,0
4.0,0.48,9.21357,4.0,0.48,0.019684,0
4.0,0.9,9.24085,4.0,0.9,0.031324,0
4.0,1.2,9.36628,4.0,1.2,0.041098,0
4.0,1.8,9.33545,4.0,1.8,0.059594,0
5.0,0.06,11.6947,5.0,0.06,0.008966,0
5.0,0.24,11.6479,5.0,0.24,0.013417,0
5.0,0.48,11.7143,5.0,0.48,0.019846,0
5.0,0.9,11.4889,5.0,0.9,0.031376,0
5.0,1.2,11.7098,5.0,1.2,0.04116,0
5.0,1.8,11.7021,5.0,1.8,0.059602,0
0.1,0.06,0.200897,0.1,0.06,0.149294,0
0.1,0.24,0.201565,0.1,0.24,0.147719,0
0.1,0.48,0.213664,0.1,0.48,0.149395,0
0.1,0.9,0.203498,0.1,0.9,0.15375,0
0.1,1.2,0.188818,0.1,1.2,0.151838,0
0.1,1.8,0.181786,0.1,1.8,0.15733,0
0.5,0.06,0.602015,0.5,0.06,0.684088,0
0.5,0.24,0.602684,0.5,0.24,0.686797,0
0.5,0.48,0.613968,0.5,0.48,0.686148,0
0.5,0.9,0.602529,0.5,0.9,0.6874,0
0.5,1.2,0.589392,0.5,1.2,0.688284,0
0.5,1.8,0.582538,0.5,1.8,0.692922,0
1.2,0.06,1.30463,1.2,0.06,1.64592,0
1.2,0.24,1.30455,1.2,0.24,1.65601,0
1.2,0.48,1.31738,1.2,0.48,1.64709,0
1.2,0.9,1.30322,1.2,0.9,1.64497,0
1.2,1.2,1.29178,1.2,1.2,1.63076,0
1.2,1.8,1.28499,1.2,1.8,1.64245,0
3.0,0.06,3.10912,3.0,0.06,4.10456,0
3.0,0.24,3.11142,3.0,0.24,4.05715,0
3.0,0.48,3.12824,3.0,0.48,4.06149,0
3.0,0.9,3.10544,3.0,0.9,4.09639,0
3.0,1.2,3.09662,3.0,1.2,4.07966,0
3.0,1.8,3.08649,3.0,1.8,4.13424,0
4.0,0.06,4.10865,4.0,0.06,5.45345,0
4.0,0.24,4.10973,4.0,0.24,5.47193,0
4.0,0.48,4.11748,4.0,0.48,5.43677,0
4.0,0.9,4.12321,4.0,0.9,5.42561,0
4.0,1.2,4.0954,4.0,1.2,5.4515,0
4.0,1.8,4.10128,4.0,1.8,5.46556,0
5.0,0.06,5.10675,5.0,0.06,6.81949,0
5.0,0.24,5.11027,5.0,0.24,6.82035,0
5.0,0.48,5.12214,5.0,0.48,6.85031,0
5.0,0.9,5.10737,5.0,0.9,6.80511,0
5.0,1.2,5.0968,5.0,1.2,6.76451,0
5.0,1.8,5.09894,5.0,1.8,6.84088,0
0.1,0.06,0.200897,0.1,0.06,0.008501,0
0.1,0.24,0.201565,0.1,0.24,0.013099,0
0.1,0.48,0.213664,0.1,0.48,0.020435,0
0.1,0.9,0.203498,0.1,0.9,0.035694,0
0.1,1.2,0.188818,0.1,1.2,0.049457,0
0.1,1.8,0.181786,0.1,1.8,0.061461,0
0.5,0.06,0.602015,0.5,0.06,0.008615,0
0.5,0.24,0.602684,0.5,0.24,0.01291,0
0.5,0.48,0.613968,0.5,0.48,0.020182,0
0.5,0.9,0.602529,0.5,0.9,0.033509,0
0.5,1.2,0.589392,0.5,1.2,0.046708,0
0.5,1.8,0.582538,0.5,1.8,0.063718,0
1.2,0.06,1.30463,1.2,0.06,0.008687,0
1.2,0.24,1.30455,1.2,0.24,0.012902,0
1.2,0.48,1.31738,1.2,0.48,0.02001,0
1.2,0.9,1.30322,1.2,0.9,0.032565,0
1.2,1.2,1.29178,1.2,1.2,0.044471,0
1.2,1.8,1.28499,1.2,1.8,0.063766,0
3.0,0.06,3.10912,3.0,0.06,0.008353,0
3.0,0.24,3.11142,3.0,0.24,0.012653,0
3.0,0.48,3.12824,3.0,0.48,0.019676,0
3.0,0.9,3.10544,3.0,0.9,0.031841,0
3.0,1.2,3.09662,3.0,1.2,0.043079,0
3.0,1.8,3.08649,3.0,1.8,0.063467,0
4.0,0.06,4.10865,4.0,0.06,0.007555,0
4.0,0.24,4.10973,4.0,0.24,0.012507,0
4.0,0.48,4.11748,4.0,0.48,0.019568,0
4.0,0.9,4.12321,4.0,0.9,0.031504,0
4.0,1.2,4.0954,4.0,1.2,0.042696,0
4.0,1.8,4.10128,4.0,1.8,0.063386,0
5.0,0.06,5.10675,5.0,0.06,0.009074,0
5.0,0.24,5.11027,5.0,0.24,0.012222,0
5.0,0.48,5.12214,5.0,0.48,0.019356,0
5.0,0.9,5.10737,5.0,0.9,0.031379,0
5.0,1.2,5.0968,5.0,1.2,0.042285,0
5.0,1.8,5.09894,5.0,1.8,0.063061,0
0.1,0.06,0.200897,0.1,0.06,0.008664,0
0.1,0.24,0.201565,0.1,0.24,0.012839,0
0.1,0.48,0.213664,0.1,0.48,0.019303,0
0.1,0.9,0.203498,0.1,0.9,0.031106,0
0.1,1.2,0.188818,0.1,1.2,0.040631,0
0.1,1.8,0.181786,0.1,1.8,0.060004,0
0.5,0.06,0.602015,0.5,0.06,0.00876,0
0.5,0.24,0.602684,0.5,0.24,0.01314,0
0.5,0.48,0.613968,0.5,0.48,0.019414,0
0.5,0.9,0.602529,0.5,0.9,0.031135,0
0.5,1.2,0.589392,0.5,1.2,0.040826,0
0.5,1.8,0.582538,0.5,1.8,0.059578,0
1.2,0.06,1.30463,1.2,0.06,0.009084,0
1.2,0.24,1.30455,1.2,0.24,0.013085,0
1.2,0.48,1.31738,1.2,0.48,0.019524,0
1.2,0.9,1.30322,1.2,0.9,0.031143,0
1.2,1.2,1.29178,1.2,1.2,0.04086,0
16.112955360983648,6.517060216981881,51.10014131327837,16.54955293543079,5.0087533112810805,55.697685797168305,1
3.0,0.06,3.10912,3.0,0.06,0.008866,0
3.0,0.24,3.11142,3.0,0.24,0.013131,0
3.0,0.48,3.12824,3.0,0.48,0.019623,0
3.0,0.9,3.10544,3.0,0.9,0.031296,0
3.0,1.2,3.09662,3.0,1.2,0.040993,0
3.0,1.8,3.08649,3.0,1.8,0.059544,0
4.0,0.06,4.10865,4.0,0.06,0.009397,0
4.0,0.24,4.10973,4.0,0.24,0.013278,0
4.0,0.48,4.11748,4.0,0.48,0.019684,0
4.0,0.9,4.12321,4.0,0.9,0.031324,0
4.0,1.2,4.0954,4.0,1.2,0.041098,0
4.0,1.8,4.10128,4.0,1.8,0.059594,0
5.0,0.06,5.10675,5.0,0.06,0.008966,0
5.0,0.24,5.11027,5.0,0.24,0.013417,0
5.0,0.48,5.12214,5.0,0.48,0.019846,0
5.0,0.9,5.10737,5.0,0.9,0.031376,0
5.0,1.2,5.0968,5.0,1.2,0.04116,0
5.0,1.8,5.09894,5.0,1.8,0.059602,0
0.1,0.06,0.149294,0.1,0.06,0.008501,0
0.1,0.24,0.147719,0.1,0.24,0.013099,0
0.1,0.48,0.149395,0.1,0.48,0.020435,0
0.1,0.9,0.15375,0.1,0.9,0.035694,0
0.1,1.2,0.151838,0.1,1.2,0.049457,0
0.1,1.8,0.15733,0.1,1.8,0.061461,0
0.5,0.06,0.684088,0.5,0.06,0.008615,0
0.5,0.24,0.686797,0.5,0.24,0.01291,0
0.5,0.48,0.686148,0.5,0.48,0.020182,0
0.5,0.9,0.6874,0.5,0.9,0.033509,0
0.5,1.2,0.688284,0.5,1.2,0.046708,0
0.5,1.8,0.692922,0.5,1.8,0.063718,0
1.2,0.06,1.64592,1.2,0.06,0.008687,0
1.2,0.24,1.65601,1.2,0.24,0.012902,0
1.2,0.48,1.64709,1.2,0.48,0.02001,0
1.2,0.9,1.64497,1.2,0.9,0.032565,0
1.2,1.2,1.63076,1.2,1.2,0.044471,0
1.2,1.8,1.64245,1.2,1.8,0.063766,0
3.0,0.06,4.10456,3.0,0.06,0.008353,0
3.0,0.24,4.05715,3.0,0.24,0.012653,0
3.0,0.48,4.06149,3.0,0.48,0.019676,0
3.0,0.9,4.09639,3.0,0.9,0.031841,0
3.0,1.2,4.07966,3.0,1.2,0.043079,0
3.0,1.8,4.13424,3.0,1.8,0.063467,0
4.0,0.06,5.45345,4.0,0.06,0.007555,0
4.0,0.24,5.47193,4.0,0.24,0.012507,0
4.0,0.48,5.43677,4.0,0.48,0.019568,0
4.0,0.9,5.42561,4.0,0.9,0.031504,0
4.0,1.2,5.4515,4.0,1.2,0.042696,0
4.0,1.8,5.46556,4.0,1.8,0.063386,0
5.0,0.06,6.81949,5.0,0.06,0.009074,0
5.0,0.24,6.82035,5.0,0.24,0.012222,0
5.0,0.48,6.85031,5.0,0.48,0.019356,0
5.0,0.9,6.80511,5.0,0.9,0.031379,0
5.0,1.2,6.76451,5.0,1.2,0.042285,0
5.0,1.8,6.84088,5.0,1.8,0.063061,0
0.1,0.06,0.149294,0.1,0.06,0.008664,0
0.1,0.24,0.147719,0.1,0.24,0.012839,0
0.1,0.48,0.149395,0.1,0.48,0.019303,0
0.1,0.9,0.15375,0.1,0.9,0.031106,0
-0.3179351278091529,0.6520645946006413,1.5360248028129715,-0.02577595009206818,0.2372163198335614,0.787485879502767,1
0.1,1.8,0.15733,0.1,1.8,0.060004,0
0.5,0.06,0.684088,0.5,0.06,0.00876,0
0.5,0.24,0.686797,0.5,0.24,0.01314,0
0.5,0.48,0.686148,0.5,0.48,0.019414,0
0.5,0.9,0.6874,0.5,0.9,0.031135,0
0.5,1.2,0.688284,0.5,1.2,0.040826,0
0.5,1.8,0.692922,0.5,1.8,0.059578,0
1.2,0.06,1.64592,1.2,0.06,0.009084,0
1.2,0.24,1.65601,1.2,0.24,0.013085,0
1.2,0.48,1.64709,1.2,0.48,0.019524,0
1.2,0.9,1.64497,1.2,0.9,0.031143,0
1.2,1.2,1.63076,1.2,1.2,0.04086,0
1.2,1.8,1.64245,1.2,1.8,0.059478,0
3.0,0.06,4.10456,3.0,0.06,0.008866,0
3.0,0.24,4.05715,3.0,0.24,0.013131,0
3.0,0.48,4.06149,3.0,0.48,0.019623,0
3.0,0.9,4.09639,3.0,0.9,0.031296,0
3.0,1.2,4.07966,3.0,1.2,0.040993,0
3.0,1.8,4.13424,3.0,1.8,0.059544,0
4.0,0.06,5.45345,4.0,0.06,0.009397,0
4.0,0.24,5.47193,4.0,0.24,0.013278,0
4.0,0.48,5.43677,4.0,0.48,0.019684,0
4.0,0.9,5.42561,4.0,0.9,0.031324,0
4.0,1.2,5.4515,4.0,1.2,0.041098,0
4.0,1.8,5.46556,4.0,1.8,0.059594,0
5.0,0.06,6.81949,5.0,0.06,0.008966,0
5.0,0.24,6.82035,5.0,0.24,0.013417,0
5.0,0.48,6.85031,5.0,0.48,0.019846,0
5.0,0.9,6.80511,5.0,0.9,0.031376,0
5.0,1.2,6.76451,5.0,1.2,0.04116,0
5.0,1.8,6.84088,5.0,1.8,0.059602,0
0.1,0.06,0.008501,0.1,0.06,0.008664,0
0.1,0.24,0.013099,0.1,0.24,0.012839,0
0.1,0.48,0.020435,0.1,0.48,0.019303,0
0.1,0.9,0.035694,0.1,0.9,0.031106,0
0.1,1.2,0.049457,0.1,1.2,0.040631,0
0.1,1.8,0.061461,0.1,1.8,0.060004,0
0.5,0.06,0.008615,0.5,0.06,0.00876,0
0.5,0.24,0.01291,0.5,0.24,0.01314,0
0.5,0.48,0.020182,0.5,0.48,0.019414,0
0.5,0.9,0.033509,0.5,0.9,0.031135,0
0.5,1.2,0.046708,0.5,1.2,0.040826,0
0.5,1.8,0.063718,0.5,1.8,0.059578,0
1.2,0.06,0.008687,1.2,0.06,0.009084,0
1.2,0.24,0.012902,1.2,0.24,0.013085,0
1.2,0.48,0.02001,1.2,0.48,0.019524,0
1.2,0.9,0.032565,1.2,0.9,0.031143,0
1.2,1.2,0.044471,1.2,1.2,0.04086,0
1.2,1.8,0.063766,1.2,1.8,0.059478,0
3.0,0.06,0.008353,3.0,0.06,0.008866,0
3.0,0.24,0.012653,3.0,0.24,0.013131,0
3.0,0.48,0.019676,3.0,0.48,0.019623,0
3.0,0.9,0.031841,3.0,0.9,0.031296,0
3.0,1.2,0.043079,3.0,1.2,0.040993,0
3.0,1.8,0.063467,3.0,1.8,0.059544,0
4.0,0.06,0.007555,4.0,0.06,0.009397,0
4.0,0.24,0.012507,4.0,0.24,0.013278,0
4.0,0.48,0.019568,4.0,0.48,0.019684,0
4.0,0.9,0.031504,4.0,0.9,0.031324,0
4.0,1.2,0.042696,4.0,1.2,0.041098,0
4.0,1.8,0.063386,4.0,1.8,0.059594,0
5.0,0.06,0.009074,5.0,0.06,0.008966,0
5.0,0.24,0.012222,5.0,0.24,0.013417,0
5.0,0.48,0.019356,5.0,0.48,0.019846,0
5.0,0.9,0.031379,5.0,0.9,0.031376,0
5.0,1.2,0.042285,5.0,1.2,0.04116,0
5.0,1.8,0.063061,5.0,1.8,0.059602,0
0.1,0.06,0.425419,0.1,0.06,0.472568,0
0.1,0.24,0.454713,0.1,0.24,0.472148,0
0.1,0.48,0.464824,0.1,0.48,0.474765,0
0.1,0.9,0.480219,0.1,0.9,0.471984,0
0.1,1.2,0.474835,0.1,1.2,0.474061,0
0.1,1.8,0.077979,0.1,1.8,0.772707,0
0.5,0.06,1.66909,0.5,0.06,2.35172,0
0.5,0.24,1.68998,0.5,0.24,2.35122,0
0.5,0.48,1.71053,0.5,0.48,2.35302,0
0.5,0.9,1.71553,0.5,0.9,2.3957,0
0.5,1.2,1.71325,0.5,1.2,2.33731,0
0.5,1.8,1.27595,0.5,1.8,2.34106,0
1.2,0.06,3.83487,1.2,0.06,5.60538,0
1.2,0.24,3.85664,1.2,0.24,5.60969,0
1.2,0.48,3.88287,1.2,0.48,5.66609,0
1.2,0.9,3.88829,1.2,0.9,5.62714,0
13.495330903452508,7.377517774894575,67.93656740477536,16.798739179025784,5.385946621597396,37.32985188654404,1
1.2,1.8,3.42621,1.2,1.8,5.6064,0
3.0,0.06,9.38351,3.0,0.06,14.0704,0
3.0,0.24,9.39386,3.0,0.24,14.1957,0
3.0,0.48,9.43383,3.0,0.48,14.0557,0
3.0,0.9,9.45655,3.0,0.9,13.9781,0
3.0,1.2,9.41367,3.0,1.2,13.9974,0
3.0,1.8,8.95205,3.0,1.8,14.0127,0
4.0,0.06,12.4742,4.0,0.06,18.6271,0
4.0,0.24,12.6184,4.0,0.24,18.6458,0
4.0,0.48,12.594,4.0,0.48,18.6328,0
4.0,0.9,12.562,4.0,0.9,18.673,0
4.0,1.2,12.5057,4.0,1.2,18.9076,0
4.0,1.8,12.0839,4.0,1.8,18.8961,0
5.0,0.06,15.5608,5.0,0.06,23.3099,0
5.0,0.24,15.5664,5.0,0.24,23.1981,0
5.0,0.48,15.6243,5.0,0.48,23.4388,0
5.0,0.9,15.7366,5.0,0.9,23.5804,0
5.0,1.2,15.7383,5.0,1.2,23.5836,0
5.0,1.8,15.2046,5.0,1.8,23.4706,0
0.1,0.06,0.425419,0.1,0.06,0.320966,0
0.1,0.24,0.454713,0.1,0.24,0.341931,0
0.1,0.48,0.464824,0.1,0.48,0.351005,0
0.1,0.9,0.480219,0.1,0.9,0.348602,0
0.1,1.2,0.474835,0.1,1.2,0.340045,0
0.1,1.8,0.077979,0.1,1.8,0.336927,0
0.5,0.06,1.66909,0.5,0.06,1.13521,0
0.5,0.24,1.68998,0.5,0.24,1.17079,0
0.5,0.48,1.71053,0.5,0.48,1.16845,0
0.5,0.9,1.71553,0.5,0.9,1.16411,0
0.5,1.2,1.71325,0.5,1.2,1.15432,0
0.5,1.8,1.27595,0.5,1.8,1.1524,0
1.2,0.06,3.83487,1.2,0.06,2.55463,0
1.2,0.24,3.85664,1.2,0.24,2.61943,0
1.2,0.48,3.88287,1.2,0.48,2.64511,0
1.2,0.9,3.88829,1.2,0.9,2.58389,0
1.2,1.2,3.90945,1.2,1.2,2.61231,0
1.2,1.8,3.42621,1.2,1.8,2.58877,0
3.0,0.06,9.38351,3.0,0.06,6.21523,0
3.0,0.24,9.39386,3.0,0.24,6.32654,0
3.0,0.48,9.43383,3.0,0.48,6.24574,0
3.0,0.9,9.45655,3.0,0.9,6.25146,0
3.0,1.2,9.41367,3.0,1.2,6.29995,0
3.0,1.8,8.95205,3.0,1.8,6.34697,0
4.0,0.06,12.4742,4.0,0.06,8.24526,0
4.0,0.24,12.6184,4.0,0.24,8.27473,0
4.0,0.48,12.594,4.0,0.48,8.42256,0
4.0,0.9,12.562,4.0,0.9,8.41867,0
4.0,1.2,12.5057,4.0,1.2,8.31116,0
4.0,1.8,12.0839,4.0,1.8,8.28075,0
5.0,0.06,15.5608,5.0,0.06,10.2776,0
5.0,0.24,15.5664,5.0,0.24,10.3871,0
5.0,0.48,15.6243,5.0,0.48,10.4875,0
5.0,0.9,15.7366,5.0,0.9,10.4897,0
5.0,1.2,15.7383,5.0,1.2,10.3882,0
5.0,1.8,15.2046,5.0,1.8,10.3803,0
0.1,0.06,0.425419,0.1,0.06,0.283636,0
0.1,0.24,0.454713,0.1,0.24,0.291473,0
0.1,0.48,0.464824,0.1,0.48,0.281713,0
0.1,0.9,0.480219,0.1,0.9,0.283847,0
0.1,1.2,0.474835,0.1,1.2,0.282558,0
0.1,1.8,0.077979,0.1,1.8,0.280873,0
0.5,0.06,1.66909,0.5,0.06,1.39383,0
0.5,0.24,1.68998,0.5,0.24,1.4339,0
0.5,0.48,1.71053,0.5,0.48,1.49683,0
0.5,0.9,1.71553,0.5,0.9,1.43308,0
0.5,1.2,1.71325,0.5,1.2,1.39314,0
0.5,1.8,1.27595,0.5,1.8,1.38074,0
0.2,1.2,0.019868,0.2,1.2,0.007762,1
1.2,0.24,3.85664,1.2,0.24,3.43744,0
1.2,0.48,3.88287,1.2,0.48,3.72888,0
1.2,0.9,3.88829,1.2,0.9,3.5786,0
1.2,1.2,3.90945,1.2,1.2,3.40646,0
1.2,1.8,3.42621,1.2,1.8,3.38332,0
3.0,0.06,9.38351,3.0,0.06,8.3356,0
3.0,0.24,9.39386,3.0,0.24,8.45942,0
3.0,0.48,9.43383,3.0,0.48,9.06585,0
3.0,0.9,9.45655,3.0,0.9,8.99433,0
0.1,1.2,0.371658,0.1,1.2,0.047388,1
3.0,1.8,8.95205,3.0,1.8,8.44641,0
4.0,0.06,12.4742,4.0,0.06,11.0003,0
4.0,0.24,12.6184,4.0,0.24,11.6441,0
4.0,0.48,12.594,4.0,0.48,11.4517,0
4.0,0.9,12.562,4.0,0.9,11.4054,0
4.0,1.2,12.5057,4.0,1.2,11.6002,0
4.0,1.8,12.0839,4.0,1.8,11.6559,0
5.0,0.06,15.5608,5.0,0.06,13.7118,0
5.0,0.24,15.5664,5.0,0.24,14.2568,0
5.0,0.48,15.6243,5.0,0.48,14.1006,0
5.0,0.9,15.7366,5.0,0.9,14.0984,0
5.0,1.2,15.7383,5.0,1.2,14.0709,0
5.0,1.8,15.2046,5.0,1.8,14.2428,0
0.1,0.06,0.425419,0.1,0.06,0.016074,0
0.1,0.24,0.454713,0.1,0.24,0.02101,0
0.1,0.48,0.464824,0.1,0.48,0.024065,0
0.1,0.9,0.480219,0.1,0.9,0.034026,0
0.1,1.2,0.474835,0.1,1.2,0.035648,0
0.1,1.8,0.077979,0.1,1.8,0.026188,0
0.5,0.06,1.66909,0.5,0.06,0.014972,0
0.5,0.24,1.68998,0.5,0.24,0.020911,0
0.5,0.48,1.71053,0.5,0.48,0.024,0
0.5,0.9,1.71553,0.5,0.9,0.033661,0
0.5,1.2,1.71325,0.5,1.2,0.035639,0
0.5,1.8,1.27595,0.5,1.8,0.026012,0
1.2,0.06,3.83487,1.2,0.06,0.012169,0
1.2,0.24,3.85664,1.2,0.24,0.02063,0
1.2,0.48,3.88287,1.2,0.48,0.023769,0
1.2,0.9,3.88829,1.2,0.9,0.033379,0
1.2,1.2,3.90945,1.2,1.2,0.035359,0
1.2,1.8,3.42621,1.2,1.8,0.02588,0
3.0,0.06,9.38351,3.0,0.06,0.010686,0
3.0,0.24,9.39386,3.0,0.24,0.0198,0
3.0,0.48,9.43383,3.0,0.48,0.022925,0
3.0,0.9,9.45655,3.0,0.9,0.032601,0
0.2,0.6,0.32718,0.2,0.6,0.528989,1
3.0,1.8,8.95205,3.0,1.8,0.024752,0
4.0,0.06,12.4742,4.0,0.06,0.015201,0
4.0,0.24,12.6184,4.0,0.24,0.019536,0
4.0,0.48,12.594,4.0,0.48,0.022584,0
4.0,0.9,12.562,4.0,0.9,0.032081,0
4.0,1.2,12.5057,4.0,1.2,0.034283,0
4.0,1.8,12.0839,4.0,1.8,0.024366,0
5.0,0.06,15.5608,5.0,0.06,0.014663,0
5.0,0.24,15.5664,5.0,0.24,0.01899,0
5.0,0.48,15.6243,5.0,0.48,0.022222,0
5.0,0.9,15.7366,5.0,0.9,0.031789,0
5.0,1.2,15.7383,5.0,1.2,0.033733,0
5.0,1.8,15.2046,5.0,1.8,0.024251,0
0.1,0.06,0.425419,0.1,0.06,0.017489,0
0.1,0.24,0.454713,0.1,0.24,0.020669,0
0.1,0.48,0.464824,0.1,0.48,0.023537,0
0.1,0.9,0.480219,0.1,0.9,0.029173,0
0.1,1.2,0.474835,0.1,1.2,0.035077,0
0.1,1.8,0.077979,0.1,1.8,0.043133,0
0.5,0.06,1.66909,0.5,0.06,0.018226,0
0.5,0.24,1.68998,0.5,0.24,0.020732,0
0.5,0.48,1.71053,0.5,0.48,0.0237,0
0.5,0.9,1.71553,0.5,0.9,0.029326,0
0.5,1.2,1.71325,0.5,1.2,0.035458,0
0.5,1.8,1.27595,0.5,1.8,0.042407,0
1.2,0.06,3.83487,1.2,0.06,0.022528,0
1.2,0.24,3.85664,1.2,0.24,0.020843,0
1.2,0.48,3.88287,1.2,0.48,0.02387,0
1.2,0.9,3.88829,1.2,0.9,0.02949,0
1.2,1.2,3.90945,1.2,1.2,0.0356,0
1.2,1.8,3.42621,1.2,1.8,0.042537,0
3.0,0.06,9.38351,3.0,0.06,0.017308,0
3.0,0.24,9.39386,3.0,0.24,0.021057,0
3.0,0.48,9.43383,3.0,0.48,0.023908,0
3.0,0.9,9.45655,3.0,0.9,0.029658,0
3.0,1.2,9.41367,3.0,1.2,0.035805,0
3.0,1.8,8.95205,3.0,1.8,0.042735,0
4.0,0.06,12.4742,4.0,0.06,0.018174,0
4.0,0.24,12.6184,4.0,0.24,0.021208,0
4.0,0.48,12.594,4.0,0.48,0.02397,0
4.0,0.9,12.562,4.0,0.9,0.029725,0
4.0,1.2,12.5057,4.0,1.2,0.035931,0
4.0,1.8,12.0839,4.0,1.8,0.042861,0
5.0,0.06,15.5608,5.0,0.06,0.018327,0
5.0,0.24,15.5664,5.0,0.24,0.021258,0
5.0,0.48,15.6243,5.0,0.48,0.02413,0
5.0,0.9,15.7366,5.0,0.9,0.029892,0
5.0,1.2,15.7383,5.0,1.2,0.035961,0
5.0,1.8,15.2046,5.0,1.8,0.042932,0
0.1,0.06,0.472568,0.1,0.06,0.320966,0
0.1,0.24,0.472148,0.1,0.24,0.341931,0
0.1,0.48,0.474765,0.1,0.48,0.351005,0
0.1,0.9,0.471984,0.1,0.9,0.348602,0
0.1,1.2,0.474061,0.1,1.2,0.340045,0
0.1,1.8,0.772707,0.1,1.8,0.336927,0
0.5,0.06,2.35172,0.5,0.06,1.13521,0
0.5,0.24,2.35122,0.5,0.24,1.17079,0
0.5,0.48,2.35302,0.5,0.48,1.16845,0
0.5,0.9,2.3957,0.5,0.9,1.16411,0
0.5,1.2,2.33731,0.5,1.2,1.15432,0
0.5,1.8,2.34106,0.5,1.8,1.1524,0
1.2,0.06,5.60538,1.2,0.06,2.55463,0
1.2,0.24,5.60969,1.2,0.24,2.61943,0
1.2,0.48,5.66609,1.2,0.48,2.64511,0
1.2,0.9,5.62714,1.2,0.9,2.58389,0
1.2,1.2,5.63062,1.2,1.2,2.61231,0
1.2,1.8,5.6064,1.2,1.8,2.58877,0
3.0,0.06,14.0704,3.0,0.06,6.21523,0
3.0,0.24,14.1957,3.0,0.24,6.32654,0
3.0,0.48,14.0557,3.0,0.48,6.24574,0
3.0,0.9,13.9781,3.0,0.9,6.25146,0
3.0,1.2,13.9974,3.0,1.2,6.29995,0
3.0,1.8,14.0127,3.0,1.8,6.34697,0
4.0,0.06,18.6271,4.0,0.06,8.24526,0
4.0,0.24,18.6458,4.0,0.24,8.27473,0
4.0,0.48,18.6328,4.0,0.48,8.42256,0
4.0,0.9,18.673,4.0,0.9,8.41867,0
4.0,1.2,18.9076,4.0,1.2,8.31116,0
4.0,1.8,18.8961,4.0,1.8,8.28075,0
5.0,0.06,23.3099,5.0,0.06,10.2776,0
5.0,0.24,23.1981,5.0,0.24,10.3871,0
5.0,0.48,23.4388,5.0,0.48,10.4875,0
5.0,0.9,23.5804,5.0,0.9,10.4897,0
5.0,1.2,23.5836,5.0,1.2,10.3882,0
5.0,1.8,23.4706,5.0,1.8,10.3803,0
0.1,0.06,0.472568,0.1,0.06,0.283636,0
0.1,0.24,0.472148,0.1,0.24,0.291473,0
0.1,0.48,0.474765,0.1,0.48,0.281713,0
0.1,0.9,0.471984,0.1,0.9,0.283847,0
0.1,1.2,0.474061,0.1,1.2,0.282558,0
0.1,1.8,0.772707,0.1,1.8,0.280873,0
0.5,0.06,2.35172,0.5,0.06,1.39383,0
0.5,0.24,2.35122,0.5,0.24,1.4339,0
0.5,0.48,2.35302,0.5,0.48,1.49683,0
0.5,0.9,2.3957,0.5,0.9,1.43308,0
0.5,1.2,2.33731,0.5,1.2,1.39314,0
0.5,1.8,2.34106,0.5,1.8,1.38074,0
1.2,0.06,5.60538,1.2,0.06,3.3266,0
1.2,0.24,5.60969,1.2,0.24,3.43744,0
1.2,0.48,5.66609,1.2,0.48,3.72888,0
1.2,0.9,5.62714,1.2,0.9,3.5786,0
1.2,1.2,5.63062,1.2,1.2,3.40646,0
1.2,1.8,5.6064,1.2,1.8,3.38332,0
3.0,0.06,14.0704,3.0,0.06,8.3356,0
3.0,0.24,14.1957,3.0,0.24,8.45942,0
3.0,0.48,14.0557,3.0,0.48,9.06585,0
3.0,0.9,13.9781,3.0,0.9,8.99433,0
3.0,1.2,13.9974,3.0,1.2,8.57458,0
3.0,1.8,14.0127,3.0,1.8,8.44641,0
4.0,0.06,18.6271,4.0,0.06,11.0003,0
4.0,0.24,18.6458,4.0,0.24,11.6441,0
4.0,0.48,18.6328,4.0,0.48,11.4517,0
4.0,0.9,18.673,4.0,0.9,11.4054,0
4.0,1.2,18.9076,4.0,1.2,11.6002,0
4.0,1.8,18.8961,4.0,1.8,11.6559,0
5.0,0.06,23.3099,5.0,0.06,13.7118,0
5.0,0.24,23.1981,5.0,0.24,14.2568,0
5.0,0.48,23.4388,5.0,0.48,14.1006,0
5.0,0.9,23.5804,5.0,0.9,14.0984,0
5.0,1.2,23.5836,5.0,1.2,14.0709,0
5.0,1.8,23.4706,5.0,1.8,14.2428,0
0.1,0.06,0.472568,0.1,0.06,0.016074,0
0.1,0.24,0.472148,0.1,0.24,0.02101,0
0.1,0.48,0.474765,0.1,0.48,0.024065,0
0.1,0.9,0.471984,0.1,0.9,0.034026,0
0.1,1.2,0.474061,0.1,1.2,0.035648,0
0.1,1.8,0.772707,0.1,1.8,0.026188,0
0.5,0.06,2.35172,0.5,0.06,0.014972,0
0.5,0.24,2.35122,0.5,0.24,0.020911,0
0.5,0.48,2.35302,0.5,0.48,0.024,0
0.5,0.9,2.3957,0.5,0.9,0.033661,0
0.5,1.2,2.33731,0.5,1.2,0.035639,0
0.5,1.8,2.34106,0.5,1.8,0.026012,0
1.2,0.06,5.60538,1.2,0.06,0.012169,0
1.2,0.24,5.60969,1.2,0.24,0.02063,0
1.2,0.48,5.66609,1.2,0.48,0.023769,0
1.2,0.9,5.62714,1.2,0.9,0.033379,0
1.2,1.2,5.63062,1.2,1.2,0.035359,0
1.2,1.8,5.6064,1.2,1.8,0.02588,0
3.0,0.06,14.0704,3.0,0.06,0.010686,0
3.0,0.24,14.1957,3.0,0.24,0.0198,0
3.0,0.48,14.0557,3.0,0.48,0.022925,0
3.0,0.9,13.9781,3.0,0.9,0.032601,0
3.0,1.2,13.9974,3.0,1.2,0.034652,0
3.0,1.8,14.0127,3.0,1.8,0.024752,0
4.0,0.06,18.6271,4.0,0.06,0.015201,0
4.0,0.24,18.6458,4.0,0.24,0.019536,0
4.0,0.48,18.6328,4.0,0.48,0.022584,0
4.0,0.9,18.673,4.0,0.9,0.032081,0
4.0,1.2,18.9076,4.0,1.2,0.034283,0
4.0,1.8,18.8961,4.0,1.8,0.024366,0
5.0,0.06,23.3099,5.0,0.06,0.014663,0
5.0,0.24,23.1981,5.0,0.24,0.01899,0
5.0,0.48,23.4388,5.0,0.48,0.022222,0
5.0,0.9,23.5804,5.0,0.9,0.031789,0
5.0,1.2,23.5836,5.0,1.2,0.033733,0
5.0,1.8,23.4706,5.0,1.8,0.024251,0
0.1,0.06,0.472568,0.1,0.06,0.017489,0
0.1,0.24,0.472148,0.1,0.24,0.020669,0
0.1,0.48,0.474765,0.1,0.48,0.023537,0
0.1,0.9,0.471984,0.1,0.9,0.029173,0
0.1,1.2,0.474061,0.1,1.2,0.035077,0
0.1,1.8,0.772707,0.1,1.8,0.043133,0
0.5,0.06,2.35172,0.5,0.06,0.018226,0
0.5,0.24,2.35122,0.5,0.24,0.020732,0
0.5,0.48,2.35302,0.5,0.48,0.0237,0
0.5,0.9,2.3957,0.5,0.9,0.029326,0
0.5,1.2,2.33731,0.5,1.2,0.035458,0
0.5,1.8,2.34106,0.5,1.8,0.042407,0
1.2,0.06,5.60538,1.2,0.06,0.022528,0
1.2,0.24,5.60969,1.2,0.24,0.020843,0
1.2,0.48,5.66609,1.2,0.48,0.02387,0
1.2,0.9,5.62714,1.2,0.9,0.02949,0
1.2,1.2,5.63062,1.2,1.2,0.0356,0
1.2,1.8,5.6064,1.2,1.8,0.042537,0
3.0,0.06,14.0704,3.0,0.06,0.017308,0
3.0,0.24,14.1957,3.0,0.24,0.021057,0
3.0,0.48,14.0557,3.0,0.48,0.023908,0
3.0,0.9,13.9781,3.0,0.9,0.029658,0
3.0,1.2,13.9974,3.0,1.2,0.035805,0
3.0,1.8,14.0127,3.0,1.8,0.042735,0
4.0,0.06,18.6271,4.0,0.06,0.018174,0
4.0,0.24,18.6458,4.0,0.24,0.021208,0
4.0,0.48,18.6328,4.0,0.48,0.02397,0
4.0,0.9,18.673,4.0,0.9,0.029725,0
4.0,1.2,18.9076,4.0,1.2,0.035931,0
4.0,1.8,18.8961,4.0,1.8,0.042861,0
5.0,0.06,23.3099,5.0,0.06,0.018327,0
5.0,0.24,23.1981,5.0,0.24,0.021258,0
5.0,0.48,23.4388,5.0,0.48,0.02413,0
5.0,0.9,23.5804,5.0,0.9,0.029892,0
5.0,1.2,23.5836,5.0,1.2,0.035961,0
5.0,1.8,23.4706,5.0,1.8,0.042932,0
0.1,0.06,0.320966,0.1,0.06,0.283636,0
0.1,0.24,0.341931,0.1,0.24,0.291473,0
0.1,0.48,0.351005,0.1,0.48,0.281713,0
0.1,0.9,0.348602,0.1,0.9,0.283847,0
0.1,1.2,0.340045,0.1,1.2,0.282558,0
0.1,1.8,0.336927,0.1,1.8,0.280873,0
0.5,0.06,1.13521,0.5,0.06,1.39383,0
0.5,0.24,1.17079,0.5,0.24,1.4339,0
0.5,0.48,1.16845,0.5,0.48,1.49683,0
0.5,0.9,1.16411,0.5,0.9,1.43308,0
0.5,1.2,1.15432,0.5,1.2,1.39314,0
0.5,1.8,1.1524,0.5,1.8,1.38074,0
1.2,0.06,2.55463,1.2,0.06,3.3266,0
1.2,0.24,2.61943,1.2,0.24,3.43744,0
1.2,0.48,2.64511,1.2,0.48,3.72888,0
1.2,0.9,2.58389,1.2,0.9,3.5786,0
1.2,1.2,2.61231,1.2,1.2,3.40646,0
1.2,1.8,2.58877,1.2,1.8,3.38332,0
3.0,0.06,6.21523,3.0,0.06,8.3356,0
3.0,0.24,6.32654,3.0,0.24,8.45942,0
3.0,0.48,6.24574,3.0,0.48,9.06585,0
13.600136773153006,4.627750692064048,43.3883238778498,14.69136247500835,4.468609828595339,47.37204313182045,1
3.0,1.2,6.29995,3.0,1.2,8.57458,0
3.0,1.8,6.34697,3.0,1.8,8.44641,0
4.0,0.06,8.24526,4.0,0.06,11.0003,0
4.0,0.24,8.27473,4.0,0.24,11.6441,0
4.0,0.48,8.42256,4.0,0.48,11.4517,0
4.0,0.9,8.41867,4.0,0.9,11.4054,0
4.0,1.2,8.31116,4.0,1.2,11.6002,0
4.0,1.8,8.28075,4.0,1.8,11.6559,0
5.0,0.06,10.2776,5.0,0.06,13.7118,0
5.0,0.24,10.3871,5.0,0.24,14.2568,0
5.0,0.48,10.4875,5.0,0.48,14.1006,0
5.0,0.9,10.4897,5.0,0.9,14.0984,0
5.0,1.2,10.3882,5.0,1.2,14.0709,0
5.0,1.8,10.3803,5.0,1.8,14.2428,0
0.1,0.06,0.320966,0.1,0.06,0.016074,0
0.1,0.24,0.341931,0.1,0.24,0.02101,0
16.221872311604237,5.477461452193232,72.7640176826782,14.033323045532057,4.420144160004012,57.231230682544656,1
0.1,0.9,0.348602,0.1,0.9,0.034026,0
0.1,1.2,0.340045,0.1,1.2,0.035648,0
0.1,1.8,0.336927,0.1,1.8,0.026188,0
0.5,0.06,1.13521,0.5,0.06,0.014972,0
0.5,0.24,1.17079,0.5,0.24,0.020911,0
0.5,0.48,1.16845,0.5,0.48,0.024,0
0.5,0.9,1.16411,0.5,0.9,0.033661,0
0.5,1.2,1.15432,0.5,1.2,0.035639,0
0.5,1.8,1.1524,0.5,1.8,0.026012,0
1.2,0.06,2.55463,1.2,0.06,0.012169,0
1.2,0.24,2.61943,1.2,0.24,0.02063,0
1.2,0.48,2.64511,1.2,0.48,0.023769,0
1.2,0.9,2.58389,1.2,0.9,0.033379,0
1.2,1.2,2.61231,1.2,1.2,0.035359,0
1.2,1.8,2.58877,1.2,1.8,0.02588,0
3.0,0.06,6.21523,3.0,0.06,0.010686,0
3.0,0.24,6.32654,3.0,0.24,0.0198,0
3.0,0.48,6.24574,3.0,0.48,0.022925,0
3.0,0.9,6.25146,3.0,0.9,0.032601,0
3.0,1.2,6.29995,3.0,1.2,0.034652,0
3.0,1.8,6.34697,3.0,1.8,0.024752,0
4.0,0.06,8.24526,4.0,0.06,0.015201,0
4.0,0.24,8.27473,4.0,0.24,0.019536,0
4.0,0.48,8.42256,4.0,0.48,0.022584,0
4.0,0.9,8.41867,4.0,0.9,0.032081,0
4.0,1.2,8.31116,4.0,1.2,0.034283,0
4.0,1.8,8.28075,4.0,1.8,0.024366,0
5.0,0.06,10.2776,5.0,0.06,0.014663,0
5.0,0.24,10.3871,5.0,0.24,0.01899,0
5.0,0.48,10.4875,5.0,0.48,0.022222,0
5.0,0.9,10.4897,5.0,0.9,0.031789,0
5.0,1.2,10.3882,5.0,1.2,0.033733,0
0.04,0.42,0.132926,0.04,0.42,0.006347,1
15.274039956131244,5.149961771544922,72.16044568971896,15.18320532074397,4.505726775642234,37.33628012296595,1
0.1,0.24,0.341931,0.1,0.24,0.020669,0
0.1,0.48,0.351005,0.1,0.48,0.023537,0
0.1,0.9,0.348602,0.1,0.9,0.029173,0
0.1,1.2,0.340045,0.1,1.2,0.035077,0
0.1,1.8,0.336927,0.1,1.8,0.043133,0
0.5,0.06,1.13521,0.5,0.06,0.018226,0
0.5,0.24,1.17079,0.5,0.24,0.020732,0
0.5,0.48,1.16845,0.5,0.48,0.0237,0
0.5,0.9,1.16411,0.5,0.9,0.029326,0
0.5,1.2,1.15432,0.5,1.2,0.035458,0
0.5,1.8,1.1524,0.5,1.8,0.042407,0
1.2,0.06,2.55463,1.2,0.06,0.022528,0
1.2,0.24,2.61943,1.2,0.24,0.020843,0
1.2,0.48,2.64511,1.2,0.48,0.02387,0
1.2,0.9,2.58389,1.2,0.9,0.02949,0
1.2,1.2,2.61231,1.2,1.2,0.0356,0
1.2,1.8,2.58877,1.2,1.8,0.042537,0
3.0,0.06,6.21523,3.0,0.06,0.017308,0
3.0,0.24,6.32654,3.0,0.24,0.021057,0
3.0,0.48,6.24574,3.0,0.48,0.023908,0
3.0,0.9,6.25146,3.0,0.9,0.029658,0
8.886386228450096,5.863268641357821,68.10609441430232,10.783106267294462,6.049157173552653,69.9533906061889,1
3.0,1.8,6.34697,3.0,1.8,0.042735,0
4.0,0.06,8.24526,4.0,0.06,0.018174,0
4.0,0.24,8.27473,4.0,0.24,0.021208,0
4.0,0.48,8.42256,4.0,0.48,0.02397,0
4.0,0.9,8.41867,4.0,0.9,0.029725,0
4.0,1.2,8.31116,4.0,1.2,0.035931,0
4.0,1.8,8.28075,4.0,1.8,0.042861,0
5.0,0.06,10.2776,5.0,0.06,0.018327,0
0.1,0.06,0.369203,0.1,0.06,0.007,1
5.0,0.48,10.4875,5.0,0.48,0.02413,0
5.0,0.9,10.4897,5.0,0.9,0.029892,0
5.0,1.2,10.3882,5.0,1.2,0.035961,0
5.0,1.8,10.3803,5.0,1.8,0.042932,0
0.1,0.06,0.283636,0.1,0.06,0.016074,0
0.1,0.24,0.291473,0.1,0.24,0.02101,0
0.5087335633491862,0.0232707101838886,0.4352326186259109,0.07438208223390423,0.7927922968375003,-0.08757079421665478,1
0.1,0.9,0.283847,0.1,0.9,0.034026,0
0.1,1.2,0.282558,0.1,1.2,0.035648,0
0.1,1.8,0.280873,0.1,1.8,0.026188,0
0.5,0.06,1.39383,0.5,0.06,0.014972,0
0.5,0.24,1.4339,0.5,0.24,0.020911,0
0.5,0.48,1.49683,0.5,0.48,0.024,0
0.5,0.9,1.43308,0.5,0.9,0.033661,0
0.5,1.2,1.39314,0.5,1.2,0.035639,0
0.5,1.8,1.38074,0.5,1.8,0.026012,0
1.2,0.06,3.3266,1.2,0.06,0.012169,0
1.2,0.24,3.43744,1.2,0.24,0.02063,0
1.2,0.48,3.72888,1.2,0.48,0.023769,0
1.2,0.9,3.5786,1.2,0.9,0.033379,0
1.2,1.2,3.40646,1.2,1.2,0.035359,0
1.2,1.8,3.38332,1.2,1.8,0.02588,0
3.0,0.06,8.3356,3.0,0.06,0.010686,0
3.0,0.24,8.45942,3.0,0.24,0.0198,0
3.0,0.48,9.06585,3.0,0.48,0.022925,0
3.0,0.9,8.99433,3.0,0.9,0.032601,0
3.0,1.2,8.57458,3.0,1.2,0.034652,0
3.0,1.8,8.44641,3.0,1.8,0.024752,0
4.0,0.06,11.0003,4.0,0.06,0.015201,0
4.0,0.24,11.6441,4.0,0.24,0.019536,0
4.0,0.48,11.4517,4.0,0.48,0.022584,0
4.0,0.9,11.4054,4.0,0.9,0.032081,0
4.0,1.2,11.6002,4.0,1.2,0.034283,0
4.0,1.8,11.6559,4.0,1.8,0.024366,0
5.0,0.06,13.7118,5.0,0.06,0.014663,0
5.0,0.24,14.2568,5.0,0.24,0.01899,0
5.0,0.48,14.1006,5.0,0.48,0.022222,0
5.0,0.9,14.0984,5.0,0.9,0.031789,0
5.0,1.2,14.0709,5.0,1.2,0.033733,0
5.0,1.8,14.2428,5.0,1.8,0.024251,0
0.1,0.06,0.283636,0.1,0.06,0.017489,0
0.1,0.24,0.291473,0.1,0.24,0.020669,0
0.1,0.48,0.281713,0.1,0.48,0.023537,0
0.1,0.9,0.283847,0.1,0.9,0.029173,0
0.1,1.2,0.282558,0.1,1.2,0.035077,0
0.1,1.8,0.280873,0.1,1.8,0.043133,0
0.5,0.06,1.39383,0.5,0.06,0.018226,0
0.5,0.24,1.4339,0.5,0.24,0.020732,0
0.5,0.48,1.49683,0.5,0.48,0.0237,0
0.5,0.9,1.43308,0.5,0.9,0.029326,0
0.5,1.2,1.39314,0.5,1.2,0.035458,0
0.5,1.8,1.38074,0.5,1.8,0.042407,0
1.2,0.06,3.3266,1.2,0.06,0.022528,0
1.2,0.24,3.43744,1.2,0.24,0.020843,0
1.2,0.48,3.72888,1.2,0.48,0.02387,0
1.2,0.9,3.5786,1.2,0.9,0.02949,0
1.2,1.2,3.40646,1.2,1.2,0.0356,0
1.2,1.8,3.38332,1.2,1.8,0.042537,0
3.0,0.06,8.3356,3.0,0.06,0.017308,0
3.0,0.24,8.45942,3.0,0.24,0.021057,0
3.0,0.48,9.06585,3.0,0.48,0.023908,0
3.0,0.9,8.99433,3.0,0.9,0.029658,0
3.0,1.2,8.57458,3.0,1.2,0.035805,0
3.0,1.8,8.44641,3.0,1.8,0.042735,0
4.0,0.06,11.0003,4.0,0.06,0.018174,0
4.0,0.24,11.6441,4.0,0.24,0.021208,0
4.0,0.48,11.4517,4.0,0.48,0.02397,0
4.0,0.9,11.4054,4.0,0.9,0.029725,0
4.0,1.2,11.6002,4.0,1.2,0.035931,0
4.0,1.8,11.6559,4.0,1.8,0.042861,0
5.0,0.06,13.7118,5.0,0.06,0.018327,0
5.0,0.24,14.2568,5.0,0.24,0.021258,0
5.0,0.48,14.1006,5.0,0.48,0.02413,0
5.0,0.9,14.0984,5.0,0.9,0.029892,0
5.0,1.2,14.0709,5.0,1.2,0.035961,0
5.0,1.8,14.2428,5.0,1.8,0.042932,0
0.1,0.06,0.016074,0.1,0.06,0.017489,0
0.1,0.24,0.02101,0.1,0.24,0.020669,0
0.1,0.48,0.024065,0.1,0.48,0.023537,0
0.1,0.9,0.034026,0.1,0.9,0.029173,0
0.1,1.2,0.035648,0.1,1.2,0.035077,0
0.5,0.48,0.994755,0.5,0.48,1.20691,1
0.5,0.06,0.014972,0.5,0.06,0.018226,0
0.5,0.24,0.020911,0.5,0.24,0.020732,0
0.5,0.48,0.024,0.5,0.48,0.0237,0
0.5,0.9,0.033661,0.5,0.9,0.029326,0
0.5,1.2,0.035639,0.5,1.2,0.035458,0
0.5,1.8,0.026012,0.5,1.8,0.042407,0
1.2,0.06,0.012169,1.2,0.06,0.022528,0
1.2,0.24,0.02063,1.2,0.24,0.020843,0
1.2,0.48,0.023769,1.2,0.48,0.02387,0
1.2,0.9,0.033379,1.2,0.9,0.02949,0
1.2,1.2,0.035359,1.2,1.2,0.0356,0
1.2,1.8,0.02588,1.2,1.8,0.042537,0
3.0,0.06,0.010686,3.0,0.06,0.017308,0
3.0,0.24,0.0198,3.0,0.24,0.021057,0
3.0,0.48,0.022925,3.0,0.48,0.023908,0
3.0,0.9,0.032601,3.0,0.9,0.029658,0
3.0,1.2,0.034652,3.0,1.2,0.035805,0
3.0,1.8,0.024752,3.0,1.8,0.042735,0
4.0,0.06,0.015201,4.0,0.06,0.018174,0
4.0,0.24,0.019536,4.0,0.24,0.021208,0
4.0,0.48,0.022584,4.0,0.48,0.02397,0
0.02,1.2,0.206099,0.02,1.2,0.013512,1
4.0,1.2,0.034283,4.0,1.2,0.035931,0
4.0,1.8,0.024366,4.0,1.8,0.042861,0
5.0,0.06,0.014663,5.0,0.06,0.018327,0
5.0,0.24,0.01899,5.0,0.24,0.021258,0
5.0,0.48,0.022222,5.0,0.48,0.02413,0
5.0,0.9,0.031789,5.0,0.9,0.029892,0
5.0,1.2,0.033733,5.0,1.2,0.035961,0
5.0,1.8,0.024251,5.0,1.8,0.042932,0
0.1,0.06,0.360796,0.1,0.06,0.472888,0
0.1,0.24,0.371342,0.1,0.24,0.474721,0
0.1,0.48,0.384786,0.1,0.48,0.476268,0
0.1,0.9,0.392102,0.1,0.9,0.476776,0
0.1,1.2,0.387722,0.1,1.2,0.48418,0
0.1,1.8,0.389151,0.1,1.8,0.489389,0
0.5,0.06,1.59777,0.5,0.06,2.33882,0
0.5,0.24,1.6024,0.5,0.24,2.34215,0
0.5,0.48,1.62303,0.5,0.48,2.33939,0
0.5,0.9,1.62794,0.5,0.9,2.34178,0
0.5,1.2,1.61873,0.5,1.2,2.33638,0
0.5,1.8,1.62547,0.5,1.8,2.34012,0
1.2,0.06,3.75869,1.2,0.06,5.59572,0
1.2,0.24,3.75935,1.2,0.24,5.59936,0
1.2,0.48,3.79018,1.2,0.48,5.60195,0
1.2,0.9,3.79158,1.2,0.9,5.58166,0
1.2,1.2,3.77626,1.2,1.2,5.59327,0
1.2,1.8,3.79344,1.2,1.8,5.59591,0
3.0,0.06,9.30811,3.0,0.06,13.9664,0
3.0,0.24,9.32269,3.0,0.24,14.0282,0
3.0,0.48,9.35115,3.0,0.48,13.9659,0
3.0,0.9,9.33969,3.0,0.9,13.9748,0
3.0,1.2,9.35689,3.0,1.2,14.0202,0
3.0,1.8,9.34774,3.0,1.8,14.0048,0
4.0,0.06,12.4258,4.0,0.06,18.6063,0
4.0,0.24,12.4099,4.0,0.24,18.6256,0
4.0,0.48,12.4036,4.0,0.48,18.637,0
4.0,0.9,12.4452,4.0,0.9,18.6171,0
4.0,1.2,12.4309,4.0,1.2,18.6045,0
4.0,1.8,12.4401,4.0,1.8,18.6324,0
5.0,0.06,15.4607,5.0,0.06,23.215,0
5.0,0.24,15.4996,5.0,0.24,23.3899,0
5.0,0.48,15.4989,5.0,0.48,23.2426,0
5.0,0.9,15.5304,5.0,0.9,23.3117,0
5.0,1.2,15.5055,5.0,1.2,23.3492,0
5.0,1.8,15.5071,5.0,1.8,23.2334,0
0.1,0.06,0.360796,0.1,0.06,0.282487,0
0.1,0.24,0.371342,0.1,0.24,0.313241,0
0.1,0.48,0.384786,0.1,0.48,0.354129,0
0.1,0.9,0.392102,0.1,0.9,0.404643,0
0.1,1.2,0.387722,0.1,1.2,0.461646,0
0.21882132814997957,1.1946286866854177,-0.08008255287054244,-0.1732038097318365,1.6588797040383856,1.0619791452360565,1
0.5,0.06,1.59777,0.5,0.06,1.09854,0
0.5,0.24,1.6024,0.5,0.24,1.12956,0
0.5,0.48,1.62303,0.5,0.48,1.17054,0
0.5,0.9,1.62794,0.5,0.9,1.21742,0
0.5,1.2,1.61873,0.5,1.2,1.27772,0
0.5,1.8,1.62547,0.5,1.8,1.35831,0
1.2,0.06,3.75869,1.2,0.06,2.52347,0
1.2,0.24,3.75935,1.2,0.24,2.55793,0
1.2,0.48,3.79018,1.2,0.48,2.60464,0
1.2,0.9,3.79158,1.2,0.9,2.6418,0
1.2,1.2,3.77626,1.2,1.2,2.7179,0
1.2,1.8,3.79344,1.2,1.8,2.78199,0
3.0,0.06,9.30811,3.0,0.06,6.18353,0
3.0,0.24,9.32269,3.0,0.24,6.22366,0
3.0,0.48,9.35115,3.0,0.48,6.29713,0
3.0,0.9,9.33969,3.0,0.9,6.31763,0
3.0,0.06,9.3991,3.0,0.06,5.18934,1
3.0,1.8,9.34774,3.0,1.8,6.44955,0
4.0,0.06,12.4258,4.0,0.06,8.21171,0
4.0,0.24,12.4099,4.0,0.24,8.25798,0
4.0,0.48,12.4036,4.0,0.48,8.28889,0
4.0,0.9,12.4452,4.0,0.9,8.33734,0
4.0,1.2,12.4309,4.0,1.2,8.38642,0
4.0,1.8,12.4401,4.0,1.8,8.49833,0
5.0,0.06,15.4607,5.0,0.06,10.2362,0
5.0,0.24,15.4996,5.0,0.24,10.2682,0
5.0,0.48,15.4989,5.0,0.48,10.3416,0
5.0,0.9,15.5304,5.0,0.9,10.4251,0
5.0,1.2,15.5055,5.0,1.2,10.4665,0
5.0,1.8,15.5071,5.0,1.8,10.5462,0
0.1,0.06,0.360796,0.1,0.06,0.284385,0
0.1,0.24,0.371342,0.1,0.24,0.286703,0
0.1,0.48,0.384786,0.1,0.48,0.28812,0
0.1,0.9,0.392102,0.1,0.9,0.293398,0
0.1,1.2,0.387722,0.1,1.2,0.297239,0
0.1,1.8,0.389151,0.1,1.8,0.30851,0
0.5,0.06,1.59777,0.5,0.06,1.40194,0
0.5,0.24,1.6024,0.5,0.24,1.40667,0
0.5,0.48,1.62303,0.5,0.48,1.40591,0
0.5,0.9,1.62794,0.5,0.9,1.40611,0
0.5,1.2,1.61873,0.5,1.2,1.4033,0
0.5,1.8,1.62547,0.5,1.8,1.39047,0
1.2,0.06,3.75869,1.2,0.06,3.36402,0
1.2,0.24,3.75935,1.2,0.24,3.38647,0
1.2,0.48,3.79018,1.2,0.48,3.36398,0
1.2,0.9,3.79158,1.2,0.9,3.36853,0
1.2,1.2,3.77626,1.2,1.2,3.36629,0
1.2,1.8,3.79344,1.2,1.8,3.36047,0
3.0,0.06,9.30811,3.0,0.06,8.30389,0
3.0,0.24,9.32269,3.0,0.24,8.40246,0
3.0,0.48,9.35115,3.0,0.48,8.37724,0
3.0,0.9,9.33969,3.0,0.9,8.40516,0
3.0,1.2,9.35689,3.0,1.2,8.32538,0
3.0,1.8,9.34774,3.0,1.8,8.43763,0
4.0,0.06,12.4258,4.0,0.06,11.0353,0
4.0,0.24,12.4099,4.0,0.24,11.0979,0
4.0,0.48,12.4036,4.0,0.48,11.1758,0
4.0,0.9,12.4452,4.0,0.9,11.2854,0
4.0,1.2,12.4309,4.0,1.2,11.2774,0
4.0,1.8,12.4401,4.0,1.8,11.2805,0
5.0,0.06,15.4607,5.0,0.06,13.7748,0
5.0,0.24,15.4996,5.0,0.24,14.0635,0
5.0,0.48,15.4989,5.0,0.48,14.0152,0
5.0,0.9,15.5304,5.0,0.9,14.0825,0
5.0,1.2,15.5055,5.0,1.2,14.0655,0
5.0,1.8,15.5071,5.0,1.8,13.9357,0
0.1,0.06,0.360796,0.1,0.06,0.004777,0
0.1,0.24,0.371342,0.1,0.24,0.006277,0
0.1,0.48,0.384786,0.1,0.48,0.007815,0
0.1,0.9,0.392102,0.1,0.9,0.011808,0
0.1,1.2,0.387722,0.1,1.2,0.015012,0
0.1,1.8,0.389151,0.1,1.8,0.020476,0
0.5,0.06,1.59777,0.5,0.06,0.005107,0
0.5,0.24,1.6024,0.5,0.24,0.006253,0
0.5,0.48,1.62303,0.5,0.48,0.007797,0
0.5,0.9,1.62794,0.5,0.9,0.011793,0
0.5,1.2,1.61873,0.5,1.2,0.01458,0
0.5,1.8,1.62547,0.5,1.8,0.020496,0
1.2,0.06,3.75869,1.2,0.06,0.005283,0
1.2,0.24,3.75935,1.2,0.24,0.006203,0
1.2,0.48,3.79018,1.2,0.48,0.007719,0
1.2,0.9,3.79158,1.2,0.9,0.011742,0
1.2,1.2,3.77626,1.2,1.2,0.014439,0
1.2,1.8,3.79344,1.2,1.8,0.020399,0
3.0,0.06,9.30811,3.0,0.06,0.005808,0
3.0,0.24,9.32269,3.0,0.24,0.005977,0
3.0,0.48,9.35115,3.0,0.48,0.007446,0
3.0,0.9,9.33969,3.0,0.9,0.011519,0
3.096430921575095,1.95921101532609,9.56702426452828,3.6524813443952096,1.5034713041933188,-0.9068175394657715,1
3.0,1.8,9.34774,3.0,1.8,0.020177,0
4.0,0.06,12.4258,4.0,0.06,0.004202,0
4.0,0.24,12.4099,4.0,0.24,0.005909,0
4.0,0.48,12.4036,4.0,0.48,0.007431,0
4.0,0.9,12.4452,4.0,0.9,0.011404,0
4.0,1.2,12.4309,4.0,1.2,0.014047,0
4.0,1.8,12.4401,4.0,1.8,0.020047,0
5.0,0.06,15.4607,5.0,0.06,0.005204,0
5.0,0.24,15.4996,5.0,0.24,0.005787,0
5.0,0.48,15.4989,5.0,0.48,0.007167,0
5.0,0.9,15.5304,5.0,0.9,0.011285,0
5.0,1.2,15.5055,5.0,1.2,0.013961,0
5.0,1.8,15.5071,5.0,1.8,0.019919,0
0.1,0.06,0.360796,0.1,0.06,0.010466,0
0.1,0.24,0.371342,0.1,0.24,0.011533,0
0.1,0.48,0.384786,0.1,0.48,0.013942,0
0.1,0.9,0.392102,0.1,0.9,0.018433,0
0.1,1.2,0.387722,0.1,1.2,0.019973,0
0.1,1.8,0.389151,0.1,1.8,0.026375,0
0.5,0.06,1.59777,0.5,0.06,0.010689,0
0.5,0.24,1.6024,0.5,0.24,0.011639,0
0.5,0.48,1.62303,0.5,0.48,0.013898,0
0.5,0.9,1.62794,0.5,0.9,0.018335,0
0.5,1.2,1.61873,0.5,1.2,0.020245,0
0.5,1.8,1.62547,0.5,1.8,0.026508,0
1.2,0.06,3.75869,1.2,0.06,0.009962,0
1.2,0.24,3.75935,1.2,0.24,0.01183,0
1.2,0.48,3.79018,1.2,0.48,0.014046,0
1.2,0.9,3.79158,1.2,0.9,0.018398,0
1.2,1.2,3.77626,1.2,1.2,0.020422,0
1.2,1.8,3.79344,1.2,1.8,0.026631,0
3.0,0.06,9.30811,3.0,0.06,0.010141,0
3.0,0.24,9.32269,3.0,0.24,0.012087,0
3.0,0.48,9.35115,3.0,0.48,0.014404,0
3.0,0.9,9.33969,3.0,0.9,0.01875,0
3.0,1.2,9.35689,3.0,1.2,0.020779,0
3.0,1.8,9.34774,3.0,1.8,0.026952,0
4.0,0.06,12.4258,4.0,0.06,0.011778,0
4.0,0.24,12.4099,4.0,0.24,0.012664,0
4.0,0.48,12.4036,4.0,0.48,0.014563,0
4.0,0.9,12.4452,4.0,0.9,0.018916,0
4.0,1.2,12.4309,4.0,1.2,0.020963,0
4.0,1.8,12.4401,4.0,1.8,0.027085,0
5.0,0.06,15.4607,5.0,0.06,0.012529,0
5.0,0.24,15.4996,5.0,0.24,0.012767,0
5.0,0.48,15.4989,5.0,0.48,0.014704,0
5.0,0.9,15.5304,5.0,0.9,0.019042,0
5.0,1.2,15.5055,5.0,1.2,0.021068,0
5.0,1.8,15.5071,5.0,1.8,0.027281,0
0.1,0.06,0.472888,0.1,0.06,0.282487,0
0.1,0.24,0.474721,0.1,0.24,0.313241,0
0.1,0.48,0.476268,0.1,0.48,0.354129,0
0.1,0.9,0.476776,0.1,0.9,0.404643,0
0.1,1.2,0.48418,0.1,1.2,0.461646,0
0.1,1.8,0.489389,0.1,1.8,0.536592,0
-0.24111571183865432,0.6358327915237378,2.2877684705542807,0.5187765383302815,0.26032081916991834,0.7045018730481645,1
0.5,0.24,2.34215,0.5,0.24,1.12956,0
0.5,0.48,2.33939,0.5,0.48,1.17054,0
0.5,0.9,2.34178,0.5,0.9,1.21742,0
0.5,1.2,2.33638,0.5,1.2,1.27772,0
0.5,1.8,2.34012,0.5,1.8,1.35831,0
1.2,0.06,5.59572,1.2,0.06,2.52347,0
1.2,0.24,5.59936,1.2,0.24,2.55793,0
1.2,0.48,5.60195,1.2,0.48,2.60464,0
1.2,0.9,5.58166,1.2,0.9,2.6418,0
1.2,1.2,5.59327,1.2,1.2,2.7179,0
1.2,1.8,5.59591,1.2,1.8,2.78199,0
3.0,0.06,13.9664,3.0,0.06,6.18353,0
3.0,0.24,14.0282,3.0,0.24,6.22366,0
3.0,0.48,13.9659,3.0,0.48,6.29713,0
3.0,0.9,13.9748,3.0,0.9,6.31763,0
3.0,1.2,14.0202,3.0,1.2,6.38828,0
3.0,1.8,14.0048,3.0,1.8,6.44955,0
4.0,0.06,18.6063,4.0,0.06,8.21171,0
4.0,0.24,18.6256,4.0,0.24,8.25798,0
4.0,0.48,18.637,4.0,0.48,8.28889,0
4.0,0.9,18.6171,4.0,0.9,8.33734,0
4.0,1.2,18.6045,4.0,1.2,8.38642,0
4.0,1.8,18.6324,4.0,1.8,8.49833,0
5.0,0.06,23.215,5.0,0.06,10.2362,0
5.0,0.24,23.3899,5.0,0.24,10.2682,0
5.0,0.48,23.2426,5.0,0.48,10.3416,0
5.0,0.9,23.3117,5.0,0.9,10.4251,0
5.0,1.2,23.3492,5.0,1.2,10.4665,0
5.0,1.8,23.2334,5.0,1.8,10.5462,0
0.1,0.06,0.472888,0.1,0.06,0.284385,0
0.1,0.24,0.474721,0.1,0.24,0.286703,0
0.1,0.48,0.476268,0.1,0.48,0.28812,0
0.1,0.9,0.476776,0.1,0.9,0.293398,0
0.1,1.2,0.48418,0.1,1.2,0.297239,0
0.1,1.8,0.489389,0.1,1.8,0.30851,0
0.5,0.06,2.33882,0.5,0.06,1.40194,0
0.5,0.24,2.34215,0.5,0.24,1.40667,0
0.5,0.48,2.33939,0.5,0.48,1.40591,0
0.5,0.9,2.34178,0.5,0.9,1.40611,0
0.5,1.2,2.33638,0.5,1.2,1.4033,0
0.5,1.8,2.34012,0.5,1.8,1.39047,0
1.2,0.06,5.59572,1.2,0.06,3.36402,0
1.2,0.24,5.59936,1.2,0.24,3.38647,0
1.2,0.48,5.60195,1.2,0.48,3.36398,0
1.2,0.9,5.58166,1.2,0.9,3.36853,0
1.2,1.2,5.59327,1.2,1.2,3.36629,0
1.2,1.8,5.59591,1.2,1.8,3.36047,0
3.0,0.06,13.9664,3.0,0.06,8.30389,0
3.0,0.24,14.0282,3.0,0.24,8.40246,0
3.0,0.48,13.9659,3.0,0.48,8.37724,0
3.0,0.9,13.9748,3.0,0.9,8.40516,0
3.0,1.2,14.0202,3.0,1.2,8.32538,0
3.0,1.8,14.0048,3.0,1.8,8.43763,0
4.0,0.06,18.6063,4.0,0.06,11.0353,0
4.0,0.24,18.6256,4.0,0.24,11.0979,0
4.0,0.48,18.637,4.0,0.48,11.1758,0
4.0,0.9,18.6171,4.0,0.9,11.2854,0
4.0,1.2,18.6045,4.0,1.2,11.2774,0
4.0,1.8,18.6324,4.0,1.8,11.2805,0
5.0,0.06,23.215,5.0,0.06,13.7748,0
5.26517145083529,0.3922461008400724,22.861142664853286,5.311671150337414,0.18171432677333565,14.170584470565874,1
5.0,0.48,23.2426,5.0,0.48,14.0152,0
5.0,0.9,23.3117,5.0,0.9,14.0825,0
5.0,1.2,23.3492,5.0,1.2,14.0655,0
5.0,1.8,23.2334,5.0,1.8,13.9357,0
0.1,0.06,0.472888,0.1,0.06,0.004777,0
0.1,0.24,0.474721,0.1,0.24,0.006277,0
0.1,0.48,0.476268,0.1,0.48,0.007815,0
0.1,0.9,0.476776,0.1,0.9,0.011808,0
0.1,1.2,0.48418,0.1,1.2,0.015012,0
0.1,1.8,0.489389,0.1,1.8,0.020476,0
0.5,0.06,2.33882,0.5,0.06,0.005107,0
0.5,0.24,2.34215,0.5,0.24,0.006253,0
0.5,0.48,2.33939,0.5,0.48,0.007797,0
0.5,0.9,2.34178,0.5,0.9,0.011793,0
0.5,1.2,2.33638,0.5,1.2,0.01458,0
0.5,1.8,2.34012,0.5,1.8,0.020496,0
1.2,0.06,5.59572,1.2,0.06,0.005283,0
1.2,0.24,5.59936,1.2,0.24,0.006203,0
1.2,0.48,5.60195,1.2,0.48,0.007719,0
1.2,0.9,5.58166,1.2,0.9,0.011742,0
1.2,1.2,5.59327,1.2,1.2,0.014439,0
1.2,1.8,5.59591,1.2,1.8,0.020399,0
3.0,0.06,13.9664,3.0,0.06,0.005808,0
3.0,0.24,14.0282,3.0,0.24,0.005977,0
3.0,0.48,13.9659,3.0,0.48,0.007446,0
1.2,0.9,1.90689,1.2,0.9,2.78372,1
3.0,1.2,14.0202,3.0,1.2,0.014142,0
3.0,1.8,14.0048,3.0,1.8,0.020177,0
4.0,0.06,18.6063,4.0,0.06,0.004202,0
4.0,0.24,18.6256,4.0,0.24,0.005909,0
4.0,0.48,18.637,4.0,0.48,0.007431,0
4.0,0.9,18.6171,4.0,0.9,0.011404,0
4.0,1.2,18.6045,4.0,1.2,0.014047,0
4.0,1.8,18.6324,4.0,1.8,0.020047,0
5.0,0.06,23.215,5.0,0.06,0.005204,0
5.0,0.24,23.3899,5.0,0.24,0.005787,0
5.0,0.48,23.2426,5.0,0.48,0.007167,0
5.0,0.9,23.3117,5.0,0.9,0.011285,0
5.0,1.2,23.3492,5.0,1.2,0.013961,0
5.0,1.8,23.2334,5.0,1.8,0.019919,0
0.1,0.06,0.472888,0.1,0.06,0.010466,0
0.1,0.24,0.474721,0.1,0.24,0.011533,0
0.1,0.48,0.476268,0.1,0.48,0.013942,0
0.1,0.9,0.476776,0.1,0.9,0.018433,0
0.1,1.2,0.48418,0.1,1.2,0.019973,0
0.1,1.8,0.489389,0.1,1.8,0.026375,0
0.5,0.06,2.33882,0.5,0.06,0.010689,0
0.5,0.24,2.34215,0.5,0.24,0.011639,0
0.5,0.48,2.33939,0.5,0.48,0.013898,0
0.5,0.9,2.34178,0.5,0.9,0.018335,0
0.5,1.2,2.33638,0.5,1.2,0.020245,0
0.5,1.8,2.34012,0.5,1.8,0.026508,0
1.2,0.06,5.59572,1.2,0.06,0.009962,0
1.2,0.24,5.59936,1.2,0.24,0.01183,0
1.2,0.48,5.60195,1.2,0.48,0.014046,0
1.2,0.9,5.58166,1.2,0.9,0.018398,0
1.2,1.2,5.59327,1.2,1.2,0.020422,0
1.2,1.8,5.59591,1.2,1.8,0.026631,0
3.0,0.06,13.9664,3.0,0.06,0.010141,0
3.0,0.24,14.0282,3.0,0.24,0.012087,0
3.0,0.48,13.9659,3.0,0.48,0.014404,0
3.0,0.9,13.9748,3.0,0.9,0.01875,0
3.0,1.2,14.0202,3.0,1.2,0.020779,0
3.0,1.8,14.0048,3.0,1.8,0.026952,0
4.0,0.06,18.6063,4.0,0.06,0.011778,0
4.0,0.24,18.6256,4.0,0.24,0.012664,0
4.0,0.48,18.637,4.0,0.48,0.014563,0
4.0,0.9,18.6171,4.0,0.9,0.018916,0
4.0,1.2,18.6045,4.0,1.2,0.020963,0
4.0,1.8,18.6324,4.0,1.8,0.027085,0
5.0,0.06,23.215,5.0,0.06,0.012529,0
5.0,0.24,23.3899,5.0,0.24,0.012767,0
5.0,0.48,23.2426,5.0,0.48,0.014704,0
4.802476573915216,1.0545234175120175,24.023676922770584,5.70688482414563,0.8854136503867197,0.08870181536477992,1
5.0,1.2,23.3492,5.0,1.2,0.021068,0
5.0,1.8,23.2334,5.0,1.8,0.027281,0
0.1,0.06,0.282487,0.1,0.06,0.284385,0
0.1,0.24,0.313241,0.1,0.24,0.286703,0
0.1,0.48,0.354129,0.1,0.48,0.28812,0
0.1,0.9,0.404643,0.1,0.9,0.293398,0
0.1,1.2,0.461646,0.1,1.2,0.297239,0
0.1,1.8,0.536592,0.1,1.8,0.30851,0
0.5,0.06,1.09854,0.5,0.06,1.40194,0
0.5,0.24,1.12956,0.5,0.24,1.40667,0
0.5,0.48,1.17054,0.5,0.48,1.40591,0
0.5,0.9,1.21742,0.5,0.9,1.40611,0
0.5,1.2,1.27772,0.5,1.2,1.4033,0
0.5,1.8,1.35831,0.5,1.8,1.39047,0
1.2,0.06,2.52347,1.2,0.06,3.36402,0
1.2,0.24,2.55793,1.2,0.24,3.38647,0
1.2,0.48,2.60464,1.2,0.48,3.36398,0
1.2,0.9,2.6418,1.2,0.9,3.36853,0
1.2,1.2,2.7179,1.2,1.2,3.36629,0
1.2,1.8,2.78199,1.2,1.8,3.36047,0
3.0,0.06,6.18353,3.0,0.06,8.30389,0
3.0,0.24,6.22366,3.0,0.24,8.40246,0
3.0,0.48,6.29713,3.0,0.48,8.37724,0
3.0,0.9,6.31763,3.0,0.9,8.40516,0
3.0,1.2,6.38828,3.0,1.2,8.32538,0
3.0,1.8,6.44955,3.0,1.8,8.43763,0
4.0,0.06,8.21171,4.0,0.06,11.0353,0
4.0,0.24,8.25798,4.0,0.24,11.0979,0
4.0,0.48,8.28889,4.0,0.48,11.1758,0
4.0,0.9,8.33734,4.0,0.9,11.2854,0
4.0,1.2,8.38642,4.0,1.2,11.2774,0
4.0,1.8,8.49833,4.0,1.8,11.2805,0
5.0,0.06,10.2362,5.0,0.06,13.7748,0
5.0,0.24,10.2682,5.0,0.24,14.0635,0
4.964547318736315,0.31241651338680754,9.469333555696974,4.654861883381398,0.3882298389917672,13.957724534254078,1
5.0,0.9,10.4251,5.0,0.9,14.0825,0
5.0,1.2,10.4665,5.0,1.2,14.0655,0
5.0,1.8,10.5462,5.0,1.8,13.9357,0
0.1,0.06,0.282487,0.1,0.06,0.004777,0
0.1,0.24,0.313241,0.1,0.24,0.006277,0
0.1,0.48,0.354129,0.1,0.48,0.007815,0
0.1,0.9,0.404643,0.1,0.9,0.011808,0
0.1,1.2,0.461646,0.1,1.2,0.015012,0
0.1,1.8,0.536592,0.1,1.8,0.020476,0
0.5,0.06,1.09854,0.5,0.06,0.005107,0
0.5,0.24,1.12956,0.5,0.24,0.006253,0
0.5,0.48,1.17054,0.5,0.48,0.007797,0
0.5,0.9,1.21742,0.5,0.9,0.011793,0
0.5,1.2,1.27772,0.5,1.2,0.01458,0
0.5,1.8,1.35831,0.5,1.8,0.020496,0
1.2,0.06,2.52347,1.2,0.06,0.005283,0
1.2,0.24,2.55793,1.2,0.24,0.006203,0
1.2,0.48,2.60464,1.2,0.48,0.007719,0
1.2,0.9,2.6418,1.2,0.9,0.011742,0
1.2,1.2,2.7179,1.2,1.2,0.014439,0
1.2,1.8,2.78199,1.2,1.8,0.020399,0
3.0,0.06,6.18353,3.0,0.06,0.005808,0
3.0,0.24,6.22366,3.0,0.24,0.005977,0
3.0,0.48,6.29713,3.0,0.48,0.007446,0
3.0,0.9,6.31763,3.0,0.9,0.011519,0
3.0,1.2,6.38828,3.0,1.2,0.014142,0
3.0,1.8,6.44955,3.0,1.8,0.020177,0
4.0,0.06,8.21171,4.0,0.06,0.004202,0
4.0,0.24,8.25798,4.0,0.24,0.005909,0
4.0,0.48,8.28889,4.0,0.48,0.007431,0
4.0,0.9,8.33734,4.0,0.9,0.011404,0
4.0,1.2,8.38642,4.0,1.2,0.014047,0
4.0,1.8,8.49833,4.0,1.8,0.020047,0
5.0,0.06,10.2362,5.0,0.06,0.005204,0
5.0,0.24,10.2682,5.0,0.24,0.005787,0
5.0,0.48,10.3416,5.0,0.48,0.007167,0
5.0,0.9,10.4251,5.0,0.9,0.011285,0
5.0,1.2,10.4665,5.0,1.2,0.013961,0
5.0,1.8,10.5462,5.0,1.8,0.019919,0
0.1,0.06,0.282487,0.1,0.06,0.010466,0
0.1,0.24,0.313241,0.1,0.24,0.011533,0
0.1,0.48,0.354129,0.1,0.48,0.013942,0
0.1,0.9,0.404643,0.1,0.9,0.018433,0
0.1,1.2,0.461646,0.1,1.2,0.019973,0
0.1,1.8,0.536592,0.1,1.8,0.026375,0
0.5,0.06,1.09854,0.5,0.06,0.010689,0
0.5,0.24,1.12956,0.5,0.24,0.011639,0
0.5,0.48,1.17054,0.5,0.48,0.013898,0
0.5,0.9,1.21742,0.5,0.9,0.018335,0
0.5,1.2,1.27772,0.5,1.2,0.020245,0
0.5,1.8,1.35831,0.5,1.8,0.026508,0
1.2,0.06,2.52347,1.2,0.06,0.009962,0
1.2,0.24,2.55793,1.2,0.24,0.01183,0
1.2,0.48,2.60464,1.2,0.48,0.014046,0
1.2,0.9,2.6418,1.2,0.9,0.018398,0
1.2,1.2,2.7179,1.2,1.2,0.020422,0
1.2,1.8,2.78199,1.2,1.8,0.026631,0
2.727019036442536,-0.6148248351100702,6.893622469390975,3.296056950142459,-0.2933345520365702,0.36994074881244576,1
3.0,0.24,6.22366,3.0,0.24,0.012087,0
3.0,0.48,6.29713,3.0,0.48,0.014404,0
3.0,0.9,6.31763,3.0,0.9,0.01875,0
4.0,0.48,6.97446,4.0,0.48,9.49249,1
3.0,1.8,6.44955,3.0,1.8,0.026952,0
4.0,0.06,8.21171,4.0,0.06,0.011778,0
4.0,0.24,8.25798,4.0,0.24,0.012664,0
4.0,0.48,8.28889,4.0,0.48,0.014563,0
4.0,0.9,8.33734,4.0,0.9,0.018916,0
4.0,1.2,8.38642,4.0,1.2,0.020963,0
4.0,1.8,8.49833,4.0,1.8,0.027085,0
5.0,0.06,10.2362,5.0,0.06,0.012529,0
5.0,0.24,10.2682,5.0,0.24,0.012767,0
5.0,0.48,10.3416,5.0,0.48,0.014704,0
5.0,0.9,10.4251,5.0,0.9,0.019042,0
5.0,1.2,10.4665,5.0,1.2,0.021068,0
5.0,1.8,10.5462,5.0,1.8,0.027281,0
0.1,0.06,0.284385,0.1,0.06,0.004777,0
0.1,0.24,0.286703,0.1,0.24,0.006277,0
0.1,0.48,0.28812,0.1,0.48,0.007815,0
0.1,0.9,0.293398,0.1,0.9,0.011808,0
0.1,1.2,0.297239,0.1,1.2,0.015012,0
0.1,1.8,0.30851,0.1,1.8,0.020476,0
0.5,0.06,1.40194,0.5,0.06,0.005107,0
0.5,0.24,1.40667,0.5,0.24,0.006253,0
0.5,0.48,1.40591,0.5,0.48,0.007797,0
0.5,0.9,1.40611,0.5,0.9,0.011793,0
0.5,1.2,1.4033,0.5,1.2,0.01458,0
0.5,1.8,1.39047,0.5,1.8,0.020496,0
1.4025176929278564,-0.3627760881773069,2.5588884406041,1.5765949748662744,-0.48100889252096807,-0.1640515269418788,1
1.2,0.24,3.38647,1.2,0.24,0.006203,0
1.2,0.48,3.36398,1.2,0.48,0.007719,0
1.2,0.9,3.36853,1.2,0.9,0.011742,0
1.2,1.2,3.36629,1.2,1.2,0.014439,0
1.2,1.8,3.36047,1.2,1.8,0.020399,0
3.0,0.06,8.30389,3.0,0.06,0.005808,0
3.0,0.24,8.40246,3.0,0.24,0.005977,0
3.0,0.48,8.37724,3.0,0.48,0.007446,0
3.0,0.9,8.40516,3.0,0.9,0.011519,0
3.0,1.2,8.32538,3.0,1.2,0.014142,0
3.0,1.8,8.43763,3.0,1.8,0.020177,0
4.0,0.06,11.0353,4.0,0.06,0.004202,0
4.0,0.24,11.0979,4.0,0.24,0.005909,0
4.0,0.48,11.1758,4.0,0.48,0.007431,0
4.0,0.9,11.2854,4.0,0.9,0.011404,0
4.0,1.2,11.2774,4.0,1.2,0.014047,0
4.0,1.8,11.2805,4.0,1.8,0.020047,0
5.0,0.06,13.7748,5.0,0.06,0.005204,0
5.0,0.24,14.0635,5.0,0.24,0.005787,0
5.0,0.48,14.0152,5.0,0.48,0.007167,0
5.0,0.9,14.0825,5.0,0.9,0.011285,0
5.0,1.2,14.0655,5.0,1.2,0.013961,0
5.0,1.8,13.9357,5.0,1.8,0.019919,0
0.1,0.06,0.284385,0.1,0.06,0.010466,0
0.5,0.06,0.910726,0.5,0.06,1.24716,1
0.1,0.48,0.28812,0.1,0.48,0.013942,0
0.1,0.9,0.293398,0.1,0.9,0.018433,0
0.1,1.2,0.297239,0.1,1.2,0.019973,0
0.1,1.8,0.30851,0.1,1.8,0.026375,0
0.5,0.06,1.40194,0.5,0.06,0.010689,0
0.5,0.24,1.40667,0.5,0.24,0.011639,0
0.5,0.48,1.40591,0.5,0.48,0.013898,0
14.246529602270957,7.268923834620432,49.743168766602466,9.270243870228146,8.37285635699009,36.687497144509415,1
0.5,1.2,1.4033,0.5,1.2,0.020245,0
0.5,1.8,1.39047,0.5,1.8,0.026508,0
1.2,0.06,3.36402,1.2,0.06,0.009962,0
1.2,0.24,3.38647,1.2,0.24,0.01183,0
1.2,0.48,3.36398,1.2,0.48,0.014046,0
1.2,0.9,3.36853,1.2,0.9,0.018398,0
1.2,1.2,3.36629,1.2,1.2,0.020422,0
1.2,1.8,3.36047,1.2,1.8,0.026631,0
3.0,0.06,8.30389,3.0,0.06,0.010141,0
3.0,0.24,8.40246,3.0,0.24,0.012087,0
3.0,0.48,8.37724,3.0,0.48,0.014404,0
3.0,0.9,8.40516,3.0,0.9,0.01875,0
3.0,1.2,8.32538,3.0,1.2,0.020779,0
3.0,1.8,8.43763,3.0,1.8,0.026952,0
4.0,0.06,11.0353,4.0,0.06,0.011778,0
4.0,0.24,11.0979,4.0,0.24,0.012664,0
4.0,0.48,11.1758,4.0,0.48,0.014563,0
4.0,0.9,11.2854,4.0,0.9,0.018916,0
4.0,1.2,11.2774,4.0,1.2,0.020963,0
4.0,1.8,11.2805,4.0,1.8,0.027085,0
5.0,0.06,13.7748,5.0,0.06,0.012529,0
5.0,0.24,14.0635,5.0,0.24,0.012767,0
5.0,0.48,14.0152,5.0,0.48,0.014704,0
5.0,0.9,14.0825,5.0,0.9,0.019042,0
5.0,1.2,14.0655,5.0,1.2,0.021068,0
5.0,1.8,13.9357,5.0,1.8,0.027281,0
0.1,0.06,0.004777,0.1,0.06,0.010466,0
0.1,0.24,0.006277,0.1,0.24,0.011533,0
0.1,0.48,0.007815,0.1,0.48,0.013942,0
0.1,0.9,0.011808,0.1,0.9,0.018433,0
0.1,1.2,0.015012,0.1,1.2,0.019973,0
0.1,1.8,0.020476,0.1,1.8,0.026375,0
0.5,0.06,0.005107,0.5,0.06,0.010689,0
0.5,0.24,0.006253,0.5,0.24,0.011639,0
0.5,0.48,0.007797,0.5,0.48,0.013898,0
0.5,0.9,0.011793,0.5,0.9,0.018335,0
0.5,1.2,0.01458,0.5,1.2,0.020245,0
0.5,1.8,0.020496,0.5,1.8,0.026508,0
1.2,0.06,0.005283,1.2,0.06,0.009962,0
1.2,0.24,0.006203,1.2,0.24,0.01183,0
1.2,0.48,0.007719,1.2,0.48,0.014046,0
1.5156121784858916,0.32438667124642795,0.5642406009022073,1.0112344257200874,1.5288065562883255,-0.24832822288795023,1
1.2,1.2,0.014439,1.2,1.2,0.020422,0
1.2,1.8,0.020399,1.2,1.8,0.026631,0
3.0,0.06,0.005808,3.0,0.06,0.010141,0
3.0,0.24,0.005977,3.0,0.24,0.012087,0
3.0,0.48,0.007446,3.0,0.48,0.014404,0
10.195023023459212,4.926387374326258,39.8551504989977,11.968490209650414,4.395974578435385,42.79169328097979,1
3.0,1.2,0.014142,3.0,1.2,0.020779,0
3.0,1.8,0.020177,3.0,1.8,0.026952,0
4.0,0.06,0.004202,4.0,0.06,0.011778,0
4.0,0.24,0.005909,4.0,0.24,0.012664,0
4.0,0.48,0.007431,4.0,0.48,0.014563,0
4.0,0.9,0.011404,4.0,0.9,0.018916,0
4.0,1.2,0.014047,4.0,1.2,0.020963,0
4.0,1.8,0.020047,4.0,1.8,0.027085,0
5.0,0.06,0.005204,5.0,0.06,0.012529,0
5.0,0.24,0.005787,5.0,0.24,0.012767,0
5.0,0.48,0.007167,5.0,0.48,0.014704,0
5.0,0.9,0.011285,5.0,0.9,0.019042,0
5.0,1.2,0.013961,5.0,1.2,0.021068,0
5.0,1.8,0.019919,5.0,1.8,0.027281,0
0.1,0.06,0.381334,0.1,0.06,0.473065,0
0.1,0.24,0.39876,0.1,0.24,0.472024,0
0.1,0.48,0.407403,0.1,0.48,0.472597,0
0.1,0.9,0.430534,0.1,0.9,0.471167,0
0.1,1.2,0.416485,0.1,1.2,0.478548,0
0.1,1.8,0.417341,0.1,1.8,0.528011,0
0.5,0.06,1.62268,0.5,0.06,2.33718,0
0.5,0.24,1.63789,0.5,0.24,2.35029,0
0.5,0.48,1.65419,0.5,0.48,2.34238,0
0.5,0.9,1.67152,0.5,0.9,2.33665,0
0.5,1.2,1.64856,0.5,1.2,2.34028,0
0.5,1.8,1.645,0.5,1.8,2.33141,0
1.2,0.06,3.77399,1.2,0.06,5.60075,0
1.2,0.24,3.80242,1.2,0.24,5.62581,0
1.2,0.48,3.82925,1.2,0.48,5.6239,0
1.2,0.9,3.84032,1.2,0.9,5.59813,0
1.2,1.2,3.81734,1.2,1.2,5.60536,0
1.2,1.8,3.80498,1.2,1.8,5.59179,0
3.0,0.06,9.34484,3.0,0.06,13.9795,0
3.0,0.24,9.3711,3.0,0.24,14.0107,0
3.0,0.48,9.37916,3.0,0.48,14.0135,0
3.0,0.9,9.36759,3.0,0.9,13.9739,0
3.0,1.2,9.41127,3.0,1.2,13.9711,0
3.0,1.8,9.40081,3.0,1.8,14.0559,0
4.0,0.06,12.4221,4.0,0.06,18.651,0
4.0,0.24,12.5105,4.0,0.24,18.6373,0
4.0,0.48,12.4557,4.0,0.48,18.6758,0
4.0,0.9,12.4453,4.0,0.9,18.7494,0
4.0,1.2,12.4633,4.0,1.2,18.6162,0
4.0,1.8,12.4362,4.0,1.8,18.6455,0
14.150639202132506,5.252159472815624,44.143164097517584,12.212676376792073,5.39476410720044,39.253372060183786,1
5.0,0.24,15.5831,5.0,0.24,23.3872,0
5.0,0.48,15.5536,5.0,0.48,23.2699,0
5.0,0.9,15.613,5.0,0.9,23.4583,0
5.0,1.2,15.5296,5.0,1.2,23.3699,0
5.0,1.8,15.5382,5.0,1.8,23.3361,0
16.485853612875182,6.378105862185425,67.23811315295217,13.685388490411952,5.9977871193280645,71.31323079335897,1
0.1,0.48,0.073834,0.1,0.48,0.070835,1
0.1,0.48,0.407403,0.1,0.48,0.332273,0
0.1,0.9,0.430534,0.1,0.9,0.355138,0
0.1,1.2,0.416485,0.1,1.2,0.340758,0
0.1,1.8,0.417341,0.1,1.8,0.375466,0
0.5,0.06,1.62268,0.5,0.06,1.10679,0
0.5,0.24,1.63789,0.5,0.24,1.12094,0
0.5,0.48,1.65419,0.5,0.48,1.14665,0
0.5,0.9,1.67152,0.5,0.9,1.16898,0
0.5,1.2,1.64856,0.5,1.2,1.15429,0
0.5,1.8,1.645,0.5,1.8,1.19068,0
1.2,0.06,3.77399,1.2,0.06,2.53455,0
1.2,0.24,3.80242,1.2,0.24,2.54865,0
1.2,0.48,3.82925,1.2,0.48,2.57361,0
1.2,0.9,3.84032,1.2,0.9,2.59511,0
1.2,1.2,3.81734,1.2,1.2,2.59076,0
1.2,1.8,3.80498,1.2,1.8,2.61122,0
3.0,0.06,9.34484,3.0,0.06,6.19464,0
3.0,0.24,9.3711,3.0,0.24,6.21049,0
3.0,0.48,9.37916,3.0,0.48,6.23539,0
3.0,0.9,9.36759,3.0,0.9,6.25012,0
14.844763617806485,7.752739670155168,48.97652142737799,12.538842379472424,4.9432619859927565,43.42862747774221,1
3.0,1.8,9.40081,3.0,1.8,6.29622,0
4.0,0.06,12.4221,4.0,0.06,8.23302,0
4.0,0.24,12.5105,4.0,0.24,8.2329,0
4.0,0.48,12.4557,4.0,0.48,8.28908,0
4.0,0.9,12.4453,4.0,0.9,8.34236,0
4.0,1.2,12.4633,4.0,1.2,8.26572,0
4.0,1.8,12.4362,4.0,1.8,8.29972,0
5.0,0.06,15.5102,5.0,0.06,10.279,0
5.0,0.24,15.5831,5.0,0.24,10.3192,0
5.0,0.48,15.5536,5.0,0.48,10.3278,0
5.0,0.9,15.613,5.0,0.9,10.3346,0
5.0,1.2,15.5296,5.0,1.2,10.3384,0
5.0,1.8,15.5382,5.0,1.8,10.3432,0
0.1,0.06,0.381334,0.1,0.06,0.284999,0
0.1,0.24,0.39876,0.1,0.24,0.283403,0
0.1,0.48,0.407403,0.1,0.48,0.282837,0
0.1,0.9,0.430534,0.1,0.9,0.300285,0
0.1,1.2,0.416485,0.1,1.2,0.332355,0
0.1,1.8,0.417341,0.1,1.8,0.33284,0
0.5,0.06,1.62268,0.5,0.06,1.41829,0
0.5,0.24,1.63789,0.5,0.24,1.42139,0
0.5,0.48,1.65419,0.5,0.48,1.40742,0
0.5,0.9,1.67152,0.5,0.9,1.40835,0
0.5,1.2,1.64856,0.5,1.2,1.38997,0
0.5,1.8,1.645,0.5,1.8,1.38424,0
1.2,0.06,3.77399,1.2,0.06,3.37083,0
1.2,0.24,3.80242,1.2,0.24,3.36937,0
1.2,0.48,3.82925,1.2,0.48,3.37215,0
1.2,0.9,3.84032,1.2,0.9,3.36145,0
1.2,1.2,3.81734,1.2,1.2,3.36952,0
1.2,1.8,3.80498,1.2,1.8,3.35654,0
3.0,0.06,9.34484,3.0,0.06,8.36532,0
3.0,0.24,9.3711,3.0,0.24,8.37309,0
3.0,0.48,9.37916,3.0,0.48,8.44584,0
3.0,0.9,9.36759,3.0,0.9,8.43455,0
3.0,1.2,9.41127,3.0,1.2,8.3334,0
3.0,1.8,9.40081,3.0,1.8,8.37634,0
9.942790444828281,4.843508756494145,66.72126733313486,14.346029485006916,8.113856881863839,44.434761329272234,1
4.0,0.24,12.5105,4.0,0.24,11.2593,0
4.0,0.48,12.4557,4.0,0.48,11.202,0
4.0,0.9,12.4453,4.0,0.9,11.2326,0
4.0,1.2,12.4633,4.0,1.2,11.3141,0
4.0,1.8,12.4362,4.0,1.8,11.2132,0
5.0,0.06,15.5102,5.0,0.06,13.9323,0
10.945011381140278,6.44770675188774,69.85203788175289,12.44602202508463,5.05659159867591,45.83255551488855,1
4.566557707558267,0.46515560485701074,15.797209097315212,5.383653681301244,0.55212676114102,14.179591903269118,1
5.0,0.9,15.613,5.0,0.9,13.978,0
5.0,1.2,15.5296,5.0,1.2,13.9071,0
5.0,1.8,15.5382,5.0,1.8,14.0014,0
0.1,0.06,0.381334,0.1,0.06,0.0065015,0
0.1,0.24,0.39876,0.1,0.24,0.007918,0
0.1,0.48,0.407403,0.1,0.48,0.0099335,0
0.1,0.9,0.430534,0.1,0.9,0.01471,0
0.1,1.2,0.416485,0.1,1.2,0.0178335,0
0.1,1.8,0.417341,0.1,1.8,0.023812,0
0.5,0.06,1.62268,0.5,0.06,0.007596,0
0.5,0.24,1.63789,0.5,0.24,0.008147,0
0.5,0.48,1.65419,0.5,0.48,0.009973,0
0.5,0.9,1.67152,0.5,0.9,0.0147635,0
0.5,1.2,1.64856,0.5,1.2,0.017757,0
0.5,1.8,1.645,0.5,1.8,0.0237775,0
1.2,0.06,3.77399,1.2,0.06,0.0072005,0
1.2,0.24,3.80242,1.2,0.24,0.00822,0
1.2,0.48,3.82925,1.2,0.48,0.0101045,0
1.2,0.9,3.84032,1.2,0.9,0.014918,0
1.2,1.2,3.81734,1.2,1.2,0.017865,0
1.2,1.8,3.80498,1.2,1.8,0.0239195,0
3.0,0.06,9.34484,3.0,0.06,0.0056125,0
3.0,0.24,9.3711,3.0,0.24,0.0081575,0
3.0,0.48,9.37916,3.0,0.48,0.0100695,0
3.0,0.9,9.36759,3.0,0.9,0.015244,0
3.0,1.2,9.41127,3.0,1.2,0.017899,0
3.0,1.8,9.40081,3.0,1.8,0.023929,0
4.0,0.06,12.4221,4.0,0.06,0.0076495,0
4.0,0.24,12.5105,4.0,0.24,0.0082865,0
4.0,0.48,12.4557,4.0,0.48,0.010097,0
4.0,0.9,12.4453,4.0,0.9,0.015396,0
4.0,1.2,12.4633,4.0,1.2,0.0178555,0
4.0,1.8,12.4362,4.0,1.8,0.023803,0
5.0,0.06,15.5102,5.0,0.06,0.006994,0
5.0,0.24,15.5831,5.0,0.24,0.0084745,0
5.0,0.48,15.5536,5.0,0.48,0.010385,0
5.0,0.9,15.613,5.0,0.9,0.015661,0
5.0,1.2,15.5296,5.0,1.2,0.017788,0
5.0,1.8,15.5382,5.0,1.8,0.0239145,0
0.1,0.06,0.381334,0.1,0.06,0.0095855,0
0.1,0.24,0.39876,0.1,0.24,0.011248,0
0.1,0.48,0.407403,0.1,0.48,0.0131255,0
0.1,0.9,0.430534,0.1,0.9,0.016888,0
0.1,1.2,0.416485,0.1,1.2,0.019639,0
13.704461536188811,4.564074178865325,45.81832425871889,13.045536327141804,5.2292251061170845,57.299358743685886,1
0.09674008377171933,0.8986002549830481,1.4051106260189827,-0.15743933220220596,0.16953578126883434,-0.22872712110727111,1
0.5,0.24,1.63789,0.5,0.24,0.011364,0
0.5,0.48,1.65419,0.5,0.48,0.0132345,0
0.5,0.9,1.67152,0.5,0.9,0.0167455,0
3.0,0.24,4.65707,3.0,0.24,4.05715,1
0.5,1.8,1.645,0.5,1.8,0.0285225,0
1.2,0.06,3.77399,1.2,0.06,0.007803,0
1.2,0.24,3.80242,1.2,0.24,0.011562,0
1.2,0.48,3.82925,1.2,0.48,0.0133295,0
1.2,0.9,3.84032,1.2,0.9,0.0168315,0
1.2,1.2,3.81734,1.2,1.2,0.019298,0
1.2,1.8,3.80498,1.2,1.8,0.0285995,0
3.0,0.06,9.34484,3.0,0.06,0.0059875,0
3.0,0.24,9.3711,3.0,0.24,0.0120085,0
3.0,0.48,9.37916,3.0,0.48,0.0133585,0
3.0,0.9,9.36759,3.0,0.9,0.0169135,0
3.0,1.2,9.41127,3.0,1.2,0.019327,0
3.0,1.8,9.40081,3.0,1.8,0.0285525,0
4.0,0.06,12.4221,4.0,0.06,0.00905,0
4.0,0.24,12.5105,4.0,0.24,0.0114255,0
4.0,0.48,12.4557,4.0,0.48,0.0132285,0
4.0,0.9,12.4453,4.0,0.9,0.0169545,0
4.0,1.2,12.4633,4.0,1.2,0.0193945,0
4.0,1.8,12.4362,4.0,1.8,0.0285465,0
5.0,0.06,15.5102,5.0,0.06,0.010032,0
5.0,0.24,15.5831,5.0,0.24,0.0113825,0
5.0,0.48,15.5536,5.0,0.48,0.012935,0
5.0,0.9,15.613,5.0,0.9,0.0170605,0
5.0,1.2,15.5296,5.0,1.2,0.019493,0
5.0,1.8,15.5382,5.0,1.8,0.0284395,0
0.1,0.06,0.473065,0.1,0.06,0.288096,0
0.1,0.24,0.472024,0.1,0.24,0.30741,0
0.1,0.48,0.472597,0.1,0.48,0.332273,0
0.1,0.9,0.471167,0.1,0.9,0.355138,0
0.1,1.2,0.478548,0.1,1.2,0.340758,0
0.1,1.8,0.528011,0.1,1.8,0.375466,0
0.5,0.06,2.33718,0.5,0.06,1.10679,0
0.5,0.24,2.35029,0.5,0.24,1.12094,0
0.5,0.48,2.34238,0.5,0.48,1.14665,0
0.5,0.9,2.33665,0.5,0.9,1.16898,0
0.5,1.2,2.34028,0.5,1.2,1.15429,0
0.5,1.8,2.33141,0.5,1.8,1.19068,0
1.2,0.06,5.60075,1.2,0.06,2.53455,0
1.2,0.24,5.62581,1.2,0.24,2.54865,0
1.2,0.48,5.6239,1.2,0.48,2.57361,0
1.2,0.9,5.59813,1.2,0.9,2.59511,0
1.2,1.2,5.60536,1.2,1.2,2.59076,0
1.2,1.8,5.59179,1.2,1.8,2.61122,0
3.0,0.06,13.9795,3.0,0.06,6.19464,0
3.0,0.24,14.0107,3.0,0.24,6.21049,0
3.0,0.48,14.0135,3.0,0.48,6.23539,0
3.0,0.9,13.9739,3.0,0.9,6.25012,0
3.0,1.2,13.9711,3.0,1.2,6.24016,0
3.0,1.8,14.0559,3.0,1.8,6.29622,0
4.0,0.06,18.651,4.0,0.06,8.23302,0
4.0,0.24,18.6373,4.0,0.24,8.2329,0
4.0,0.48,18.6758,4.0,0.48,8.28908,0
4.0,0.9,18.7494,4.0,0.9,8.34236,0
4.0,1.2,18.6162,4.0,1.2,8.26572,0
4.0,1.8,18.6455,4.0,1.8,8.29972,0
5.0,0.06,23.3996,5.0,0.06,10.279,0
5.0,0.24,23.3872,5.0,0.24,10.3192,0
5.0,0.48,23.2699,5.0,0.48,10.3278,0
5.0,0.9,23.4583,5.0,0.9,10.3346,0
5.0,1.2,23.3699,5.0,1.2,10.3384,0
5.0,1.8,23.3361,5.0,1.8,10.3432,0
0.1,0.06,0.473065,0.1,0.06,0.284999,0
0.1,0.24,0.472024,0.1,0.24,0.283403,0
0.1,0.48,0.472597,0.1,0.48,0.282837,0
0.1,0.9,0.471167,0.1,0.9,0.300285,0
0.1,1.2,0.478548,0.1,1.2,0.332355,0
0.1,1.8,0.528011,0.1,1.8,0.33284,0
0.5,0.06,2.33718,0.5,0.06,1.41829,0
0.5,0.24,2.35029,0.5,0.24,1.42139,0
0.5,0.48,2.34238,0.5,0.48,1.40742,0
0.5,0.9,2.33665,0.5,0.9,1.40835,0
0.5,1.2,2.34028,0.5,1.2,1.38997,0
0.5,1.8,2.33141,0.5,1.8,1.38424,0
1.2,0.06,5.60075,1.2,0.06,3.37083,0
1.2,0.24,5.62581,1.2,0.24,3.36937,0
1.2,0.48,5.6239,1.2,0.48,3.37215,0
1.2,0.9,5.59813,1.2,0.9,3.36145,0
1.2,1.2,5.60536,1.2,1.2,3.36952,0
1.2,1.8,5.59179,1.2,1.8,3.35654,0
3.0,0.06,13.9795,3.0,0.06,8.36532,0
3.0,0.24,14.0107,3.0,0.24,8.37309,0
3.0,0.48,14.0135,3.0,0.48,8.44584,0
3.0,0.9,13.9739,3.0,0.9,8.43455,0
3.0,1.2,13.9711,3.0,1.2,8.3334,0
0.5,0.48,1.65419,0.5,0.48,2.34238,1
4.0,0.06,18.651,4.0,0.06,11.14,0
4.0,0.24,18.6373,4.0,0.24,11.2593,0
4.0,0.48,18.6758,4.0,0.48,11.202,0
4.0,0.9,18.7494,4.0,0.9,11.2326,0
4.0,1.2,18.6162,4.0,1.2,11.3141,0
4.0,1.8,18.6455,4.0,1.8,11.2132,0
5.0,0.06,23.3996,5.0,0.06,13.9323,0
5.0,0.24,23.3872,5.0,0.24,13.9393,0
5.0,0.48,23.2699,5.0,0.48,14.0142,0
5.0,0.9,23.4583,5.0,0.9,13.978,0
5.0,1.2,23.3699,5.0,1.2,13.9071,0
5.0,1.8,23.3361,5.0,1.8,14.0014,0
0.1,0.06,0.473065,0.1,0.06,0.0065015,0
0.1,0.24,0.472024,0.1,0.24,0.007918,0
0.1,0.48,0.472597,0.1,0.48,0.0099335,0
0.1,0.9,0.471167,0.1,0.9,0.01471,0
0.1,1.2,0.478548,0.1,1.2,0.0178335,0
0.1,1.8,0.528011,0.1,1.8,0.023812,0
0.5,0.06,2.33718,0.5,0.06,0.007596,0
0.5,0.24,2.35029,0.5,0.24,0.008147,0
0.5,0.48,2.34238,0.5,0.48,0.009973,0
0.5,0.9,2.33665,0.5,0.9,0.0147635,0
0.2040619668284538,1.837136129367185,2.2834859431894747,0.30870807863878325,0.737537092140363,0.15214489457432073,1
0.5,1.8,2.33141,0.5,1.8,0.0237775,0
1.2,0.06,5.60075,1.2,0.06,0.0072005,0
1.2,0.24,5.62581,1.2,0.24,0.00822,0
1.2,0.48,5.6239,1.2,0.48,0.0101045,0
1.2,0.9,5.59813,1.2,0.9,0.014918,0
1.2,1.2,5.60536,1.2,1.2,0.017865,0
1.2,1.8,5.59179,1.2,1.8,0.0239195,0
3.0,0.06,13.9795,3.0,0.06,0.0056125,0
3.0,0.24,14.0107,3.0,0.24,0.0081575,0
3.0,0.48,14.0135,3.0,0.48,0.0100695,0
3.0,0.9,13.9739,3.0,0.9,0.015244,0
3.0,1.2,13.9711,3.0,1.2,0.017899,0
3.0,1.8,14.0559,3.0,1.8,0.023929,0
4.0,0.06,18.651,4.0,0.06,0.0076495,0
4.0,0.24,18.6373,4.0,0.24,0.0082865,0
4.0,0.48,18.6758,4.0,0.48,0.010097,0
4.0,0.9,18.7494,4.0,0.9,0.015396,0
4.0,1.2,18.6162,4.0,1.2,0.0178555,0
4.0,1.8,18.6455,4.0,1.8,0.023803,0
5.0,0.06,23.3996,5.0,0.06,0.006994,0
5.0,0.24,23.3872,5.0,0.24,0.0084745,0
5.0,0.48,23.2699,5.0,0.48,0.010385,0
5.0,0.9,23.4583,5.0,0.9,0.015661,0
5.0,1.2,23.3699,5.0,1.2,0.017788,0
5.0,1.8,23.3361,5.0,1.8,0.0239145,0
0.1,0.06,0.473065,0.1,0.06,0.0095855,0
0.1,0.24,0.472024,0.1,0.24,0.011248,0
0.1,0.48,0.472597,0.1,0.48,0.0131255,0
0.1,0.9,0.471167,0.1,0.9,0.016888,0
0.1,1.2,0.478548,0.1,1.2,0.019639,0
0.1,1.8,0.528011,0.1,1.8,0.028354,0
0.5,0.06,2.33718,0.5,0.06,0.008969,0
0.5,0.24,2.35029,0.5,0.24,0.011364,0
0.5,0.48,2.34238,0.5,0.48,0.0132345,0
0.5,0.9,2.33665,0.5,0.9,0.0167455,0
0.5,1.2,2.34028,0.5,1.2,0.0191505,0
0.5,1.8,2.33141,0.5,1.8,0.0285225,0
1.2,0.06,5.60075,1.2,0.06,0.007803,0
1.2,0.24,5.62581,1.2,0.24,0.011562,0
1.2,0.48,5.6239,1.2,0.48,0.0133295,0
1.2,0.9,5.59813,1.2,0.9,0.0168315,0
1.2,1.2,5.60536,1.2,1.2,0.019298,0
1.2,1.8,5.59179,1.2,1.8,0.0285995,0
3.0,0.06,13.9795,3.0,0.06,0.0059875,0
3.0,0.24,14.0107,3.0,0.24,0.0120085,0
3.0,0.48,14.0135,3.0,0.48,0.0133585,0
3.0,0.9,13.9739,3.0,0.9,0.0169135,0
3.0,1.2,13.9711,3.0,1.2,0.019327,0
3.0,1.8,14.0559,3.0,1.8,0.0285525,0
4.0,0.06,18.651,4.0,0.06,0.00905,0
4.0,0.24,18.6373,4.0,0.24,0.0114255,0
4.0,0.48,18.6758,4.0,0.48,0.0132285,0
4.0,0.9,18.7494,4.0,0.9,0.0169545,0
4.0,1.2,18.6162,4.0,1.2,0.0193945,0
4.0,1.8,18.6455,4.0,1.8,0.0285465,0
5.0,0.06,23.3996,5.0,0.06,0.010032,0
4.9235725040928875,0.4567812300959396,24.268689826268698,4.7461416154251435,-0.6175899853517103,0.4243442915153266,1
5.0,0.48,23.2699,5.0,0.48,0.012935,0
5.0,0.9,23.4583,5.0,0.9,0.0170605,0
5.0,1.2,23.3699,5.0,1.2,0.019493,0
5.0,1.8,23.3361,5.0,1.8,0.0284395,0
0.1,0.06,0.288096,0.1,0.06,0.284999,0
0.1,0.24,0.30741,0.1,0.24,0.283403,0
0.1,0.48,0.332273,0.1,0.48,0.282837,0
0.1,0.9,0.355138,0.1,0.9,0.300285,0
0.1,1.2,0.340758,0.1,1.2,0.332355,0
0.1,1.8,0.375466,0.1,1.8,0.33284,0
0.5,0.06,1.10679,0.5,0.06,1.41829,0
0.5,0.24,1.12094,0.5,0.24,1.42139,0
0.5,0.48,1.14665,0.5,0.48,1.40742,0
0.5,0.9,1.16898,0.5,0.9,1.40835,0
0.5,1.2,1.15429,0.5,1.2,1.38997,0
0.5,1.8,1.19068,0.5,1.8,1.38424,0
1.2,0.06,2.53455,1.2,0.06,3.37083,0
1.2,0.24,2.54865,1.2,0.24,3.36937,0
1.2,0.48,2.57361,1.2,0.48,3.37215,0
1.2,0.9,2.59511,1.2,0.9,3.36145,0
1.2,1.2,2.59076,1.2,1.2,3.36952,0
1.2,1.8,2.61122,1.2,1.8,3.35654,0
3.0,0.06,6.19464,3.0,0.06,8.36532,0
3.0,0.24,6.21049,3.0,0.24,8.37309,0
3.0,0.48,6.23539,3.0,0.48,8.44584,0
3.0,0.9,6.25012,3.0,0.9,8.43455,0
3.0,1.2,6.24016,3.0,1.2,8.3334,0
3.0,1.8,6.29622,3.0,1.8,8.37634,0
4.0,0.06,8.23302,4.0,0.06,11.14,0
16.798399897023366,4.3456820205489,67.32900573109482,13.327775600841054,5.884510889964933,58.180453380080756,1
4.0,0.48,8.28908,4.0,0.48,11.202,0
14.699794625477825,5.15883261743943,60.72889008258436,15.25663918292856,6.70562704754048,70.64650600534134,1
4.0,1.2,8.26572,4.0,1.2,11.3141,0
4.0,1.8,8.29972,4.0,1.8,11.2132,0
5.0,0.06,10.279,5.0,0.06,13.9323,0
5.0,0.24,10.3192,5.0,0.24,13.9393,0
5.0,0.48,10.3278,5.0,0.48,14.0142,0
5.0,0.9,10.3346,5.0,0.9,13.978,0
5.0,1.2,10.3384,5.0,1.2,13.9071,0
5.0,1.8,10.3432,5.0,1.8,14.0014,0
0.1,0.06,0.288096,0.1,0.06,0.0065015,0
0.1,0.24,0.30741,0.1,0.24,0.007918,0
0.1,0.48,0.332273,0.1,0.48,0.0099335,0
0.1,0.9,0.355138,0.1,0.9,0.01471,0
0.1,1.2,0.340758,0.1,1.2,0.0178335,0
0.1,1.8,0.375466,0.1,1.8,0.023812,0
0.5,0.06,1.10679,0.5,0.06,0.007596,0
0.5,0.24,1.12094,0.5,0.24,0.008147,0
0.5,0.48,1.14665,0.5,0.48,0.009973,0
0.5,0.9,1.16898,0.5,0.9,0.0147635,0
0.5,1.2,1.15429,0.5,1.2,0.017757,0
0.5,1.8,1.19068,0.5,1.8,0.0237775,0
1.2,0.06,2.53455,1.2,0.06,0.0072005,0
1.2,0.24,2.54865,1.2,0.24,0.00822,0
1.2,0.48,2.57361,1.2,0.48,0.0101045,0
1.2,0.9,2.59511,1.2,0.9,0.014918,0
1.2,1.2,2.59076,1.2,1.2,0.017865,0
1.2,1.8,2.61122,1.2,1.8,0.0239195,0
3.0,0.06,6.19464,3.0,0.06,0.0056125,0
3.0,0.24,6.21049,3.0,0.24,0.0081575,0
3.0,0.48,6.23539,3.0,0.48,0.0100695,0
3.0,0.9,6.25012,3.0,0.9,0.015244,0
3.0,1.2,6.24016,3.0,1.2,0.017899,0
3.0,1.8,6.29622,3.0,1.8,0.023929,0
4.0,0.06,8.23302,4.0,0.06,0.0076495,0
4.0,0.24,8.2329,4.0,0.24,0.0082865,0
4.0,0.48,8.28908,4.0,0.48,0.010097,0
4.0,0.9,8.34236,4.0,0.9,0.015396,0
4.0,1.2,8.26572,4.0,1.2,0.0178555,0
4.0,1.8,8.29972,4.0,1.8,0.023803,0
5.0,0.06,10.279,5.0,0.06,0.006994,0
5.0,0.24,10.3192,5.0,0.24,0.0084745,0
5.0,0.48,10.3278,5.0,0.48,0.010385,0
5.0,0.9,10.3346,5.0,0.9,0.015661,0
5.0,1.2,10.3384,5.0,1.2,0.017788,0
5.0,1.8,10.3432,5.0,1.8,0.0239145,0
0.1,0.06,0.288096,0.1,0.06,0.0095855,0
0.1,0.24,0.30741,0.1,0.24,0.011248,0
0.1,0.48,0.332273,0.1,0.48,0.0131255,0
0.1,0.9,0.355138,0.1,0.9,0.016888,0
0.1,1.2,0.340758,0.1,1.2,0.019639,0
0.1,1.8,0.375466,0.1,1.8,0.028354,0
0.5,0.06,1.10679,0.5,0.06,0.008969,0
0.5,0.24,1.12094,0.5,0.24,0.011364,0
3.0,0.48,9.335,3.0,0.48,0.009605,1
0.5,0.9,1.16898,0.5,0.9,0.0167455,0
0.5,1.2,1.15429,0.5,1.2,0.0191505,0
0.5,1.8,1.19068,0.5,1.8,0.0285225,0
1.2,0.06,2.53455,1.2,0.06,0.007803,0
1.2,0.24,2.54865,1.2,0.24,0.011562,0
1.2,0.48,2.57361,1.2,0.48,0.0133295,0
1.2,0.9,2.59511,1.2,0.9,0.0168315,0
1.2,1.2,2.59076,1.2,1.2,0.019298,0
1.2,1.8,2.61122,1.2,1.8,0.0285995,0
8.653442304861555,4.425560492425472,42.70817252694687,9.36973798148832,7.025693570894891,66.25738087980642,1
3.0,0.24,6.21049,3.0,0.24,0.0120085,0
3.0,0.48,6.23539,3.0,0.48,0.0133585,0
3.0,0.9,6.25012,3.0,0.9,0.0169135,0
3.0,1.2,6.24016,3.0,1.2,0.019327,0
3.0,1.8,6.29622,3.0,1.8,0.0285525,0
4.0,0.06,8.23302,4.0,0.06,0.00905,0
4.0,0.24,8.2329,4.0,0.24,0.0114255,0
4.0,0.48,8.28908,4.0,0.48,0.0132285,0
4.0,0.9,8.34236,4.0,0.9,0.0169545,0
4.0,1.2,8.26572,4.0,1.2,0.0193945,0
4.0,1.8,8.29972,4.0,1.8,0.0285465,0
5.0,0.06,10.279,5.0,0.06,0.010032,0
5.0,0.24,10.3192,5.0,0.24,0.0113825,0
5.0,0.48,10.3278,5.0,0.48,0.012935,0
5.0,0.9,10.3346,5.0,0.9,0.0170605,0
5.0,1.2,10.3384,5.0,1.2,0.019493,0
5.0,1.8,10.3432,5.0,1.8,0.0284395,0
0.1,0.06,0.284999,0.1,0.06,0.0065015,0
0.1,0.24,0.283403,0.1,0.24,0.007918,0
0.1,0.48,0.282837,0.1,0.48,0.0099335,0
0.1,0.9,0.300285,0.1,0.9,0.01471,0
0.1,1.2,0.332355,0.1,1.2,0.0178335,0
0.1,1.8,0.33284,0.1,1.8,0.023812,0
5.0,0.06,13.8617,5.0,0.06,0.003628,1
0.5,0.24,1.42139,0.5,0.24,0.008147,0
0.5,0.48,1.40742,0.5,0.48,0.009973,0
0.5,0.9,1.40835,0.5,0.9,0.0147635,0
0.5,1.2,1.38997,0.5,1.2,0.017757,0
0.5,1.8,1.38424,0.5,1.8,0.0237775,0
1.2,0.06,3.37083,1.2,0.06,0.0072005,0
1.2,0.24,3.36937,1.2,0.24,0.00822,0
1.2,0.48,3.37215,1.2,0.48,0.0101045,0
1.2,0.9,3.36145,1.2,0.9,0.014918,0
1.2,1.2,3.36952,1.2,1.2,0.017865,0
1.2,1.8,3.35654,1.2,1.8,0.0239195,0
3.0,0.06,8.36532,3.0,0.06,0.0056125,0
3.0,0.24,8.37309,3.0,0.24,0.0081575,0
3.0,0.48,8.44584,3.0,0.48,0.0100695,0
3.0,0.9,8.43455,3.0,0.9,0.015244,0
3.0,1.2,8.3334,3.0,1.2,0.017899,0
3.0,1.8,8.37634,3.0,1.8,0.023929,0
4.0,0.06,11.14,4.0,0.06,0.0076495,0
4.0,0.24,11.2593,4.0,0.24,0.0082865,0
4.0,0.48,11.202,4.0,0.48,0.010097,0
4.0,0.9,11.2326,4.0,0.9,0.015396,0
4.0,1.2,11.3141,4.0,1.2,0.0178555,0
10.72605557269647,4.018500897809575,66.28458610615667,11.33643552839715,7.61895791129589,46.46356060381051,1
5.0,0.06,13.9323,5.0,0.06,0.006994,0
5.0,0.24,13.9393,5.0,0.24,0.0084745,0
5.0,0.48,14.0142,5.0,0.48,0.010385,0
5.0,0.9,13.978,5.0,0.9,0.015661,0
5.0,1.2,13.9071,5.0,1.2,0.017788,0
5.0,1.8,14.0014,5.0,1.8,0.0239145,0
0.1,0.06,0.284999,0.1,0.06,0.0095855,0
0.1,0.24,0.283403,0.1,0.24,0.011248,0
0.1,0.48,0.282837,0.1,0.48,0.0131255,0
0.1,0.9,0.300285,0.1,0.9,0.016888,0
0.1,1.2,0.332355,0.1,1.2,0.019639,0
0.1,1.8,0.33284,0.1,1.8,0.028354,0
0.5,0.06,1.41829,0.5,0.06,0.008969,0
0.5,0.24,1.42139,0.5,0.24,0.011364,0
0.5,0.48,1.40742,0.5,0.48,0.0132345,0
0.5,0.9,1.40835,0.5,0.9,0.0167455,0
0.5,1.2,1.38997,0.5,1.2,0.0191505,0
0.5,1.8,1.38424,0.5,1.8,0.0285225,0
1.2,0.06,3.37083,1.2,0.06,0.007803,0
1.2,0.24,3.36937,1.2,0.24,0.011562,0
1.2,0.48,3.37215,1.2,0.48,0.0133295,0
1.2,0.9,3.36145,1.2,0.9,0.0168315,0
1.2,1.2,3.36952,1.2,1.2,0.019298,0
1.2,1.8,3.35654,1.2,1.8,0.0285995,0
3.0,0.06,8.36532,3.0,0.06,0.0059875,0
3.0,0.24,8.37309,3.0,0.24,0.0120085,0
3.0,0.48,8.44584,3.0,0.48,0.0133585,0
3.0,0.9,8.43455,3.0,0.9,0.0169135,0
9.434844076418171,3.9157741260910397,54.890754137562084,17.75742839669276,7.188154762169203,47.19130698245809,1
3.0,1.8,8.37634,3.0,1.8,0.0285525,0
4.0,0.06,11.14,4.0,0.06,0.00905,0
4.0,0.24,11.2593,4.0,0.24,0.0114255,0
4.0,0.48,11.202,4.0,0.48,0.0132285,0
4.0,0.9,11.2326,4.0,0.9,0.0169545,0
4.0,1.2,11.3141,4.0,1.2,0.0193945,0
4.0,1.8,11.2132,4.0,1.8,0.0285465,0
5.0,0.06,13.9323,5.0,0.06,0.010032,0
5.0,0.24,13.9393,5.0,0.24,0.0113825,0
5.0,0.48,14.0142,5.0,0.48,0.012935,0
5.0,0.9,13.978,5.0,0.9,0.0170605,0
5.0,1.2,13.9071,5.0,1.2,0.019493,0
5.0,1.8,14.0014,5.0,1.8,0.0284395,0
0.1,0.06,0.0065015,0.1,0.06,0.0095855,0
0.1,0.24,0.007918,0.1,0.24,0.011248,0
0.1,0.48,0.0099335,0.1,0.48,0.0131255,0
0.1,0.9,0.01471,0.1,0.9,0.016888,0
0.1,1.2,0.0178335,0.1,1.2,0.019639,0
0.1,1.8,0.023812,0.1,1.8,0.028354,0
0.5,0.06,0.007596,0.5,0.06,0.008969,0
0.5,0.24,0.008147,0.5,0.24,0.011364,0
0.5,0.48,0.009973,0.5,0.48,0.0132345,0
0.5,0.9,0.0147635,0.5,0.9,0.0167455,0
14.413229266845338,7.32484807400443,49.91489914921621,9.55585815196432,8.305133418589415,51.7581537000076,1
0.5,1.8,0.0237775,0.5,1.8,0.0285225,0
1.2,0.06,0.0072005,1.2,0.06,0.007803,0
1.2,0.24,0.00822,1.2,0.24,0.011562,0
1.2,0.48,0.0101045,1.2,0.48,0.0133295,0
1.2,0.9,0.014918,1.2,0.9,0.0168315,0
1.2,1.2,0.017865,1.2,1.2,0.019298,0
1.2,1.8,0.0239195,1.2,1.8,0.0285995,0
3.0,0.06,0.0056125,3.0,0.06,0.0059875,0
3.0,0.24,0.0081575,3.0,0.24,0.0120085,0
3.0,0.48,0.0100695,3.0,0.48,0.0133585,0
3.0,0.9,0.015244,3.0,0.9,0.0169135,0
3.0,1.2,0.017899,3.0,1.2,0.019327,0
3.0,1.8,0.023929,3.0,1.8,0.0285525,0
4.084987269874635,0.410911520271672,0.3261035395014927,3.762437360777698,-0.20649685971297688,0.32900147857604223,1
4.0,0.24,0.0082865,4.0,0.24,0.0114255,0
4.0,0.48,0.010097,4.0,0.48,0.0132285,0
4.0,0.9,0.015396,4.0,0.9,0.0169545,0
0.1,0.9,0.122894,0.1,0.9,0.095913,1
4.0,1.8,0.023803,4.0,1.8,0.0285465,0
5.0,0.06,0.006994,5.0,0.06,0.010032,0
5.0,0.24,0.0084745,5.0,0.24,0.0113825,0
5.0,0.48,0.010385,5.0,0.48,0.012935,0
5.0,0.9,0.015661,5.0,0.9,0.0170605,0
5.0,1.2,0.017788,5.0,1.2,0.019493,0
5.0,1.8,0.0239145,5.0,1.8,0.0284395,0
0.1,0.06,0.345539,0.1,0.06,0.474802,0
0.1,0.24,0.350277,0.1,0.24,0.473627,0
0.1,0.48,0.328406,0.1,0.48,0.482601,0
0.1,0.9,0.333754,0.1,0.9,0.476024,0
0.1,1.2,0.315627,0.1,1.2,0.480572,0
0.1,1.8,0.305624,0.1,1.8,0.491469,0
0.5,0.06,1.57864,0.5,0.06,2.33986,0
0.5,0.24,1.58418,0.5,0.24,2.34295,0
0.5,0.48,1.5621,0.5,0.48,2.34046,0
0.5,0.9,1.56789,0.5,0.9,2.34387,0
0.5,1.2,1.54801,0.5,1.2,2.35622,0
0.5,1.8,1.54003,0.5,1.8,2.32965,0
1.2,0.06,3.73995,1.2,0.06,5.59459,0
1.2,0.24,3.73815,1.2,0.24,5.59011,0
1.2,0.48,3.72031,1.2,0.48,5.58295,0
1.2,0.9,3.72832,1.2,0.9,5.60041,0
1.2,1.2,3.72345,1.2,1.2,5.60607,0
1.2,1.8,3.70416,1.2,1.8,5.59245,0
3.0,0.06,9.31888,3.0,0.06,13.9184,0
3.0,0.24,9.29725,3.0,0.24,13.9051,0
3.0,0.48,9.29217,3.0,0.48,13.9868,0
3.0,0.9,9.27535,3.0,0.9,13.9361,0
3.0,1.2,9.25954,3.0,1.2,13.9452,0
3.0,1.8,9.29487,3.0,1.8,13.9374,0
4.0,0.06,12.3909,4.0,0.06,18.5942,0
4.0,0.24,12.3598,4.0,0.24,18.5665,0
4.0,0.48,12.3924,4.0,0.48,18.6306,0
14.490580132780742,7.047257786735637,51.397352953291495,15.519094692779845,5.954331194476877,60.53491833824661,1
4.0,1.2,12.3373,4.0,1.2,18.5779,0
4.0,1.8,12.3398,4.0,1.8,18.5411,0
5.0,0.06,15.4964,5.0,0.06,23.1922,0
5.0,0.24,15.5193,5.0,0.24,23.2773,0
5.0,0.48,15.4451,5.0,0.48,23.2421,0
5.0,0.9,15.4468,5.0,0.9,23.2465,0
5.0,1.2,15.4141,5.0,1.2,23.3659,0
5.0,1.8,15.4627,5.0,1.8,23.2368,0
0.1,0.06,0.345539,0.1,0.06,0.256117,0
0.1,0.24,0.350277,0.1,0.24,0.301171,0
0.1,0.48,0.328406,0.1,0.48,0.340362,0
0.1,0.9,0.333754,0.1,0.9,0.414928,0
0.1,1.2,0.315627,0.1,1.2,0.45992,0
0.1,1.8,0.305624,0.1,1.8,0.552672,0
0.5,0.06,1.57864,0.5,0.06,1.06862,0
0.5,0.24,1.58418,0.5,0.24,1.12166,0
0.5,0.48,1.5621,0.5,0.48,1.15314,0
0.5,0.9,1.56789,0.5,0.9,1.22893,0
0.5,1.2,1.54801,0.5,1.2,1.27259,0
0.5,1.8,1.54003,0.5,1.8,1.37256,0
1.2,0.06,3.73995,1.2,0.06,2.49603,0
1.2,0.24,3.73815,1.2,0.24,2.55565,0
1.2,0.48,3.72031,1.2,0.48,2.58587,0
1.2,0.9,3.72832,1.2,0.9,2.6536,0
1.2,1.2,3.72345,1.2,1.2,2.69462,0
1.2,1.8,3.70416,1.2,1.8,2.79514,0
3.0,0.06,9.31888,3.0,0.06,6.15268,0
3.0,0.24,9.29725,3.0,0.24,6.24069,0
3.2141764568857245,0.6759143538580508,9.302230564790431,3.4458502905347874,0.14380320783674888,6.41083989441045,1
3.0,0.9,9.27535,3.0,0.9,6.31032,0
3.0,1.2,9.25954,3.0,1.2,6.39112,0
3.0,1.8,9.29487,3.0,1.8,6.49207,0
4.0,0.06,12.3909,4.0,0.06,8.21438,0
4.0,0.24,12.3598,4.0,0.24,8.2373,0
4.0,0.48,12.3924,4.0,0.48,8.2659,0
4.0,0.9,12.3547,4.0,0.9,8.41213,0
4.0,1.2,12.3373,4.0,1.2,8.40946,0
3.4964025062365107,1.8841152705918471,11.259148056848819,4.2412668549105925,2.130171527281341,8.86515306289323,1
5.0,0.06,15.4964,5.0,0.06,10.209,0
5.0,0.24,15.5193,5.0,0.24,10.2646,0
5.0,0.48,15.4451,5.0,0.48,10.4165,0
5.0,0.9,15.4468,5.0,0.9,10.4241,0
5.0,1.2,15.4141,5.0,1.2,10.4194,0
5.0,1.8,15.4627,5.0,1.8,10.5168,0
0.1,0.06,0.345539,0.1,0.06,0.285302,0
0.1,0.24,0.350277,0.1,0.24,0.281794,0
0.1,0.48,0.328406,0.1,0.48,0.284156,0
0.1,0.9,0.333754,0.1,0.9,0.292376,0
0.1,1.2,0.315627,0.1,1.2,0.292967,0
0.1,1.8,0.305624,0.1,1.8,0.309728,0
0.5,0.06,1.57864,0.5,0.06,1.42035,0
0.5,0.24,1.58418,0.5,0.24,1.40206,0
0.5,0.48,1.5621,0.5,0.48,1.41701,0
0.5,0.9,1.56789,0.5,0.9,1.39269,0
0.5,1.2,1.54801,0.5,1.2,1.39418,0
0.5,1.8,1.54003,0.5,1.8,1.38399,0
1.2,0.06,3.73995,1.2,0.06,3.39125,0
1.2,0.24,3.73815,1.2,0.24,3.36108,0
1.2,0.48,3.72031,1.2,0.48,3.36252,0
1.2,0.9,3.72832,1.2,0.9,3.40556,0
1.2,1.2,3.72345,1.2,1.2,3.35785,0
1.2,1.8,3.70416,1.2,1.8,3.34308,0
3.0,0.06,9.31888,3.0,0.06,8.34941,0
3.0,0.24,9.29725,3.0,0.24,8.44041,0
3.0,0.48,9.29217,3.0,0.48,8.36839,0
3.0,0.9,9.27535,3.0,0.9,8.57137,0
3.0,1.2,9.25954,3.0,1.2,8.46304,0
3.0,1.8,9.29487,3.0,1.8,8.34263,0
4.0,0.06,12.3909,4.0,0.06,11.0797,0
4.0,0.24,12.3598,4.0,0.24,11.1211,0
4.0,0.48,12.3924,4.0,0.48,11.4675,0
4.0,0.9,12.3547,4.0,0.9,11.2367,0
4.0,1.2,12.3373,4.0,1.2,11.1092,0
4.0,1.8,12.3398,4.0,1.8,11.1325,0
5.0,0.06,15.4964,5.0,0.06,13.8617,0
5.0,0.24,15.5193,5.0,0.24,14.1699,0
5.0,0.48,15.4451,5.0,0.48,14.0803,0
5.0,0.9,15.4468,5.0,0.9,13.853,0
5.0,1.2,15.4141,5.0,1.2,14.176,0
5.0,1.8,15.4627,5.0,1.8,14.078,0
0.1,0.06,0.345539,0.1,0.06,0.004682,0
0.1,0.24,0.350277,0.1,0.24,0.006144,0
0.1,0.48,0.328406,0.1,0.48,0.008719,0
0.1,0.9,0.333754,0.1,0.9,0.012508,0
0.1,1.2,0.315627,0.1,1.2,0.015897,0
0.1,1.8,0.305624,0.1,1.8,0.020966,0
0.5,0.06,1.57864,0.5,0.06,0.004615,0
0.5,0.24,1.58418,0.5,0.24,0.006144,0
0.5,0.48,1.5621,0.5,0.48,0.008362,0
11.55701625921557,7.2960034181063005,44.16949750464798,11.77773303300912,4.880144595662703,58.450491116291985,1
0.5,1.2,1.54801,0.5,1.2,0.015448,0
0.5,1.8,1.54003,0.5,1.8,0.02077,0
1.2,0.06,3.73995,1.2,0.06,0.004484,0
1.2,0.24,3.73815,1.2,0.24,0.00608,0
1.2,0.48,3.72031,1.2,0.48,0.008191,0
1.2,0.9,3.72832,1.2,0.9,0.012214,0
1.2,1.2,3.72345,1.2,1.2,0.015258,0
1.2,1.8,3.70416,1.2,1.8,0.02061,0
3.0,0.06,9.31888,3.0,0.06,0.004262,0
13.870014748018185,5.464559913560121,36.991655064087595,14.143945899008987,4.294566576776991,36.11151206683185,1
3.0,0.48,9.29217,3.0,0.48,0.007847,0
3.0,0.9,9.27535,3.0,0.9,0.011927,0
3.0,1.2,9.25954,3.0,1.2,0.01493,0
3.0,1.8,9.29487,3.0,1.8,0.020292,0
4.0,0.06,12.3909,4.0,0.06,0.004754,0
4.0,0.24,12.3598,4.0,0.24,0.00547,0
4.0,0.48,12.3924,4.0,0.48,0.007694,0
4.0,0.9,12.3547,4.0,0.9,0.011695,0
4.0,1.2,12.3373,4.0,1.2,0.014715,0
4.0,1.8,12.3398,4.0,1.8,0.020133,0
5.0,0.06,15.4964,5.0,0.06,0.003628,0
5.0,0.24,15.5193,5.0,0.24,0.005467,0
5.0,0.48,15.4451,5.0,0.48,0.00755,0
5.0,0.9,15.4468,5.0,0.9,0.011538,0
5.0,1.2,15.4141,5.0,1.2,0.014556,0
5.0,1.8,15.4627,5.0,1.8,0.019953,0
0.1,0.06,0.345539,0.1,0.06,0.006203,0
0.1,0.24,0.350277,0.1,0.24,0.007875,0
0.1,0.48,0.328406,0.1,0.48,0.009579,0
0.1,0.9,0.333754,0.1,0.9,0.013329,0
0.1,1.2,0.315627,0.1,1.2,0.016283,0
0.1,1.8,0.305624,0.1,1.8,0.022669,0
0.5,0.06,1.57864,0.5,0.06,0.006527,0
0.5,0.24,1.58418,0.5,0.24,0.008033,0
0.5,0.48,1.5621,0.5,0.48,0.009741,0
0.5,0.9,1.56789,0.5,0.9,0.013457,0
0.5,1.2,1.54801,0.5,1.2,0.016345,0
0.5,1.8,1.54003,0.5,1.8,0.02276,0
1.2,0.06,3.73995,1.2,0.06,0.007012,0
1.2,0.24,3.73815,1.2,0.24,0.008199,0
1.2,0.48,3.72031,1.2,0.48,0.00989,0
1.2,0.9,3.72832,1.2,0.9,0.013664,0
1.2,1.2,3.72345,1.2,1.2,0.016433,0
0.7059985909985296,1.7264036246159944,3.604628723120065,1.292413516810827,1.9663802393185053,0.30287022441402994,1
3.0,0.06,9.31888,3.0,0.06,0.006102,0
3.0,0.24,9.29725,3.0,0.24,0.008589,0
3.0,0.48,9.29217,3.0,0.48,0.010304,0
3.0,0.9,9.27535,3.0,0.9,0.013979,0
3.0,1.2,9.25954,3.0,1.2,0.016872,0
3.0,1.8,9.29487,3.0,1.8,0.023319,0
4.0,0.06,12.3909,4.0,0.06,0.007485,0
4.0,0.24,12.3598,4.0,0.24,0.008857,0
4.0,0.48,12.3924,4.0,0.48,0.010499,0
4.0,0.9,12.3547,4.0,0.9,0.014163,0
4.0,1.2,12.3373,4.0,1.2,0.017048,0
4.0,1.8,12.3398,4.0,1.8,0.023462,0
5.0,0.06,15.4964,5.0,0.06,0.009407,0
5.0,0.24,15.5193,5.0,0.24,0.00895,0
5.0,0.48,15.4451,5.0,0.48,0.010723,0
5.0,0.9,15.4468,5.0,0.9,0.014411,0
5.0,1.2,15.4141,5.0,1.2,0.017258,0
5.0,1.8,15.4627,5.0,1.8,0.023638,0
0.1,0.06,0.474802,0.1,0.06,0.256117,0
0.1,0.24,0.473627,0.1,0.24,0.301171,0
0.1,0.48,0.482601,0.1,0.48,0.340362,0
0.1,0.9,0.476024,0.1,0.9,0.414928,0
0.1,1.2,0.480572,0.1,1.2,0.45992,0
0.1,1.8,0.491469,0.1,1.8,0.552672,0
0.5,0.06,2.33986,0.5,0.06,1.06862,0
0.5,0.24,2.34295,0.5,0.24,1.12166,0
0.5,0.48,2.34046,0.5,0.48,1.15314,0
0.5,0.9,2.34387,0.5,0.9,1.22893,0
0.5,1.2,2.35622,0.5,1.2,1.27259,0
0.5,1.8,2.32965,0.5,1.8,1.37256,0
1.2,0.06,5.59459,1.2,0.06,2.49603,0
1.2,0.24,5.59011,1.2,0.24,2.55565,0
1.2,0.48,5.58295,1.2,0.48,2.58587,0
1.2,0.9,5.60041,1.2,0.9,2.6536,0
1.2,1.2,5.60607,1.2,1.2,2.69462,0
1.2,1.8,5.59245,1.2,1.8,2.79514,0
3.0,0.06,13.9184,3.0,0.06,6.15268,0
3.0,0.24,13.9051,3.0,0.24,6.24069,0
3.0,0.48,13.9868,3.0,0.48,6.24259,0
3.0,0.9,13.9361,3.0,0.9,6.31032,0
3.0,1.2,13.9452,3.0,1.2,6.39112,0
3.0,1.8,13.9374,3.0,1.8,6.49207,0
4.0,0.06,18.5942,4.0,0.06,8.21438,0
4.0,0.24,18.5665,4.0,0.24,8.2373,0
4.0,0.48,18.6306,4.0,0.48,8.2659,0
3.5808190599995964,0.29367143368834314,18.97607126772596,3.967294883202303,0.8932483777035116,7.858763506135274,1
4.0,1.2,18.5779,4.0,1.2,8.40946,0
4.0,1.8,18.5411,4.0,1.8,8.49138,0
5.0,0.06,23.1922,5.0,0.06,10.209,0
5.0,0.24,23.2773,5.0,0.24,10.2646,0
5.0,0.48,23.2421,5.0,0.48,10.4165,0
5.0,0.9,23.2465,5.0,0.9,10.4241,0
5.0,1.2,23.3659,5.0,1.2,10.4194,0
5.0,1.8,23.2368,5.0,1.8,10.5168,0
0.1,0.06,0.474802,0.1,0.06,0.285302,0
0.1,0.24,0.473627,0.1,0.24,0.281794,0
0.1,0.48,0.482601,0.1,0.48,0.284156,0
0.1,0.9,0.476024,0.1,0.9,0.292376,0
0.1,1.2,0.480572,0.1,1.2,0.292967,0
0.1,1.8,0.491469,0.1,1.8,0.309728,0
0.5,0.06,2.33986,0.5,0.06,1.42035,0
0.5,0.24,2.34295,0.5,0.24,1.40206,0
0.5,0.48,2.34046,0.5,0.48,1.41701,0
0.5,0.9,2.34387,0.5,0.9,1.39269,0
0.5,1.2,2.35622,0.5,1.2,1.39418,0
0.5,1.8,2.32965,0.5,1.8,1.38399,0
1.2,0.06,5.59459,1.2,0.06,3.39125,0
1.2,0.24,5.59011,1.2,0.24,3.36108,0
1.2,0.48,5.58295,1.2,0.48,3.36252,0
1.2,0.9,5.60041,1.2,0.9,3.40556,0
1.2,1.2,5.60607,1.2,1.2,3.35785,0
1.2,1.8,5.59245,1.2,1.8,3.34308,0
3.0,0.06,13.9184,3.0,0.06,8.34941,0
3.0,0.24,13.9051,3.0,0.24,8.44041,0
3.0,0.48,13.9868,3.0,0.48,8.36839,0
3.0,0.9,13.9361,3.0,0.9,8.57137,0
3.0,1.2,13.9452,3.0,1.2,8.46304,0
3.0,1.8,13.9374,3.0,1.8,8.34263,0
4.0,0.06,18.5942,4.0,0.06,11.0797,0
4.0,0.24,18.5665,4.0,0.24,11.1211,0
4.0,0.48,18.6306,4.0,0.48,11.4675,0
4.0,0.9,18.5851,4.0,0.9,11.2367,0
4.0,1.2,18.5779,4.0,1.2,11.1092,0
4.0,1.8,18.5411,4.0,1.8,11.1325,0
5.0,0.06,23.1922,5.0,0.06,13.8617,0
5.0,0.24,23.2773,5.0,0.24,14.1699,0
5.0,0.48,23.2421,5.0,0.48,14.0803,0
5.0,0.9,23.2465,5.0,0.9,13.853,0
5.0,1.2,23.3659,5.0,1.2,14.176,0
5.0,1.8,23.2368,5.0,1.8,14.078,0
0.1,0.06,0.474802,0.1,0.06,0.004682,0
0.1,0.24,0.473627,0.1,0.24,0.006144,0
0.1,0.48,0.482601,0.1,0.48,0.008719,0
0.1,0.9,0.476024,0.1,0.9,0.012508,0
0.1,1.2,0.480572,0.1,1.2,0.015897,0
0.1,1.8,0.491469,0.1,1.8,0.020966,0
0.5,0.06,2.33986,0.5,0.06,0.004615,0
0.5,0.24,2.34295,0.5,0.24,0.006144,0
0.5,0.48,2.34046,0.5,0.48,0.008362,0
0.5,0.9,2.34387,0.5,0.9,0.012338,0
0.5,1.2,2.35622,0.5,1.2,0.015448,0
0.5,1.8,2.32965,0.5,1.8,0.02077,0
1.2,0.06,5.59459,1.2,0.06,0.004484,0
1.2,0.24,5.59011,1.2,0.24,0.00608,0
1.2,0.48,5.58295,1.2,0.48,0.008191,0
1.2,0.9,5.60041,1.2,0.9,0.012214,0
1.2,1.2,5.60607,1.2,1.2,0.015258,0
1.2,1.8,5.59245,1.2,1.8,0.02061,0
3.0,0.06,13.9184,3.0,0.06,0.004262,0
3.0,0.24,13.9051,3.0,0.24,0.005768,0
3.0,0.48,13.9868,3.0,0.48,0.007847,0
3.0,0.9,13.9361,3.0,0.9,0.011927,0
3.0,1.2,13.9452,3.0,1.2,0.01493,0
3.0,1.8,13.9374,3.0,1.8,0.020292,0
4.0,0.06,18.5942,4.0,0.06,0.004754,0
4.0,0.24,18.5665,4.0,0.24,0.00547,0
4.0,0.48,18.6306,4.0,0.48,0.007694,0
4.0,0.9,18.5851,4.0,0.9,0.011695,0
4.0,1.2,18.5779,4.0,1.2,0.014715,0
4.0,1.8,18.5411,4.0,1.8,0.020133,0
5.0,0.06,23.1922,5.0,0.06,0.003628,0
5.0,0.24,23.2773,5.0,0.24,0.005467,0
5.0,0.48,23.2421,5.0,0.48,0.00755,0
5.0,0.9,23.2465,5.0,0.9,0.011538,0
5.0,1.2,23.3659,5.0,1.2,0.014556,0
5.0,1.8,23.2368,5.0,1.8,0.019953,0
0.1,0.06,0.474802,0.1,0.06,0.006203,0
0.1,0.24,0.473627,0.1,0.24,0.007875,0
0.1,0.48,0.482601,0.1,0.48,0.009579,0
0.1,0.9,0.476024,0.1,0.9,0.013329,0
0.1,1.2,0.480572,0.1,1.2,0.016283,0
0.1,1.8,0.491469,0.1,1.8,0.022669,0
0.12468658901162216,-0.08977470559959608,2.3409517954185177,-0.18754261658354243,-0.1712664831566894,0.20036693951642323,1
0.5,0.24,2.34295,0.5,0.24,0.008033,0
0.5,0.48,2.34046,0.5,0.48,0.009741,0
0.5,0.9,2.34387,0.5,0.9,0.013457,0
0.5,1.2,2.35622,0.5,1.2,0.016345,0
0.5,1.8,2.32965,0.5,1.8,0.02276,0
1.2,0.06,5.59459,1.2,0.06,0.007012,0
1.2,0.24,5.59011,1.2,0.24,0.008199,0
1.2,0.48,5.58295,1.2,0.48,0.00989,0
1.2,0.9,5.60041,1.2,0.9,0.013664,0
1.20318,0.24,3.90938,1.20325,0.24,2.97828,1
1.2,1.8,5.59245,1.2,1.8,0.022956,0
3.0,0.06,13.9184,3.0,0.06,0.006102,0
3.0,0.24,13.9051,3.0,0.24,0.008589,0
3.0,0.48,13.9868,3.0,0.48,0.010304,0
3.0,0.9,13.9361,3.0,0.9,0.013979,0
3.0,1.2,13.9452,3.0,1.2,0.016872,0
3.0,1.8,13.9374,3.0,1.8,0.023319,0
4.0,0.06,18.5942,4.0,0.06,0.007485,0
4.0,0.24,18.5665,4.0,0.24,0.008857,0
4.0,0.48,18.6306,4.0,0.48,0.010499,0
4.0,0.9,18.5851,4.0,0.9,0.014163,0
4.0,1.2,18.5779,4.0,1.2,0.017048,0
4.0,1.8,18.5411,4.0,1.8,0.023462,0
5.0,0.06,23.1922,5.0,0.06,0.009407,0
5.0,0.24,23.2773,5.0,0.24,0.00895,0
5.0,0.48,23.2421,5.0,0.48,0.010723,0
5.0,0.9,23.2465,5.0,0.9,0.014411,0
5.0,1.2,23.3659,5.0,1.2,0.017258,0
5.0,1.8,23.2368,5.0,1.8,0.023638,0
0.1,0.06,0.256117,0.1,0.06,0.285302,0
0.1,0.24,0.301171,0.1,0.24,0.281794,0
0.1,0.48,0.340362,0.1,0.48,0.284156,0
0.1,0.9,0.414928,0.1,0.9,0.292376,0
0.1,1.2,0.45992,0.1,1.2,0.292967,0
0.1,1.8,0.552672,0.1,1.8,0.309728,0
0.5,0.06,1.06862,0.5,0.06,1.42035,0
0.5,0.24,1.12166,0.5,0.24,1.40206,0
0.5,0.48,1.15314,0.5,0.48,1.41701,0
0.5,0.9,1.22893,0.5,0.9,1.39269,0
0.5,1.2,1.27259,0.5,1.2,1.39418,0
0.5,1.8,1.37256,0.5,1.8,1.38399,0
1.2,0.06,2.49603,1.2,0.06,3.39125,0
1.2,0.24,2.55565,1.2,0.24,3.36108,0
1.2,0.48,2.58587,1.2,0.48,3.36252,0
1.2,0.9,2.6536,1.2,0.9,3.40556,0
1.2,1.2,2.69462,1.2,1.2,3.35785,0
1.2,1.8,2.79514,1.2,1.8,3.34308,0
3.0,0.06,6.15268,3.0,0.06,8.34941,0
3.0,0.24,6.24069,3.0,0.24,8.44041,0
3.0,0.48,6.24259,3.0,0.48,8.36839,0
3.0,0.9,6.31032,3.0,0.9,8.57137,0
3.0,1.2,6.39112,3.0,1.2,8.46304,0
3.0,1.8,6.49207,3.0,1.8,8.34263,0
4.0,0.06,8.21438,4.0,0.06,11.0797,0
4.0,0.24,8.2373,4.0,0.24,11.1211,0
4.0,0.48,8.2659,4.0,0.48,11.4675,0
4.0,0.9,8.41213,4.0,0.9,11.2367,0
4.0,1.2,8.40946,4.0,1.2,11.1092,0
4.0,1.8,8.49138,4.0,1.8,11.1325,0
5.0,0.06,10.209,5.0,0.06,13.8617,0
5.0,0.24,10.2646,5.0,0.24,14.1699,0
5.0,0.48,10.4165,5.0,0.48,14.0803,0
5.0,0.9,10.4241,5.0,0.9,13.853,0
5.0,1.2,10.4194,5.0,1.2,14.176,0
5.0,1.8,10.5168,5.0,1.8,14.078,0
0.1,0.06,0.256117,0.1,0.06,0.004682,0
0.1,0.24,0.301171,0.1,0.24,0.006144,0
0.1,0.48,0.340362,0.1,0.48,0.008719,0
0.1,0.9,0.414928,0.1,0.9,0.012508,0
0.1,1.2,0.45992,0.1,1.2,0.015897,0
0.1,1.8,0.552672,0.1,1.8,0.020966,0
0.5,0.06,1.06862,0.5,0.06,0.004615,0
1.2,1.2,3.71312,1.2,1.2,2.88271,1
0.5,0.48,1.15314,0.5,0.48,0.008362,0
0.5,0.9,1.22893,0.5,0.9,0.012338,0
0.5,1.2,1.27259,0.5,1.2,0.015448,0
0.5,1.8,1.37256,0.5,1.8,0.02077,0
1.2,0.06,2.49603,1.2,0.06,0.004484,0
1.2,0.24,2.55565,1.2,0.24,0.00608,0
1.2,0.48,2.58587,1.2,0.48,0.008191,0
1.2,0.9,2.6536,1.2,0.9,0.012214,0
1.2,1.2,2.69462,1.2,1.2,0.015258,0
1.2,1.8,2.79514,1.2,1.8,0.02061,0
3.0,0.06,6.15268,3.0,0.06,0.004262,0
3.0,0.24,6.24069,3.0,0.24,0.005768,0
3.0,0.48,6.24259,3.0,0.48,0.007847,0
3.0,0.9,6.31032,3.0,0.9,0.011927,0
3.0,1.2,6.39112,3.0,1.2,0.01493,0
3.0,1.8,6.49207,3.0,1.8,0.020292,0
4.0,0.06,8.21438,4.0,0.06,0.004754,0
4.0,0.24,8.2373,4.0,0.24,0.00547,0
4.0,0.48,8.2659,4.0,0.48,0.007694,0
4.0,0.9,8.41213,4.0,0.9,0.011695,0
4.0,1.2,8.40946,4.0,1.2,0.014715,0
4.0,1.8,8.49138,4.0,1.8,0.020133,0
5.0,0.06,10.209,5.0,0.06,0.003628,0
5.0,0.24,10.2646,5.0,0.24,0.005467,0
5.0,0.48,10.4165,5.0,0.48,0.00755,0
5.0,0.9,10.4241,5.0,0.9,0.011538,0
5.0,1.2,10.4194,5.0,1.2,0.014556,0
5.0,1.8,10.5168,5.0,1.8,0.019953,0
0.1,0.06,0.256117,0.1,0.06,0.006203,0
0.1,0.24,0.301171,0.1,0.24,0.007875,0
0.1,0.48,0.340362,0.1,0.48,0.009579,0
0.1,0.9,0.414928,0.1,0.9,0.013329,0
0.1,1.2,0.45992,0.1,1.2,0.016283,0
0.022288783736120157,1.2221462125415425,0.4513691135409631,0.590002118066947,1.9525754179374863,0.5967144331987164,1
0.5,0.06,1.06862,0.5,0.06,0.006527,0
0.5,0.24,1.12166,0.5,0.24,0.008033,0
0.5,0.48,1.15314,0.5,0.48,0.009741,0
0.5,0.9,1.22893,0.5,0.9,0.013457,0
0.5,1.2,1.27259,0.5,1.2,0.016345,0
0.5,1.8,1.37256,0.5,1.8,0.02276,0
1.2,0.06,2.49603,1.2,0.06,0.007012,0
1.2,0.24,2.55565,1.2,0.24,0.008199,0
1.2,0.48,2.58587,1.2,0.48,0.00989,0
1.2,0.9,2.6536,1.2,0.9,0.013664,0
1.2,1.2,2.69462,1.2,1.2,0.016433,0
1.2,1.8,2.79514,1.2,1.8,0.022956,0
3.0,0.06,6.15268,3.0,0.06,0.006102,0
3.0,0.24,6.24069,3.0,0.24,0.008589,0
3.0,0.48,6.24259,3.0,0.48,0.010304,0
3.0,0.9,6.31032,3.0,0.9,0.013979,0
3.0,1.2,6.39112,3.0,1.2,0.016872,0
3.0,1.8,6.49207,3.0,1.8,0.023319,0
4.0,0.06,8.21438,4.0,0.06,0.007485,0
4.0,0.24,8.2373,4.0,0.24,0.008857,0
4.0,0.48,8.2659,4.0,0.48,0.010499,0
4.0,0.9,8.41213,4.0,0.9,0.014163,0
4.0,1.2,8.40946,4.0,1.2,0.017048,0
4.0,1.8,8.49138,4.0,1.8,0.023462,0
5.0,0.06,10.209,5.0,0.06,0.009407,0
5.0,0.24,10.2646,5.0,0.24,0.00895,0
5.0,0.48,10.4165,5.0,0.48,0.010723,0
5.0,0.9,10.4241,5.0,0.9,0.014411,0
5.0,1.2,10.4194,5.0,1.2,0.017258,0
5.0,1.8,10.5168,5.0,1.8,0.023638,0
0.1,0.06,0.285302,0.1,0.06,0.004682,0
0.1,0.24,0.281794,0.1,0.24,0.006144,0
0.1,0.48,0.284156,0.1,0.48,0.008719,0
0.1,0.9,0.292376,0.1,0.9,0.012508,0
0.1,1.2,0.292967,0.1,1.2,0.015897,0
0.1,1.8,0.309728,0.1,1.8,0.020966,0
0.5,0.06,1.42035,0.5,0.06,0.004615,0
0.5,0.24,1.40206,0.5,0.24,0.006144,0
0.5,0.48,1.41701,0.5,0.48,0.008362,0
0.5,0.9,1.39269,0.5,0.9,0.012338,0
0.5,1.2,1.39418,0.5,1.2,0.015448,0
0.5,1.8,1.38399,0.5,1.8,0.02077,0
1.2,0.06,3.39125,1.2,0.06,0.004484,0
1.2,0.24,3.36108,1.2,0.24,0.00608,0
1.2,0.48,3.36252,1.2,0.48,0.008191,0
1.2,0.9,3.40556,1.2,0.9,0.012214,0
1.2,1.2,3.35785,1.2,1.2,0.015258,0
1.2,1.8,3.34308,1.2,1.8,0.02061,0
3.0,0.06,8.34941,3.0,0.06,0.004262,0
3.0,0.24,8.44041,3.0,0.24,0.005768,0
3.0,0.48,8.36839,3.0,0.48,0.007847,0
3.0,0.9,8.57137,3.0,0.9,0.011927,0
3.0,1.2,8.46304,3.0,1.2,0.01493,0
13.055087202185193,6.248348225144993,62.08547260426451,14.9307737324501,5.480638463044233,47.981790373754,1
4.0,0.06,11.0797,4.0,0.06,0.004754,0
4.0,0.24,11.1211,4.0,0.24,0.00547,0
4.0,0.48,11.4675,4.0,0.48,0.007694,0
4.0,0.9,11.2367,4.0,0.9,0.011695,0
4.0,1.2,11.1092,4.0,1.2,0.014715,0
4.0,1.8,11.1325,4.0,1.8,0.020133,0
5.0,0.06,13.8617,5.0,0.06,0.003628,0
5.0,0.24,14.1699,5.0,0.24,0.005467,0
5.0,0.48,14.0803,5.0,0.48,0.00755,0
5.0,0.9,13.853,5.0,0.9,0.011538,0
5.0,1.2,14.176,5.0,1.2,0.014556,0
5.0,1.8,14.078,5.0,1.8,0.019953,0
0.1,0.06,0.285302,0.1,0.06,0.006203,0
0.1,0.24,0.281794,0.1,0.24,0.007875,0
0.1,0.48,0.284156,0.1,0.48,0.009579,0
0.1,0.9,0.292376,0.1,0.9,0.013329,0
0.1,1.2,0.292967,0.1,1.2,0.016283,0
0.1,1.8,0.309728,0.1,1.8,0.022669,0
0.5,0.06,1.42035,0.5,0.06,0.006527,0
0.5,0.24,1.40206,0.5,0.24,0.008033,0
0.5,0.48,1.41701,0.5,0.48,0.009741,0
0.5,0.9,1.39269,0.5,0.9,0.013457,0
0.5,1.2,1.39418,0.5,1.2,0.016345,0
0.5,1.8,1.38399,0.5,1.8,0.02276,0
1.2,0.06,3.39125,1.2,0.06,0.007012,0
0.55524996513801,0.0892100961044475,3.525402012902404,0.9130900430449406,0.6315778280065873,-0.2762394875986845,1
1.2,0.48,3.36252,1.2,0.48,0.00989,0
1.2,0.9,3.40556,1.2,0.9,0.013664,0
1.2,1.2,3.35785,1.2,1.2,0.016433,0
1.2,1.8,3.34308,1.2,1.8,0.022956,0
3.0,0.06,8.34941,3.0,0.06,0.006102,0
3.0,0.24,8.44041,3.0,0.24,0.008589,0
3.0,0.48,8.36839,3.0,0.48,0.010304,0
3.0,0.9,8.57137,3.0,0.9,0.013979,0
3.0,1.2,8.46304,3.0,1.2,0.016872,0
3.0,1.8,8.34263,3.0,1.8,0.023319,0
4.0,0.06,11.0797,4.0,0.06,0.007485,0
4.0,0.24,11.1211,4.0,0.24,0.008857,0
4.0,0.48,11.4675,4.0,0.48,0.010499,0
4.0,0.9,11.2367,4.0,0.9,0.014163,0
4.0,1.2,11.1092,4.0,1.2,0.017048,0
4.0,1.8,11.1325,4.0,1.8,0.023462,0
5.0,0.06,13.8617,5.0,0.06,0.009407,0
5.0,0.24,14.1699,5.0,0.24,0.00895,0
5.228177986566348,0.29646267699090845,13.632007229676404,5.2867237466776995,1.225836929400904,0.37313768674291586,1
5.0,0.9,13.853,5.0,0.9,0.014411,0
5.0,1.2,14.176,5.0,1.2,0.017258,0
5.0,1.8,14.078,5.0,1.8,0.023638,0
0.1,0.06,0.004682,0.1,0.06,0.006203,0
0.1,0.24,0.006144,0.1,0.24,0.007875,0
0.1,0.48,0.008719,0.1,0.48,0.009579,0
0.1,0.9,0.012508,0.1,0.9,0.013329,0
0.1,1.2,0.015897,0.1,1.2,0.016283,0
0.1,1.8,0.020966,0.1,1.8,0.022669,0
0.5,0.06,0.004615,0.5,0.06,0.006527,0
0.5,0.24,0.006144,0.5,0.24,0.008033,0
0.5,0.48,0.008362,0.5,0.48,0.009741,0
0.5,0.9,0.012338,0.5,0.9,0.013457,0
0.5,1.2,0.015448,0.5,1.2,0.016345,0
0.5,1.8,0.02077,0.5,1.8,0.02276,0
1.2,0.06,0.004484,1.2,0.06,0.007012,0
1.2,0.24,0.00608,1.2,0.24,0.008199,0
1.2,0.48,0.008191,1.2,0.48,0.00989,0
1.2,0.9,0.012214,1.2,0.9,0.013664,0
1.2,1.2,0.015258,1.2,1.2,0.016433,0
1.2,1.8,0.02061,1.2,1.8,0.022956,0
3.0,0.06,0.004262,3.0,0.06,0.006102,0
3.0,0.24,0.005768,3.0,0.24,0.008589,0
3.0,0.48,0.007847,3.0,0.48,0.010304,0
3.0,0.9,0.011927,3.0,0.9,0.013979,0
3.0,1.2,0.01493,3.0,1.2,0.016872,0
3.0,1.8,0.020292,3.0,1.8,0.023319,0
4.0,0.06,0.004754,4.0,0.06,0.007485,0
4.0,0.24,0.00547,4.0,0.24,0.008857,0
4.0,0.48,0.007694,4.0,0.48,0.010499,0
4.0,0.9,0.011695,4.0,0.9,0.014163,0
4.0,1.2,0.014715,4.0,1.2,0.017048,0
4.0,1.8,0.020133,4.0,1.8,0.023462,0
5.0,0.06,0.003628,5.0,0.06,0.009407,0
5.0,0.24,0.005467,5.0,0.24,0.00895,0
5.0,0.48,0.00755,5.0,0.48,0.010723,0
5.0,0.9,0.011538,5.0,0.9,0.014411,0
5.0,1.2,0.014556,5.0,1.2,0.017258,0
5.0,1.8,0.019953,5.0,1.8,0.023638,0
0.1,0.06,0.3572,0.1,0.06,0.472473,0
0.1,0.24,0.37782,0.1,0.24,0.470065,0
0.1,0.48,0.387085,0.1,0.48,0.471346,0
0.1,0.9,0.400728,0.1,0.9,0.482959,0
0.1,1.2,0.452873,0.1,1.2,0.479659,0
0.1,1.8,0.457164,0.1,1.8,0.508018,0
0.5,0.06,1.59814,0.5,0.06,2.3443,0
0.5,0.24,1.61498,0.5,0.24,2.3437,0
0.5,0.48,1.61779,0.5,0.48,2.33804,0
0.5,0.9,1.63608,0.5,0.9,2.33707,0
0.5,1.2,1.67507,0.5,1.2,2.33438,0
12.001221708012276,6.735504035794882,59.13074260149007,10.99779509289689,6.375198848690191,69.47488297492612,1
4.0,0.06,12.3909,4.0,0.06,18.5942,1
1.2,0.24,3.7737,1.2,0.24,5.63863,0
1.2,0.48,3.77602,1.2,0.48,5.60578,0
1.2,0.9,3.80845,1.2,0.9,5.59107,0
1.2,1.2,3.85016,1.2,1.2,5.6144,0
0.5,0.06,0.004615,0.5,0.06,0.006527,1
3.0,0.06,9.33653,3.0,0.06,14.0315,0
3.0,0.24,9.33184,3.0,0.24,14.0182,0
3.0,0.48,9.335,3.0,0.48,14.1076,0
3.0,0.9,9.35045,3.0,0.9,13.983,0
3.0,1.2,9.4339,3.0,1.2,13.9569,0
3.0,1.8,9.40808,3.0,1.8,14.0194,0
4.0,0.06,12.4476,4.0,0.06,18.6654,0
4.0,0.24,12.4303,4.0,0.24,18.6269,0
4.0,0.48,12.5204,4.0,0.48,18.6454,0
15.944770908686056,4.859403204643864,39.72695498189673,15.551049123539139,4.985651657318336,49.48168210105109,1
4.0,1.2,12.4497,4.0,1.2,18.6262,0
4.0,1.8,12.5295,4.0,1.8,18.6388,0
5.0,0.06,15.4766,5.0,0.06,23.3842,0
5.0,0.24,15.5757,5.0,0.24,23.3934,0
5.0,0.48,15.5196,5.0,0.48,23.3132,0
5.0,0.9,15.5936,5.0,0.9,23.4589,0
5.0,1.2,15.552,5.0,1.2,23.3756,0
5.0,1.8,15.5762,5.0,1.8,23.3871,0
0.1,0.06,0.3572,0.1,0.06,0.258583,0
0.1,0.24,0.37782,0.1,0.24,0.271786,0
0.1,0.48,0.387085,0.1,0.48,0.287018,0
0.1,0.9,0.400728,0.1,0.9,0.289097,0
0.1,1.2,0.452873,0.1,1.2,0.33492,0
0.1,1.8,0.457164,0.1,1.8,0.240161,0
0.5,0.06,1.59814,0.5,0.06,1.07725,0
0.5,0.24,1.61498,0.5,0.24,1.09174,0
0.5,0.48,1.61779,0.5,0.48,1.10157,0
0.5,0.9,1.63608,0.5,0.9,1.09939,0
0.5,1.2,1.67507,0.5,1.2,1.14185,0
0.5,1.8,1.68571,0.5,1.8,1.08862,0
1.2,0.06,3.75436,1.2,0.06,2.50529,0
1.2,0.24,3.7737,1.2,0.24,2.51115,0
1.2,0.48,3.77602,1.2,0.48,2.53369,0
1.2,0.9,3.80845,1.2,0.9,2.54961,0
1.2,1.2,3.85016,1.2,1.2,2.57539,0
1.2,1.8,3.84972,1.2,1.8,2.5071,0
3.0,0.06,9.33653,3.0,0.06,6.16458,0
3.0,0.24,9.33184,3.0,0.24,6.20332,0
3.0,0.48,9.335,3.0,0.48,6.18517,0
3.0,0.9,9.35045,3.0,0.9,6.18557,0
3.0,1.2,9.4339,3.0,1.2,6.24181,0
3.0,1.8,9.40808,3.0,1.8,6.20076,0
4.0,0.06,12.4476,4.0,0.06,8.193,0
4.0,0.24,12.4303,4.0,0.24,8.19572,0
4.0,0.48,12.5204,4.0,0.48,8.24322,0
4.0,0.9,12.4178,4.0,0.9,8.27559,0
4.0,1.2,12.4497,4.0,1.2,8.2643,0
4.0,1.8,12.5295,4.0,1.8,8.22462,0
5.0,0.06,15.4766,5.0,0.06,10.2258,0
5.0,0.24,15.5757,5.0,0.24,10.2798,0
5.0,0.48,15.5196,5.0,0.48,10.246,0
5.0,0.9,15.5936,5.0,0.9,10.2795,0
5.0,1.2,15.552,5.0,1.2,10.3186,0
5.0,1.8,15.5762,5.0,1.8,10.2514,0
0.1,0.06,0.3572,0.1,0.06,0.287335,0
0.1,0.24,0.37782,0.1,0.24,0.282561,0
0.1,0.48,0.387085,0.1,0.48,0.282662,0
0.1,0.9,0.400728,0.1,0.9,0.315208,0
0.1,1.2,0.452873,0.1,1.2,0.327363,0
0.1,1.8,0.457164,0.1,1.8,0.428092,0
0.5,0.06,1.59814,0.5,0.06,1.41431,0
0.5,0.24,1.61498,0.5,0.24,1.42359,0
0.5,0.48,1.61779,0.5,0.48,1.41657,0
0.5,0.9,1.63608,0.5,0.9,1.4087,0
0.5,1.2,1.67507,0.5,1.2,1.39209,0
0.5,1.8,1.68571,0.5,1.8,1.3963,0
1.2,0.06,3.75436,1.2,0.06,3.37376,0
1.2,0.24,3.7737,1.2,0.24,3.40701,0
1.2,0.48,3.77602,1.2,0.48,3.38407,0
1.2,0.9,3.80845,1.2,0.9,3.43229,0
1.2,1.2,3.85016,1.2,1.2,3.39407,0
1.2,1.8,3.84972,1.2,1.8,3.35023,0
3.0,0.06,9.33653,3.0,0.06,8.35112,0
3.0,0.24,9.33184,3.0,0.24,8.40562,0
3.0,0.48,9.335,3.0,0.48,8.39772,0
3.0,0.9,9.35045,3.0,0.9,8.50796,0
3.0,1.2,9.4339,3.0,1.2,8.37216,0
3.0,1.8,9.40808,3.0,1.8,8.49052,0
4.0,0.06,12.4476,4.0,0.06,11.1527,0
4.0,0.24,12.4303,4.0,0.24,11.1643,0
4.0,0.48,12.5204,4.0,0.48,11.1996,0
4.0,0.9,12.4178,4.0,0.9,11.1716,0
4.0,1.2,12.4497,4.0,1.2,11.1348,0
4.0,1.8,12.5295,4.0,1.8,11.1383,0
5.0,0.06,15.4766,5.0,0.06,13.9832,0
5.0,0.24,15.5757,5.0,0.24,13.9093,0
8.720512869654847,7.721959271973532,52.96301560731477,12.078449655144542,5.482297186246792,42.35681516722241,1
5.0,0.9,15.5936,5.0,0.9,14.1218,0
5.0,1.2,15.552,5.0,1.2,13.9322,0
5.0,1.8,15.5762,5.0,1.8,14.0978,0
0.1,0.06,0.3572,0.1,0.06,0.004413,0
0.1,0.24,0.37782,0.1,0.24,0.0068535,0
0.1,0.48,0.387085,0.1,0.48,0.0100575,0
0.1,0.9,0.400728,0.1,0.9,0.0151995,0
0.1,1.2,0.452873,0.1,1.2,0.0220105,0
0.1,1.8,0.457164,0.1,1.8,0.030312,0
11.022276333362207,4.8274370717125485,49.46304454303555,17.014167359277522,6.67987309668538,62.69327917188977,1
0.5,0.24,1.61498,0.5,0.24,0.006877,0
0.5,0.48,1.61779,0.5,0.48,0.0097595,0
0.5,0.9,1.63608,0.5,0.9,0.015234,0
0.5,1.2,1.67507,0.5,1.2,0.020747,0
0.5,1.8,1.68571,0.5,1.8,0.029978,0
1.2,0.06,3.75436,1.2,0.06,0.0047715,0
1.2,0.24,3.7737,1.2,0.24,0.0068185,0
1.2,0.48,3.77602,1.2,0.48,0.009678,0
1.2,0.9,3.80845,1.2,0.9,0.0152395,0
1.2,1.2,3.85016,1.2,1.2,0.020337,0
1.2,1.8,3.84972,1.2,1.8,0.0299575,0
3.0,0.06,9.33653,3.0,0.06,0.0040425,0
3.0,0.24,9.33184,3.0,0.24,0.006626,0
3.0,0.48,9.335,3.0,0.48,0.009605,0
3.0,0.9,9.35045,3.0,0.9,0.015157,0
3.0,1.2,9.4339,3.0,1.2,0.020059,0
3.0,1.8,9.40808,3.0,1.8,0.0298875,0
4.0,0.06,12.4476,4.0,0.06,0.004535,0
3.0,0.24,13.9051,3.0,0.24,0.008589,1
4.0,0.48,12.5204,4.0,0.48,0.009469,0
4.0,0.9,12.4178,4.0,0.9,0.015032,0
4.0,1.2,12.4497,4.0,1.2,0.0198725,0
4.0,1.8,12.5295,4.0,1.8,0.02971,0
5.0,0.06,15.4766,5.0,0.06,0.005255,0
5.0,0.24,15.5757,5.0,0.24,0.0066705,0
5.0,0.48,15.5196,5.0,0.48,0.0093395,0
5.0,0.9,15.5936,5.0,0.9,0.0149735,0
5.0,1.2,15.552,5.0,1.2,0.01991,0
5.0,1.8,15.5762,5.0,1.8,0.029709,0
0.1,0.06,0.3572,0.1,0.06,0.005675,0
0.1,0.24,0.37782,0.1,0.24,0.0080135,0
0.1,0.48,0.387085,0.1,0.48,0.0118135,0
1.2,0.24,2.78973,1.2,0.24,1.66171,1
0.1,1.2,0.452873,0.1,1.2,0.0227755,0
0.1,1.8,0.457164,0.1,1.8,0.02697,0
0.5,0.06,1.59814,0.5,0.06,0.00541,0
3.0,0.9,13.9781,3.0,0.9,6.25146,1
0.5,0.48,1.61779,0.5,0.48,0.011488,0
0.5,0.9,1.63608,0.5,0.9,0.016416,0
0.5,1.2,1.67507,0.5,1.2,0.0226675,0
0.5,1.8,1.68571,0.5,1.8,0.027236,0
1.2,0.06,3.75436,1.2,0.06,0.0053085,0
1.2,0.24,3.7737,1.2,0.24,0.0080945,0
1.2,0.48,3.77602,1.2,0.48,0.0115335,0
1.2,0.9,3.80845,1.2,0.9,0.016442,0
1.2,1.2,3.85016,1.2,1.2,0.0222065,0
1.2,1.8,3.84972,1.2,1.8,0.0272515,0
3.0,0.06,9.33653,3.0,0.06,0.00531,0
3.0,0.24,9.33184,3.0,0.24,0.0082055,0
3.0,0.48,9.335,3.0,0.48,0.01147,0
3.0,0.9,9.35045,3.0,0.9,0.0163105,0
3.0,1.2,9.4339,3.0,1.2,0.022169,0
3.0,1.8,9.40808,3.0,1.8,0.026886,0
4.0,0.06,12.4476,4.0,0.06,0.006458,0
4.0,0.24,12.4303,4.0,0.24,0.0079215,0
4.0,0.48,12.5204,4.0,0.48,0.0115015,0
4.0,0.9,12.4178,4.0,0.9,0.016324,0
4.0,1.2,12.4497,4.0,1.2,0.022034,0
4.0,1.8,12.5295,4.0,1.8,0.026779,0
5.0,0.06,15.4766,5.0,0.06,0.0057255,0
5.0,0.24,15.5757,5.0,0.24,0.007952,0
5.0,0.48,15.5196,5.0,0.48,0.0114505,0
5.0,0.9,15.5936,5.0,0.9,0.0163585,0
5.0,1.2,15.552,5.0,1.2,0.0220345,0
5.0,1.8,15.5762,5.0,1.8,0.0266845,0
0.1,0.06,0.472473,0.1,0.06,0.258583,0
0.1,0.24,0.470065,0.1,0.24,0.271786,0
0.1,0.48,0.471346,0.1,0.48,0.287018,0
0.1,0.9,0.482959,0.1,0.9,0.289097,0
0.1,1.2,0.479659,0.1,1.2,0.33492,0
0.1,1.8,0.508018,0.1,1.8,0.240161,0
0.5,0.06,2.3443,0.5,0.06,1.07725,0
0.5,0.24,2.3437,0.5,0.24,1.09174,0
0.5,0.48,2.33804,0.5,0.48,1.10157,0
0.5,0.9,2.33707,0.5,0.9,1.09939,0
0.5,1.2,2.33438,0.5,1.2,1.14185,0
0.5,1.8,2.33675,0.5,1.8,1.08862,0
1.2,0.06,5.60565,1.2,0.06,2.50529,0
1.2,0.24,5.63863,1.2,0.24,2.51115,0
1.2,0.48,5.60578,1.2,0.48,2.53369,0
1.2,0.9,5.59107,1.2,0.9,2.54961,0
1.2,1.2,5.6144,1.2,1.2,2.57539,0
1.2,1.8,5.58197,1.2,1.8,2.5071,0
3.0,0.06,14.0315,3.0,0.06,6.16458,0
3.0,0.24,14.0182,3.0,0.24,6.20332,0
3.0,0.48,14.1076,3.0,0.48,6.18517,0
3.0,0.9,13.983,3.0,0.9,6.18557,0
3.0,1.2,13.9569,3.0,1.2,6.24181,0
3.0,1.8,14.0194,3.0,1.8,6.20076,0
4.0,0.06,18.6654,4.0,0.06,8.193,0
4.0,0.24,18.6269,4.0,0.24,8.19572,0
4.0,0.48,18.6454,4.0,0.48,8.24322,0
4.0,0.9,18.7548,4.0,0.9,8.27559,0
4.0,1.2,18.6262,4.0,1.2,8.2643,0
4.0,1.8,18.6388,4.0,1.8,8.22462,0
5.0,0.06,23.3842,5.0,0.06,10.2258,0
5.0,0.24,23.3934,5.0,0.24,10.2798,0
5.0,0.48,23.3132,5.0,0.48,10.246,0
5.0,0.9,23.4589,5.0,0.9,10.2795,0
5.0,1.2,23.3756,5.0,1.2,10.3186,0
5.0,1.8,23.3871,5.0,1.8,10.2514,0
0.1,0.06,0.472473,0.1,0.06,0.287335,0
0.1,0.24,0.470065,0.1,0.24,0.282561,0
0.1,0.48,0.471346,0.1,0.48,0.282662,0
0.1,0.9,0.482959,0.1,0.9,0.315208,0
0.1,1.2,0.479659,0.1,1.2,0.327363,0
0.1,1.8,0.508018,0.1,1.8,0.428092,0
0.5,0.06,2.3443,0.5,0.06,1.41431,0
0.5,0.24,2.3437,0.5,0.24,1.42359,0
0.5,0.48,2.33804,0.5,0.48,1.41657,0
0.5,0.9,2.33707,0.5,0.9,1.4087,0
0.5,1.2,2.33438,0.5,1.2,1.39209,0
0.5,1.8,2.33675,0.5,1.8,1.3963,0
1.2,0.06,5.60565,1.2,0.06,3.37376,0
1.2,0.24,5.63863,1.2,0.24,3.40701,0
1.2,0.48,5.60578,1.2,0.48,3.38407,0
1.2,0.9,5.59107,1.2,0.9,3.43229,0
1.2,1.2,5.6144,1.2,1.2,3.39407,0
1.2,1.8,5.58197,1.2,1.8,3.35023,0
3.0,0.06,14.0315,3.0,0.06,8.35112,0
3.0,0.24,14.0182,3.0,0.24,8.40562,0
3.0,0.48,14.1076,3.0,0.48,8.39772,0
3.0,0.9,13.983,3.0,0.9,8.50796,0
3.0,1.2,13.9569,3.0,1.2,8.37216,0
3.0,1.8,14.0194,3.0,1.8,8.49052,0
4.0,0.06,18.6654,4.0,0.06,11.1527,0
4.0,0.24,18.6269,4.0,0.24,11.1643,0
4.0,0.48,18.6454,4.0,0.48,11.1996,0
4.0,0.9,18.7548,4.0,0.9,11.1716,0
3.5920452324257237,0.623146838184818,18.87451730748995,4.317550005798963,1.4000848026002486,10.127768362881119,1
4.0,1.8,18.6388,4.0,1.8,11.1383,0
5.0,0.06,23.3842,5.0,0.06,13.9832,0
5.0,0.24,23.3934,5.0,0.24,13.9093,0
5.0,0.48,23.3132,5.0,0.48,14.0346,0
5.0,0.9,23.4589,5.0,0.9,14.1218,0
5.0,1.2,23.3756,5.0,1.2,13.9322,0
5.0,1.8,23.3871,5.0,1.8,14.0978,0
0.1,0.06,0.472473,0.1,0.06,0.004413,0
0.1,0.24,0.470065,0.1,0.24,0.0068535,0
4.0,1.8,11.2132,4.0,1.8,0.023803,1
0.1,0.9,0.482959,0.1,0.9,0.0151995,0
0.1,1.2,0.479659,0.1,1.2,0.0220105,0
0.1,1.8,0.508018,0.1,1.8,0.030312,0
0.5,0.06,2.3443,0.5,0.06,0.004576,0
0.5,0.24,2.3437,0.5,0.24,0.006877,0
0.5,0.48,2.33804,0.5,0.48,0.0097595,0
0.5,0.9,2.33707,0.5,0.9,0.015234,0
0.5,1.2,2.33438,0.5,1.2,0.020747,0
0.5,1.8,2.33675,0.5,1.8,0.029978,0
1.2,0.06,5.60565,1.2,0.06,0.0047715,0
1.2,0.24,5.63863,1.2,0.24,0.0068185,0
1.2,0.48,5.60578,1.2,0.48,0.009678,0
1.2,0.9,5.59107,1.2,0.9,0.0152395,0
1.2,1.2,5.6144,1.2,1.2,0.020337,0
1.2,1.8,5.58197,1.2,1.8,0.0299575,0
3.0,0.06,14.0315,3.0,0.06,0.0040425,0
3.0,0.24,14.0182,3.0,0.24,0.006626,0
3.0,0.48,14.1076,3.0,0.48,0.009605,0
3.0,0.9,13.983,3.0,0.9,0.015157,0
3.0,1.2,13.9569,3.0,1.2,0.020059,0
3.0,1.8,14.0194,3.0,1.8,0.0298875,0
4.17087696035677,-0.5891629698344514,17.404976496713633,4.074404380839795,-0.046963233175582694,-0.48393786969094105,1
4.0,0.24,18.6269,4.0,0.24,0.006567,0
4.0,0.48,18.6454,4.0,0.48,0.009469,0
4.0,0.9,18.7548,4.0,0.9,0.015032,0
4.0,1.2,18.6262,4.0,1.2,0.0198725,0
4.0,1.8,18.6388,4.0,1.8,0.02971,0
5.0,0.06,23.3842,5.0,0.06,0.005255,0
5.0,0.24,23.3934,5.0,0.24,0.0066705,0
5.0,0.48,23.3132,5.0,0.48,0.0093395,0
5.0,0.9,23.4589,5.0,0.9,0.0149735,0
5.0,1.2,23.3756,5.0,1.2,0.01991,0
5.0,1.8,23.3871,5.0,1.8,0.029709,0
0.1,0.06,0.472473,0.1,0.06,0.005675,0
0.1,0.24,0.470065,0.1,0.24,0.0080135,0
0.1,0.48,0.471346,0.1,0.48,0.0118135,0
0.1,0.9,0.482959,0.1,0.9,0.0164285,0
0.1,1.2,0.479659,0.1,1.2,0.0227755,0
0.1,1.8,0.508018,0.1,1.8,0.02697,0
0.5,0.06,2.3443,0.5,0.06,0.00541,0
0.5,0.24,2.3437,0.5,0.24,0.007904,0
0.5,0.48,2.33804,0.5,0.48,0.011488,0
0.5,0.9,2.33707,0.5,0.9,0.016416,0
0.5,1.2,2.33438,0.5,1.2,0.0226675,0
0.5,1.8,2.33675,0.5,1.8,0.027236,0
1.2,0.06,5.60565,1.2,0.06,0.0053085,0
1.2,0.24,5.63863,1.2,0.24,0.0080945,0
1.2,0.48,5.60578,1.2,0.48,0.0115335,0
1.2,0.9,5.59107,1.2,0.9,0.016442,0
1.2,1.2,5.6144,1.2,1.2,0.0222065,0
1.2,1.8,5.58197,1.2,1.8,0.0272515,0
3.0,0.06,14.0315,3.0,0.06,0.00531,0
3.0,0.24,14.0182,3.0,0.24,0.0082055,0
3.0,0.48,14.1076,3.0,0.48,0.01147,0
3.0,0.9,13.983,3.0,0.9,0.0163105,0
3.0,1.2,13.9569,3.0,1.2,0.022169,0
3.0,1.8,14.0194,3.0,1.8,0.026886,0
4.0,0.06,18.6654,4.0,0.06,0.006458,0
4.0,0.24,18.6269,4.0,0.24,0.0079215,0
4.0,0.48,18.6454,4.0,0.48,0.0115015,0
4.0,0.9,18.7548,4.0,0.9,0.016324,0
4.0,1.2,18.6262,4.0,1.2,0.022034,0
4.0,1.8,18.6388,4.0,1.8,0.026779,0
5.0,0.06,23.3842,5.0,0.06,0.0057255,0
5.0,0.24,23.3934,5.0,0.24,0.007952,0
5.0,0.48,23.3132,5.0,0.48,0.0114505,0
5.0,0.9,23.4589,5.0,0.9,0.0163585,0
5.0,1.2,23.3756,5.0,1.2,0.0220345,0
5.0,1.8,23.3871,5.0,1.8,0.0266845,0
0.1,0.06,0.258583,0.1,0.06,0.287335,0
0.1,0.24,0.271786,0.1,0.24,0.282561,0
0.1,0.48,0.287018,0.1,0.48,0.282662,0
0.1,0.9,0.289097,0.1,0.9,0.315208,0
0.1,1.2,0.33492,0.1,1.2,0.327363,0
0.1,1.8,0.240161,0.1,1.8,0.428092,0
0.5,0.06,1.07725,0.5,0.06,1.41431,0
0.5,0.24,1.09174,0.5,0.24,1.42359,0
0.5,0.48,1.10157,0.5,0.48,1.41657,0
0.5,0.9,1.09939,0.5,0.9,1.4087,0
0.5,1.2,1.14185,0.5,1.2,1.39209,0
0.5,1.8,1.08862,0.5,1.8,1.3963,0
1.2,0.06,2.50529,1.2,0.06,3.37376,0
1.2,0.24,2.51115,1.2,0.24,3.40701,0
1.2,0.48,2.53369,1.2,0.48,3.38407,0
1.2,0.9,2.54961,1.2,0.9,3.43229,0
1.2,1.2,2.57539,1.2,1.2,3.39407,0
1.2,1.8,2.5071,1.2,1.8,3.35023,0
3.0,0.06,6.16458,3.0,0.06,8.35112,0
3.0,0.24,6.20332,3.0,0.24,8.40562,0
3.0,0.48,6.18517,3.0,0.48,8.39772,0
3.0,0.9,6.18557,3.0,0.9,8.50796,0
3.0,1.2,6.24181,3.0,1.2,8.37216,0
3.0,1.8,6.20076,3.0,1.8,8.49052,0
4.0,0.06,8.193,4.0,0.06,11.1527,0
4.0,0.24,8.19572,4.0,0.24,11.1643,0
4.0,0.48,8.24322,4.0,0.48,11.1996,0
4.0,0.9,8.27559,4.0,0.9,11.1716,0
4.0,1.2,8.2643,4.0,1.2,11.1348,0
4.0,1.8,8.22462,4.0,1.8,11.1383,0
5.0,0.06,10.2258,5.0,0.06,13.9832,0
5.0,0.24,10.2798,5.0,0.24,13.9093,0
5.0,0.48,10.246,5.0,0.48,14.0346,0
5.0,0.9,10.2795,5.0,0.9,14.1218,0
5.0,1.2,10.3186,5.0,1.2,13.9322,0
5.0,1.8,10.2514,5.0,1.8,14.0978,0
0.1,0.06,0.258583,0.1,0.06,0.004413,0
0.1,0.24,0.271786,0.1,0.24,0.0068535,0
0.1,0.48,0.287018,0.1,0.48,0.0100575,0
0.1,0.9,0.289097,0.1,0.9,0.0151995,0
13.700994777220563,7.162737637694345,41.8016679435232,16.486956024989894,7.1040944001357165,42.20808203728895,1
0.1,1.8,0.240161,0.1,1.8,0.030312,0
0.5,0.06,1.07725,0.5,0.06,0.004576,0
0.5,0.24,1.09174,0.5,0.24,0.006877,0
0.5,0.48,1.10157,0.5,0.48,0.0097595,0
0.5,0.9,1.09939,0.5,0.9,0.015234,0
0.5,1.2,1.14185,0.5,1.2,0.020747,0
0.5,1.8,1.08862,0.5,1.8,0.029978,0
1.2,0.06,2.50529,1.2,0.06,0.0047715,0
1.2,0.24,2.51115,1.2,0.24,0.0068185,0
1.2,0.48,2.53369,1.2,0.48,0.009678,0
1.2,0.9,2.54961,1.2,0.9,0.0152395,0
1.2,1.2,2.57539,1.2,1.2,0.020337,0
1.2,1.8,2.5071,1.2,1.8,0.0299575,0
3.0,0.06,6.16458,3.0,0.06,0.0040425,0
3.0,0.24,6.20332,3.0,0.24,0.006626,0
3.0,0.48,6.18517,3.0,0.48,0.009605,0
3.0,0.9,6.18557,3.0,0.9,0.015157,0
3.0,1.2,6.24181,3.0,1.2,0.020059,0
3.0,1.8,6.20076,3.0,1.8,0.0298875,0
4.0,0.06,8.193,4.0,0.06,0.004535,0
4.0,0.24,8.19572,4.0,0.24,0.006567,0
4.0,0.48,8.24322,4.0,0.48,0.009469,0
4.0,0.9,8.27559,4.0,0.9,0.015032,0
4.0,1.2,8.2643,4.0,1.2,0.0198725,0
4.0,1.8,8.22462,4.0,1.8,0.02971,0
5.0,0.06,10.2258,5.0,0.06,0.005255,0
5.0,0.24,10.2798,5.0,0.24,0.0066705,0
5.0,0.48,10.246,5.0,0.48,0.0093395,0
5.0,0.9,10.2795,5.0,0.9,0.0149735,0
5.0,1.2,10.3186,5.0,1.2,0.01991,0
5.0,1.8,10.2514,5.0,1.8,0.029709,0
0.5,0.48,1.17054,0.5,0.48,0.007797,1
0.1,0.24,0.271786,0.1,0.24,0.0080135,0
0.1,0.48,0.287018,0.1,0.48,0.0118135,0
0.1,0.9,0.289097,0.1,0.9,0.0164285,0
0.1,1.2,0.33492,0.1,1.2,0.0227755,0
0.1,1.8,0.240161,0.1,1.8,0.02697,0
0.5,0.06,1.07725,0.5,0.06,0.00541,0
0.5,0.24,1.09174,0.5,0.24,0.007904,0
0.5,0.48,1.10157,0.5,0.48,0.011488,0
0.5,0.9,1.09939,0.5,0.9,0.016416,0
0.5,1.2,1.14185,0.5,1.2,0.0226675,0
3.0,0.24,6.25308,3.0,0.24,0.008496,1
1.2,0.06,2.50529,1.2,0.06,0.0053085,0
1.2,0.24,2.51115,1.2,0.24,0.0080945,0
1.2,0.48,2.53369,1.2,0.48,0.0115335,0
1.2,0.9,2.54961,1.2,0.9,0.016442,0
1.2,1.2,2.57539,1.2,1.2,0.0222065,0
1.2,1.8,2.5071,1.2,1.8,0.0272515,0
3.0,0.06,6.16458,3.0,0.06,0.00531,0
3.0,0.24,6.20332,3.0,0.24,0.0082055,0
2.511689842068222,0.5601344287087884,5.973253230896758,2.617194421484906,0.8470531679036244,-0.7573839042650012,1
3.0,0.9,6.18557,3.0,0.9,0.0163105,0
3.0,1.2,6.24181,3.0,1.2,0.022169,0
3.0,1.8,6.20076,3.0,1.8,0.026886,0
4.0,0.06,8.193,4.0,0.06,0.006458,0
4.0,0.24,8.19572,4.0,0.24,0.0079215,0
4.0,0.48,8.24322,4.0,0.48,0.0115015,0
4.0,0.9,8.27559,4.0,0.9,0.016324,0
4.0,1.2,8.2643,4.0,1.2,0.022034,0
4.0,1.8,8.22462,4.0,1.8,0.026779,0
5.0,0.06,10.2258,5.0,0.06,0.0057255,0
5.0,0.24,10.2798,5.0,0.24,0.007952,0
5.0,0.48,10.246,5.0,0.48,0.0114505,0
5.0,0.9,10.2795,5.0,0.9,0.0163585,0
5.0,1.2,10.3186,5.0,1.2,0.0220345,0
5.0,1.8,10.2514,5.0,1.8,0.0266845,0
0.83322119559429,-0.6446078990122568,-0.478964117298881,0.23465309478116908,0.6347436820051842,-0.7827578588659815,1
0.1,0.24,0.282561,0.1,0.24,0.0068535,0
0.1,0.48,0.282662,0.1,0.48,0.0100575,0
0.1,0.9,0.315208,0.1,0.9,0.0151995,0
0.1,1.2,0.327363,0.1,1.2,0.0220105,0
0.1,1.8,0.428092,0.1,1.8,0.030312,0
0.5,0.06,1.41431,0.5,0.06,0.004576,0
0.5,0.24,1.42359,0.5,0.24,0.006877,0
0.5,0.48,1.41657,0.5,0.48,0.0097595,0
0.5,0.9,1.4087,0.5,0.9,0.015234,0
0.5,1.2,1.39209,0.5,1.2,0.020747,0
0.5,1.8,1.3963,0.5,1.8,0.029978,0
1.2,0.06,3.37376,1.2,0.06,0.0047715,0
1.2,0.24,3.40701,1.2,0.24,0.0068185,0
1.2,0.48,3.38407,1.2,0.48,0.009678,0
1.2,0.9,3.43229,1.2,0.9,0.0152395,0
1.2,1.2,3.39407,1.2,1.2,0.020337,0
1.2,1.8,3.35023,1.2,1.8,0.0299575,0
3.0,0.06,8.35112,3.0,0.06,0.0040425,0
3.0,0.24,8.40562,3.0,0.24,0.006626,0
0.1,0.48,0.474208,0.1,0.48,0.301969,1
3.0,0.9,8.50796,3.0,0.9,0.015157,0
3.0,1.2,8.37216,3.0,1.2,0.020059,0
3.0,1.8,8.49052,3.0,1.8,0.0298875,0
4.0,0.06,11.1527,4.0,0.06,0.004535,0
4.0,0.24,11.1643,4.0,0.24,0.006567,0
4.0,0.48,11.1996,4.0,0.48,0.009469,0
4.0,0.9,11.1716,4.0,0.9,0.015032,0
4.0,1.2,11.1348,4.0,1.2,0.0198725,0
4.0,1.8,11.1383,4.0,1.8,0.02971,0
5.0,0.06,13.9832,5.0,0.06,0.005255,0
5.0,0.24,13.9093,5.0,0.24,0.0066705,0
5.0,0.48,14.0346,5.0,0.48,0.0093395,0
5.0,0.9,14.1218,5.0,0.9,0.0149735,0
5.0,1.2,13.9322,5.0,1.2,0.01991,0
5.0,1.8,14.0978,5.0,1.8,0.029709,0
0.1,0.06,0.287335,0.1,0.06,0.005675,0
0.1,0.24,0.282561,0.1,0.24,0.0080135,0
0.1,0.48,0.282662,0.1,0.48,0.0118135,0
0.1,0.9,0.315208,0.1,0.9,0.0164285,0
0.1,1.2,0.327363,0.1,1.2,0.0227755,0
0.1,1.8,0.428092,0.1,1.8,0.02697,0
0.5,0.06,1.41431,0.5,0.06,0.00541,0
0.5,0.24,1.42359,0.5,0.24,0.007904,0
0.5,0.48,1.41657,0.5,0.48,0.011488,0
0.5,0.9,1.4087,0.5,0.9,0.016416,0
0.5,1.2,1.39209,0.5,1.2,0.0226675,0
0.5,1.8,1.3963,0.5,1.8,0.027236,0
1.2,0.06,3.37376,1.2,0.06,0.0053085,0
1.2,0.24,3.40701,1.2,0.24,0.0080945,0
1.2,0.48,3.38407,1.2,0.48,0.0115335,0
1.2,0.9,3.43229,1.2,0.9,0.016442,0
1.2,1.2,3.39407,1.2,1.2,0.0222065,0
1.2,1.8,3.35023,1.2,1.8,0.0272515,0
3.0,0.06,8.35112,3.0,0.06,0.00531,0
3.0,0.24,8.40562,3.0,0.24,0.0082055,0
3.0,0.48,8.39772,3.0,0.48,0.01147,0
3.0,0.9,8.50796,3.0,0.9,0.0163105,0
3.0,1.2,8.37216,3.0,1.2,0.022169,0
3.0,1.8,8.49052,3.0,1.8,0.026886,0
4.0,0.06,11.1527,4.0,0.06,0.006458,0
4.0,0.24,11.1643,4.0,0.24,0.0079215,0
4.0,0.48,11.1996,4.0,0.48,0.0115015,0
4.0,0.9,11.1716,4.0,0.9,0.016324,0
4.0,1.2,11.1348,4.0,1.2,0.022034,0
4.0,1.8,11.1383,4.0,1.8,0.026779,0
5.0,0.06,13.9832,5.0,0.06,0.0057255,0
5.0,0.24,13.9093,5.0,0.24,0.007952,0
5.0,0.48,14.0346,5.0,0.48,0.0114505,0
5.0,0.9,14.1218,5.0,0.9,0.0163585,0
5.0,1.2,13.9322,5.0,1.2,0.0220345,0
5.0,1.8,14.0978,5.0,1.8,0.0266845,0
0.1,0.06,0.004413,0.1,0.06,0.005675,0
0.1,0.24,0.0068535,0.1,0.24,0.0080135,0
0.1,0.48,0.0100575,0.1,0.48,0.0118135,0
0.1,0.9,0.0151995,0.1,0.9,0.0164285,0
0.1,1.2,0.0220105,0.1,1.2,0.0227755,0
0.1,1.8,0.030312,0.1,1.8,0.02697,0
0.5,0.06,0.004576,0.5,0.06,0.00541,0
0.308591259506625,-0.06304191610982934,-0.23646116144079837,0.971798888136473,0.5932527317736264,-0.0016570899268537418,1
0.5,0.48,0.0097595,0.5,0.48,0.011488,0
0.5,0.9,0.015234,0.5,0.9,0.016416,0
9.632743689005423,6.2709766252420955,70.37648243619788,10.625260250508727,7.483313862792981,36.915787736453595,1
0.5,1.8,0.029978,0.5,1.8,0.027236,0
1.2,0.06,0.0047715,1.2,0.06,0.0053085,0
1.2,0.24,0.0068185,1.2,0.24,0.0080945,0
1.2,0.48,0.009678,1.2,0.48,0.0115335,0
1.2,0.9,0.0152395,1.2,0.9,0.016442,0
1.2,1.2,0.020337,1.2,1.2,0.0222065,0
1.2,1.8,0.0299575,1.2,1.8,0.0272515,0
3.0,0.06,0.0040425,3.0,0.06,0.00531,0
3.0,0.24,0.006626,3.0,0.24,0.0082055,0
3.0,0.48,0.009605,3.0,0.48,0.01147,0
3.0,0.9,0.015157,3.0,0.9,0.0163105,0
3.0,1.2,0.020059,3.0,1.2,0.022169,0
3.0,1.8,0.0298875,3.0,1.8,0.026886,0
4.0,0.06,0.004535,4.0,0.06,0.006458,0
4.0,0.24,0.006567,4.0,0.24,0.0079215,0
4.0,0.48,0.009469,4.0,0.48,0.0115015,0
4.0,0.9,0.015032,4.0,0.9,0.016324,0
4.0,1.2,0.0198725,4.0,1.2,0.022034,0
4.0,1.8,0.02971,4.0,1.8,0.026779,0
5.0,0.06,0.005255,5.0,0.06,0.0057255,0
5.0,0.24,0.0066705,5.0,0.24,0.007952,0
5.0,0.48,0.0093395,5.0,0.48,0.0114505,0
5.0,0.9,0.0149735,5.0,0.9,0.0163585,0
5.0,1.2,0.01991,5.0,1.2,0.0220345,0
5.0,1.8,0.029709,5.0,1.8,0.0266845,0
0.1,0.06,0.334383,0.1,0.06,0.477629,0
0.1,0.24,0.393448,0.1,0.24,0.479545,0
0.1,0.48,0.45418,0.1,0.48,0.539727,0
0.1,0.9,0.604365,0.1,0.9,0.682033,0
0.1,1.2,0.638118,0.1,1.2,0.834183,0
0.1,1.8,0.748958,0.1,1.8,1.10616,0
0.5,0.06,1.62606,0.5,0.06,2.49702,0
0.5,0.24,1.6654,0.5,0.24,2.38841,0
0.5,0.48,1.71243,0.5,0.48,2.39208,0
0.5,0.9,1.81437,0.5,0.9,2.39745,0
0.5,1.2,1.89783,0.5,1.2,2.40852,0
0.5,1.8,2.13072,0.5,1.8,2.42038,0
1.2,0.06,3.73565,1.2,0.06,5.79428,0
1.2,0.24,3.91559,1.2,0.24,5.97913,0
1.2,0.48,3.97082,1.2,0.48,5.94216,0
1.2,0.9,3.98366,1.2,0.9,5.69444,0
1.2,1.2,4.05198,1.2,1.2,5.72805,0
1.2,1.8,4.32785,1.2,1.8,5.70293,0
3.0,0.06,9.40932,3.0,0.06,14.1067,0
3.0,0.24,9.35947,3.0,0.24,14.0169,0
3.0,0.48,9.46643,3.0,0.48,14.2468,0
3.0,0.9,9.62729,3.0,0.9,14.105,0
3.0,1.2,9.6605,3.0,1.2,13.9925,0
3.0,1.8,9.91743,3.0,1.8,14.3495,0
4.0,0.06,12.3915,4.0,0.06,18.6078,0
4.0,0.24,12.4928,4.0,0.24,18.701,0
4.0,0.48,12.7275,4.0,0.48,18.6639,0
4.0,0.9,12.5854,4.0,0.9,18.6772,0
4.0,1.2,12.7546,4.0,1.2,18.7093,0
4.0,1.8,13.0727,4.0,1.8,18.7033,0
5.0,0.06,15.6344,5.0,0.06,23.3869,0
5.0,0.24,15.6332,5.0,0.24,23.6298,0
5.0,0.48,15.606,5.0,0.48,23.6304,0
5.0,0.9,15.8558,5.0,0.9,23.3037,0
5.0,1.2,15.9272,5.0,1.2,23.5863,0
5.0,1.8,15.9997,5.0,1.8,23.5191,0
0.1,0.06,0.334383,0.1,0.06,0.22935,0
0.1,0.24,0.393448,0.1,0.24,0.275929,0
0.1,0.48,0.45418,0.1,0.48,0.334965,0
0.1,0.9,0.604365,0.1,0.9,0.421486,0
0.1,1.2,0.638118,0.1,1.2,0.410956,0
0.1,1.8,0.748958,0.1,1.8,0.39748,0
0.5,0.06,1.62606,0.5,0.06,1.04769,0
0.5,0.24,1.6654,0.5,0.24,1.08554,0
0.5,0.48,1.71243,0.5,0.48,1.14096,0
0.5,0.9,1.81437,0.5,0.9,1.26429,0
0.5,1.2,1.89783,0.5,1.2,1.32763,0
0.5,1.8,2.13072,0.5,1.8,1.50442,0
1.2,0.06,3.73565,1.2,0.06,2.49802,0
1.2,0.24,3.91559,1.2,0.24,2.5366,0
1.2,0.48,3.97082,1.2,0.48,2.57668,0
1.2,0.9,3.98366,1.2,0.9,2.73311,0
1.2,1.2,4.05198,1.2,1.2,2.76487,0
1.2,1.8,4.32785,1.2,1.8,2.93339,0
3.0,0.06,9.40932,3.0,0.06,6.35254,0
3.0,0.24,9.35947,3.0,0.24,6.2449,0
3.0,0.48,9.46643,3.0,0.48,6.26764,0
3.0,0.9,9.62729,3.0,0.9,6.55435,0
3.0,1.2,9.6605,3.0,1.2,6.53614,0
3.0,1.8,9.91743,3.0,1.8,6.58844,0
4.0,0.06,12.3915,4.0,0.06,8.23454,0
4.0,0.24,12.4928,4.0,0.24,8.2732,0
4.0,0.48,12.7275,4.0,0.48,8.25565,0
4.0,0.9,12.5854,4.0,0.9,8.4519,0
4.0,1.2,12.7546,4.0,1.2,8.55787,0
4.0,1.8,13.0727,4.0,1.8,8.71878,0
5.0,0.06,15.6344,5.0,0.06,10.2711,0
5.0,0.24,15.6332,5.0,0.24,10.2719,0
5.0,0.48,15.606,5.0,0.48,10.3748,0
5.0,0.9,15.8558,5.0,0.9,10.5095,0
5.0,1.2,15.9272,5.0,1.2,10.4723,0
5.0,1.8,15.9997,5.0,1.8,10.829,0
0.1,0.06,0.334383,0.1,0.06,0.301773,0
0.1,0.24,0.393448,0.1,0.24,0.293864,0
0.1,0.48,0.45418,0.1,0.48,0.373412,0
0.1,0.9,0.604365,0.1,0.9,0.516827,0
0.1,1.2,0.638118,0.1,1.2,0.669943,0
0.1,1.8,0.748958,0.1,1.8,0.886485,0
0.5,0.06,1.62606,0.5,0.06,1.50247,0
0.5,0.24,1.6654,0.5,0.24,1.51392,0
13.511536879795933,6.538201232397681,59.807681845125565,16.538443882326728,6.30376276211312,40.91770999209056,1
0.5,0.9,1.81437,0.5,0.9,1.4841,0
0.5,1.2,1.89783,0.5,1.2,1.46207,0
0.5,1.8,2.13072,0.5,1.8,1.57439,0
1.2,0.06,3.73565,1.2,0.06,3.46148,0
1.2,0.24,3.91559,1.2,0.24,3.50915,0
1.2,0.48,3.97082,1.2,0.48,3.52562,0
1.2,0.9,3.98366,1.2,0.9,3.44279,0
1.2,1.2,4.05198,1.2,1.2,3.41583,0
1.2,1.8,4.32785,1.2,1.8,3.41243,0
3.0,0.06,9.40932,3.0,0.06,8.93684,0
2.6742787250681594,-0.693350293401971,9.147170916988928,3.1988187508881394,0.00863167600183104,8.39724582953745,1
3.0,0.48,9.46643,3.0,0.48,8.50691,0
3.0,0.9,9.62729,3.0,0.9,9.03313,0
3.0,1.2,9.6605,3.0,1.2,8.65716,0
3.0,1.8,9.91743,3.0,1.8,8.82825,0
4.0,0.06,12.3915,4.0,0.06,11.3237,0
4.0,0.24,12.4928,4.0,0.24,11.6386,0
4.0,0.48,12.7275,4.0,0.48,11.6485,0
4.0,0.9,12.5854,4.0,0.9,11.3368,0
4.0,1.2,12.7546,4.0,1.2,11.3915,0
4.0,1.8,13.0727,4.0,1.8,11.4525,0
5.0,0.06,15.6344,5.0,0.06,14.274,0
5.0,0.24,15.6332,5.0,0.24,14.086,0
5.0,0.48,15.606,5.0,0.48,14.0778,0
5.0,0.9,15.8558,5.0,0.9,14.2728,0
5.0,1.2,15.9272,5.0,1.2,14.1447,0
5.0,1.8,15.9997,5.0,1.8,14.0224,0
0.1,0.06,0.334383,0.1,0.06,0.001568,0
0.1,0.24,0.393448,0.1,0.24,0.002537,0
0.1,0.48,0.45418,0.1,0.48,0.002031,0
0.1,0.9,0.604365,0.1,0.9,0.003842,0
0.1,1.2,0.638118,0.1,1.2,0.002894,0
0.1,1.8,0.748958,0.1,1.8,0.009094,0
0.5,0.06,1.62606,0.5,0.06,0.001614,0
0.5,0.24,1.6654,0.5,0.24,0.001839,0
0.5,0.48,1.71243,0.5,0.48,0.001742,0
0.5,0.9,1.81437,0.5,0.9,0.002593,0
0.5,1.2,1.89783,0.5,1.2,0.002075,0
0.5,1.8,2.13072,0.5,1.8,0.007249,0
1.2,0.06,3.73565,1.2,0.06,0.001595,0
1.2,0.24,3.91559,1.2,0.24,0.001766,0
1.3389912201094611,0.056263054717467675,3.9930960827855753,0.5169429595331575,1.0089803569193962,0.04260416726476941,1
1.2,0.9,3.98366,1.2,0.9,0.002068,0
1.2,1.2,4.05198,1.2,1.2,0.001872,0
1.2,1.8,4.32785,1.2,1.8,0.006415,0
3.0,0.06,9.40932,3.0,0.06,0.001602,0
3.0,0.24,9.35947,3.0,0.24,0.00175,0
3.0,0.48,9.46643,3.0,0.48,0.001672,0
3.0,0.9,9.62729,3.0,0.9,0.001743,0
3.0,1.2,9.6605,3.0,1.2,0.001762,0
3.0,1.8,9.91743,3.0,1.8,0.003708,0
4.0,0.06,12.3915,4.0,0.06,0.001621,0
5.0,1.8,11.5991,5.0,1.8,0.01883,1
4.0,0.48,12.7275,4.0,0.48,0.001673,0
4.0,0.9,12.5854,4.0,0.9,0.001719,0
4.0,1.2,12.7546,4.0,1.2,0.001752,0
4.0,1.8,13.0727,4.0,1.8,0.003256,0
5.0,0.06,15.6344,5.0,0.06,0.001641,0
5.0,0.24,15.6332,5.0,0.24,0.001759,0
5.0,0.48,15.606,5.0,0.48,0.001674,0
5.0,0.9,15.8558,5.0,0.9,0.001728,0
5.0,1.2,15.9272,5.0,1.2,0.001743,0
5.0,1.8,15.9997,5.0,1.8,0.002969,0
0.1,0.06,0.334383,0.1,0.06,0.000109,0
0.1,0.24,0.393448,0.1,0.24,0.000337,0
0.1,0.48,0.45418,0.1,0.48,0.000127,0
0.1,0.9,0.604365,0.1,0.9,0.001499,0
0.1,1.2,0.638118,0.1,1.2,0.001163,0
0.1,1.8,0.748958,0.1,1.8,0.004601,0
0.5,0.06,1.62606,0.5,0.06,7.6e-05,0
0.5,0.24,1.6654,0.5,0.24,4.2e-05,0
0.5,0.48,1.71243,0.5,0.48,3.7e-05,0
0.5,0.9,1.81437,0.5,0.9,0.000396,0
0.5,1.2,1.89783,0.5,1.2,0.000144,0
0.5,1.8,2.13072,0.5,1.8,0.002474,0
1.2,0.06,3.73565,1.2,0.06,7e-05,0
1.2,0.24,3.91559,1.2,0.24,4.2e-05,0
1.2,0.48,3.97082,1.2,0.48,6e-05,0
1.2,0.9,3.98366,1.2,0.9,0.000155,0
1.2,1.2,4.05198,1.2,1.2,1.5e-05,0
1.2,1.8,4.32785,1.2,1.8,0.001796,0
3.0,0.06,9.40932,3.0,0.06,2.9e-05,0
3.0,0.24,9.35947,3.0,0.24,5.3e-05,0
3.0,0.48,9.46643,3.0,0.48,5.9e-05,0
3.0,0.9,9.62729,3.0,0.9,-2e-06,0
3.0,1.2,9.6605,3.0,1.2,3.1e-05,0
3.0,1.8,9.91743,3.0,1.8,0.000947,0
4.0,0.06,12.3915,4.0,0.06,2.5e-05,0
4.0,0.24,12.4928,4.0,0.24,4.9e-05,0
4.0,0.48,12.7275,4.0,0.48,4.6e-05,0
4.0,0.9,12.5854,4.0,0.9,-2e-06,0
4.0,1.2,12.7546,4.0,1.2,2.3e-05,0
4.0,1.8,13.0727,4.0,1.8,0.000723,0
5.0,0.06,15.6344,5.0,0.06,2e-05,0
5.0,0.24,15.6332,5.0,0.24,5e-05,0
5.0,0.48,15.606,5.0,0.48,3.7e-05,0
5.0,0.9,15.8558,5.0,0.9,-4e-06,0
5.0,1.2,15.9272,5.0,1.2,2e-05,0
5.0,1.8,15.9997,5.0,1.8,0.000594,0
0.1,0.06,0.477629,0.1,0.06,0.22935,0
0.1,0.24,0.479545,0.1,0.24,0.275929,0
0.08,0.42,0.226978,0.08,0.42,0.188942,1
0.1,0.9,0.682033,0.1,0.9,0.421486,0
0.1,1.2,0.834183,0.1,1.2,0.410956,0
0.1,1.8,1.10616,0.1,1.8,0.39748,0
0.5,0.06,2.49702,0.5,0.06,1.04769,0
0.5,0.24,2.38841,0.5,0.24,1.08554,0
0.5,0.48,2.39208,0.5,0.48,1.14096,0
0.5,0.9,2.39745,0.5,0.9,1.26429,0
0.5,1.2,2.40852,0.5,1.2,1.32763,0
0.5,1.8,2.42038,0.5,1.8,1.50442,0
1.2,0.06,5.79428,1.2,0.06,2.49802,0
1.2,0.24,5.97913,1.2,0.24,2.5366,0
1.2,0.48,5.94216,1.2,0.48,2.57668,0
1.2,0.9,5.69444,1.2,0.9,2.73311,0
1.2,1.2,5.72805,1.2,1.2,2.76487,0
1.2,1.8,5.70293,1.2,1.8,2.93339,0
3.0,0.06,14.1067,3.0,0.06,6.35254,0
3.0,0.24,14.0169,3.0,0.24,6.2449,0
3.0,0.48,14.2468,3.0,0.48,6.26764,0
3.0,0.9,14.105,3.0,0.9,6.55435,0
3.0,1.2,13.9925,3.0,1.2,6.53614,0
3.0,1.8,14.3495,3.0,1.8,6.58844,0
4.0,0.06,18.6078,4.0,0.06,8.23454,0
4.0,0.24,18.701,4.0,0.24,8.2732,0
4.0,0.48,18.6639,4.0,0.48,8.25565,0
4.0,0.9,18.6772,4.0,0.9,8.4519,0
4.0,1.2,18.7093,4.0,1.2,8.55787,0
4.0,1.8,18.7033,4.0,1.8,8.71878,0
5.0,0.06,23.3869,5.0,0.06,10.2711,0
5.0,0.24,23.6298,5.0,0.24,10.2719,0
5.0,0.48,23.6304,5.0,0.48,10.3748,0
5.0,0.9,23.3037,5.0,0.9,10.5095,0
5.0,1.2,23.5863,5.0,1.2,10.4723,0
5.0,1.8,23.5191,5.0,1.8,10.829,0
0.1,0.06,0.477629,0.1,0.06,0.301773,0
0.1,0.24,0.479545,0.1,0.24,0.293864,0
0.1,0.48,0.539727,0.1,0.48,0.373412,0
0.1,0.9,0.682033,0.1,0.9,0.516827,0
0.1,1.2,0.834183,0.1,1.2,0.669943,0
0.1,1.8,1.10616,0.1,1.8,0.886485,0
0.5,0.06,2.49702,0.5,0.06,1.50247,0
0.5,0.24,2.38841,0.5,0.24,1.51392,0
0.5,0.48,2.39208,0.5,0.48,1.49196,0
0.5,0.9,2.39745,0.5,0.9,1.4841,0
0.5,1.2,2.40852,0.5,1.2,1.46207,0
9.663271743053782,6.624460623086822,62.82286029495873,14.877662390208865,5.666156352675294,42.19163164088992,1
1.2,0.06,5.79428,1.2,0.06,3.46148,0
1.2,0.24,5.97913,1.2,0.24,3.50915,0
1.2,0.48,5.94216,1.2,0.48,3.52562,0
1.2,0.9,5.69444,1.2,0.9,3.44279,0
1.2,1.2,5.72805,1.2,1.2,3.41583,0
1.2,1.8,5.70293,1.2,1.8,3.41243,0
3.0,0.06,14.1067,3.0,0.06,8.93684,0
3.0,0.24,14.0169,3.0,0.24,8.55077,0
3.0,0.48,14.2468,3.0,0.48,8.50691,0
3.0,0.9,14.105,3.0,0.9,9.03313,0
3.0,1.2,13.9925,3.0,1.2,8.65716,0
3.0,1.8,14.3495,3.0,1.8,8.82825,0
4.0,0.06,18.6078,4.0,0.06,11.3237,0
4.0,0.24,18.701,4.0,0.24,11.6386,0
4.0,0.48,18.6639,4.0,0.48,11.6485,0
4.0,0.9,18.6772,4.0,0.9,11.3368,0
4.0,1.2,18.7093,4.0,1.2,11.3915,0
4.0,1.8,18.7033,4.0,1.8,11.4525,0
5.0,0.06,23.3869,5.0,0.06,14.274,0
5.0,0.24,23.6298,5.0,0.24,14.086,0
5.0,0.48,23.6304,5.0,0.48,14.0778,0
5.0,0.9,23.3037,5.0,0.9,14.2728,0
5.0,1.2,23.5863,5.0,1.2,14.1447,0
5.0,1.8,23.5191,5.0,1.8,14.0224,0
0.1,0.06,0.477629,0.1,0.06,0.001568,0
0.1,0.24,0.479545,0.1,0.24,0.002537,0
0.1,0.48,0.539727,0.1,0.48,0.002031,0
0.1,0.9,0.682033,0.1,0.9,0.003842,0
0.1,1.2,0.834183,0.1,1.2,0.002894,0
0.1,1.8,1.10616,0.1,1.8,0.009094,0
0.5,0.06,2.49702,0.5,0.06,0.001614,0
0.5,0.24,2.38841,0.5,0.24,0.001839,0
0.5,0.48,2.39208,0.5,0.48,0.001742,0
0.5,0.9,2.39745,0.5,0.9,0.002593,0
0.5,1.2,2.40852,0.5,1.2,0.002075,0
0.5,1.8,2.42038,0.5,1.8,0.007249,0
1.2,0.06,5.79428,1.2,0.06,0.001595,0
1.2,0.24,5.97913,1.2,0.24,0.001766,0
1.2,0.48,5.94216,1.2,0.48,0.001682,0
1.2,0.9,5.69444,1.2,0.9,0.002068,0
1.2,1.2,5.72805,1.2,1.2,0.001872,0
0.1,0.24,0.284182,0.1,0.24,0.002111,1
3.0,0.06,14.1067,3.0,0.06,0.001602,0
3.0,0.24,14.0169,3.0,0.24,0.00175,0
3.0,0.48,14.2468,3.0,0.48,0.001672,0
3.0,0.9,14.105,3.0,0.9,0.001743,0
3.0,1.2,13.9925,3.0,1.2,0.001762,0
3.0,1.8,14.3495,3.0,1.8,0.003708,0
4.0,0.06,18.6078,4.0,0.06,0.001621,0
4.0,0.24,18.701,4.0,0.24,0.001754,0
4.0,0.48,18.6639,4.0,0.48,0.001673,0
4.0,0.9,18.6772,4.0,0.9,0.001719,0
4.0,1.2,18.7093,4.0,1.2,0.001752,0
4.0,1.8,18.7033,4.0,1.8,0.003256,0
5.0,0.06,23.3869,5.0,0.06,0.001641,0
5.0,0.24,23.6298,5.0,0.24,0.001759,0
5.0,0.48,23.6304,5.0,0.48,0.001674,0
5.0,0.9,23.3037,5.0,0.9,0.001728,0
5.0,1.2,23.5863,5.0,1.2,0.001743,0
5.0,1.8,23.5191,5.0,1.8,0.002969,0
0.1,0.06,0.477629,0.1,0.06,0.000109,0
0.1,0.24,0.479545,0.1,0.24,0.000337,0
0.1,0.48,0.539727,0.1,0.48,0.000127,0
0.1,0.9,0.682033,0.1,0.9,0.001499,0
0.1,1.2,0.834183,0.1,1.2,0.001163,0
0.1,1.8,1.10616,0.1,1.8,0.004601,0
0.5,0.06,2.49702,0.5,0.06,7.6e-05,0
0.5,0.24,2.38841,0.5,0.24,4.2e-05,0
0.5,0.48,2.39208,0.5,0.48,3.7e-05,0
0.5,0.9,2.39745,0.5,0.9,0.000396,0
0.5,1.2,2.40852,0.5,1.2,0.000144,0
0.5,1.8,2.42038,0.5,1.8,0.002474,0
1.2,0.06,5.79428,1.2,0.06,7e-05,0
1.2,0.24,5.97913,1.2,0.24,4.2e-05,0
1.2,0.48,5.94216,1.2,0.48,6e-05,0
1.2,0.9,5.69444,1.2,0.9,0.000155,0
1.2,1.2,5.72805,1.2,1.2,1.5e-05,0
1.2,1.8,5.70293,1.2,1.8,0.001796,0
3.0,0.06,14.1067,3.0,0.06,2.9e-05,0
3.0,0.24,14.0169,3.0,0.24,5.3e-05,0
3.0,0.48,14.2468,3.0,0.48,5.9e-05,0
3.0,0.9,14.105,3.0,0.9,-2e-06,0
3.0,1.2,13.9925,3.0,1.2,3.1e-05,0
3.0,1.8,14.3495,3.0,1.8,0.000947,0
4.0,0.06,18.6078,4.0,0.06,2.5e-05,0
4.0,0.24,18.701,4.0,0.24,4.9e-05,0
4.0,0.48,18.6639,4.0,0.48,4.6e-05,0
4.0,0.9,18.6772,4.0,0.9,-2e-06,0
4.0,1.2,18.7093,4.0,1.2,2.3e-05,0
4.0,1.8,18.7033,4.0,1.8,0.000723,0
5.0,0.06,23.3869,5.0,0.06,2e-05,0
5.0,0.24,23.6298,5.0,0.24,5e-05,0
5.0,0.48,23.6304,5.0,0.48,3.7e-05,0
5.0,0.9,23.3037,5.0,0.9,-4e-06,0
5.0,1.2,23.5863,5.0,1.2,2e-05,0
5.0,1.8,23.5191,5.0,1.8,0.000594,0
0.1,0.06,0.22935,0.1,0.06,0.301773,0
0.1,0.24,0.275929,0.1,0.24,0.293864,0
0.1,0.48,0.334965,0.1,0.48,0.373412,0
0.1,0.9,0.421486,0.1,0.9,0.516827,0
0.1,1.2,0.410956,0.1,1.2,0.669943,0
0.1,1.8,0.39748,0.1,1.8,0.886485,0
0.5,0.06,1.04769,0.5,0.06,1.50247,0
0.5,0.24,1.08554,0.5,0.24,1.51392,0
0.5,0.48,1.14096,0.5,0.48,1.49196,0
0.5,0.9,1.26429,0.5,0.9,1.4841,0
0.5,1.2,1.32763,0.5,1.2,1.46207,0
0.5,1.8,1.50442,0.5,1.8,1.57439,0
1.2,0.06,2.49802,1.2,0.06,3.46148,0
1.2,0.24,2.5366,1.2,0.24,3.50915,0
1.2,0.48,2.57668,1.2,0.48,3.52562,0
1.2,0.9,2.73311,1.2,0.9,3.44279,0
4.0,0.9,18.8933,4.0,0.9,0.0293155,1
1.2,1.8,2.93339,1.2,1.8,3.41243,0
3.0,0.06,6.35254,3.0,0.06,8.93684,0
3.0,0.24,6.2449,3.0,0.24,8.55077,0
3.0,0.48,6.26764,3.0,0.48,8.50691,0
3.0,0.9,6.55435,3.0,0.9,9.03313,0
3.0,1.2,6.53614,3.0,1.2,8.65716,0
3.0,1.8,6.58844,3.0,1.8,8.82825,0
4.0,0.06,8.23454,4.0,0.06,11.3237,0
0.206278,1.2,0.596772,0.206094,1.2,0.037993,1
4.0,0.48,8.25565,4.0,0.48,11.6485,0
4.0,0.9,8.4519,4.0,0.9,11.3368,0
0.02,0.06,0.039077,0.02,0.06,0.039981,1
4.0,1.8,8.71878,4.0,1.8,11.4525,0
5.0,0.06,10.2711,5.0,0.06,14.274,0
5.0,0.24,10.2719,5.0,0.24,14.086,0
5.0,0.48,10.3748,5.0,0.48,14.0778,0
5.0,0.9,10.5095,5.0,0.9,14.2728,0
5.0,1.2,10.4723,5.0,1.2,14.1447,0
5.0,1.8,10.829,5.0,1.8,14.0224,0
0.1,0.06,0.22935,0.1,0.06,0.001568,0
0.1,0.24,0.275929,0.1,0.24,0.002537,0
0.1,0.48,0.334965,0.1,0.48,0.002031,0
0.1,0.9,0.421486,0.1,0.9,0.003842,0
0.1,1.2,0.410956,0.1,1.2,0.002894,0
0.1,1.8,0.39748,0.1,1.8,0.009094,0
0.5,0.06,1.04769,0.5,0.06,0.001614,0
0.5,0.24,1.08554,0.5,0.24,0.001839,0
0.5,0.48,1.14096,0.5,0.48,0.001742,0
0.5,0.9,1.26429,0.5,0.9,0.002593,0
0.5,1.2,1.32763,0.5,1.2,0.002075,0
0.5,1.8,1.50442,0.5,1.8,0.007249,0
1.2,0.06,2.49802,1.2,0.06,0.001595,0
1.2,0.24,2.5366,1.2,0.24,0.001766,0
1.2,0.48,2.57668,1.2,0.48,0.001682,0
1.2,0.9,2.73311,1.2,0.9,0.002068,0
1.2,1.2,2.76487,1.2,1.2,0.001872,0
1.2,1.8,2.93339,1.2,1.8,0.006415,0
3.0,0.06,6.35254,3.0,0.06,0.001602,0
3.0,0.24,6.2449,3.0,0.24,0.00175,0
3.0,0.48,6.26764,3.0,0.48,0.001672,0
3.0,0.9,6.55435,3.0,0.9,0.001743,0
3.0,1.2,6.53614,3.0,1.2,0.001762,0
3.4614887825702154,1.5396846967188504,5.789630135415772,3.7450687610499207,2.82725744470238,0.775111386884841,1
4.0,0.06,8.23454,4.0,0.06,0.001621,0
4.0,0.24,8.2732,4.0,0.24,0.001754,0
4.0,0.48,8.25565,4.0,0.48,0.001673,0
4.0,0.9,8.4519,4.0,0.9,0.001719,0
4.0,1.2,8.55787,4.0,1.2,0.001752,0
4.0,1.8,8.71878,4.0,1.8,0.003256,0
5.0,0.06,10.2711,5.0,0.06,0.001641,0
5.0,0.24,10.2719,5.0,0.24,0.001759,0
5.0,0.48,10.3748,5.0,0.48,0.001674,0
5.0,0.9,10.5095,5.0,0.9,0.001728,0
5.0,1.2,10.4723,5.0,1.2,0.001743,0
5.0,1.8,10.829,5.0,1.8,0.002969,0
0.1,0.06,0.22935,0.1,0.06,0.000109,0
0.1,0.24,0.275929,0.1,0.24,0.000337,0
0.1,0.48,0.334965,0.1,0.48,0.000127,0
0.1,0.9,0.421486,0.1,0.9,0.001499,0
0.1,1.2,0.410956,0.1,1.2,0.001163,0
0.1,1.8,0.39748,0.1,1.8,0.004601,0
0.5,0.06,1.04769,0.5,0.06,7.6e-05,0
0.5,0.24,1.08554,0.5,0.24,4.2e-05,0
0.5,0.48,1.14096,0.5,0.48,3.7e-05,0
0.5,0.9,1.26429,0.5,0.9,0.000396,0
0.5,1.2,1.32763,0.5,1.2,0.000144,0
0.5,1.8,1.50442,0.5,1.8,0.002474,0
1.2,0.06,2.49802,1.2,0.06,7e-05,0
1.2,0.24,2.5366,1.2,0.24,4.2e-05,0
1.2,0.48,2.57668,1.2,0.48,6e-05,0
1.2,0.9,2.73311,1.2,0.9,0.000155,0
1.2,1.2,2.76487,1.2,1.2,1.5e-05,0
1.2,1.8,2.93339,1.2,1.8,0.001796,0
3.0,0.06,6.35254,3.0,0.06,2.9e-05,0
3.0,0.24,6.2449,3.0,0.24,5.3e-05,0
3.0,0.48,6.26764,3.0,0.48,5.9e-05,0
3.0,0.9,6.55435,3.0,0.9,-2e-06,0
3.0,1.2,6.53614,3.0,1.2,3.1e-05,0
3.0,1.8,6.58844,3.0,1.8,0.000947,0
4.0,0.06,8.23454,4.0,0.06,2.5e-05,0
4.0,0.24,8.2732,4.0,0.24,4.9e-05,0
4.0,0.48,8.25565,4.0,0.48,4.6e-05,0
4.0,0.9,8.4519,4.0,0.9,-2e-06,0
4.0,1.2,8.55787,4.0,1.2,2.3e-05,0
4.0,1.8,8.71878,4.0,1.8,0.000723,0
5.0,0.06,10.2711,5.0,0.06,2e-05,0
5.0,0.24,10.2719,5.0,0.24,5e-05,0
5.0,0.48,10.3748,5.0,0.48,3.7e-05,0
5.0,0.9,10.5095,5.0,0.9,-4e-06,0
5.0,1.2,10.4723,5.0,1.2,2e-05,0
5.0,1.8,10.829,5.0,1.8,0.000594,0
0.1,0.06,0.301773,0.1,0.06,0.001568,0
0.1,0.24,0.293864,0.1,0.24,0.002537,0
0.1,0.48,0.373412,0.1,0.48,0.002031,0
0.1,0.9,0.516827,0.1,0.9,0.003842,0
0.1,1.2,0.669943,0.1,1.2,0.002894,0
0.1,1.8,0.886485,0.1,1.8,0.009094,0
0.5,0.06,1.50247,0.5,0.06,0.001614,0
16.747595651832214,6.919308765748754,47.17603845422376,11.061667086152784,5.1639823699012055,40.99843161617801,1
0.5,0.48,1.49196,0.5,0.48,0.001742,0
0.5,0.9,1.4841,0.5,0.9,0.002593,0
0.5,1.2,1.46207,0.5,1.2,0.002075,0
0.5,1.8,1.57439,0.5,1.8,0.007249,0
12.896745485535089,4.336745192611594,56.39831194178157,8.89808774323699,5.614295586289031,44.00071282467279,1
1.2,0.24,3.50915,1.2,0.24,0.001766,0
1.2,0.48,3.52562,1.2,0.48,0.001682,0
1.2,0.9,3.44279,1.2,0.9,0.002068,0
1.2,1.2,3.41583,1.2,1.2,0.001872,0
1.2,1.8,3.41243,1.2,1.8,0.006415,0
3.0,0.06,8.93684,3.0,0.06,0.001602,0
3.0,0.24,8.55077,3.0,0.24,0.00175,0
3.0,0.48,8.50691,3.0,0.48,0.001672,0
3.0,0.9,9.03313,3.0,0.9,0.001743,0
3.1083445487488364,1.3478327757409998,8.858809802083412,2.087171002167696,1.0492368521153264,-0.7404575340967131,1
3.0,1.8,8.82825,3.0,1.8,0.003708,0
4.0,0.06,11.3237,4.0,0.06,0.001621,0
4.0,0.24,11.6386,4.0,0.24,0.001754,0
4.0,0.48,11.6485,4.0,0.48,0.001673,0
4.0,0.9,11.3368,4.0,0.9,0.001719,0
4.0,1.2,11.3915,4.0,1.2,0.001752,0
4.0,1.8,11.4525,4.0,1.8,0.003256,0
5.0,0.06,14.274,5.0,0.06,0.001641,0
5.0,0.24,14.086,5.0,0.24,0.001759,0
5.0,0.48,14.0778,5.0,0.48,0.001674,0
5.0,0.9,14.2728,5.0,0.9,0.001728,0
5.0,1.2,14.1447,5.0,1.2,0.001743,0
5.0,1.8,14.0224,5.0,1.8,0.002969,0
0.1,0.06,0.301773,0.1,0.06,0.000109,0
0.1,0.24,0.293864,0.1,0.24,0.000337,0
0.1,0.48,0.373412,0.1,0.48,0.000127,0
0.1,0.9,0.516827,0.1,0.9,0.001499,0
0.1,1.2,0.669943,0.1,1.2,0.001163,0
0.1,1.8,0.886485,0.1,1.8,0.004601,0
0.5,0.06,1.50247,0.5,0.06,7.6e-05,0
0.5,0.24,1.51392,0.5,0.24,4.2e-05,0
0.5,0.48,1.49196,0.5,0.48,3.7e-05,0
0.5,0.9,1.4841,0.5,0.9,0.000396,0
0.5,1.2,1.46207,0.5,1.2,0.000144,0
0.5,1.8,1.57439,0.5,1.8,0.002474,0
1.2,0.06,3.46148,1.2,0.06,7e-05,0
1.2,0.24,3.50915,1.2,0.24,4.2e-05,0
1.2,0.48,3.52562,1.2,0.48,6e-05,0
1.2,0.9,3.44279,1.2,0.9,0.000155,0
1.2,1.2,3.41583,1.2,1.2,1.5e-05,0
1.2,1.8,3.41243,1.2,1.8,0.001796,0
3.0,0.06,8.93684,3.0,0.06,2.9e-05,0
3.0,0.24,8.55077,3.0,0.24,5.3e-05,0
3.0,0.48,8.50691,3.0,0.48,5.9e-05,0
3.0,0.9,9.03313,3.0,0.9,-2e-06,0
3.0,1.2,8.65716,3.0,1.2,3.1e-05,0
3.0,1.8,8.82825,3.0,1.8,0.000947,0
12.02195462478378,5.286876802109781,52.43990564501856,13.50221694844172,6.921089516078309,64.94756801274475,1
4.0,0.24,11.6386,4.0,0.24,4.9e-05,0
4.0,0.48,11.6485,4.0,0.48,4.6e-05,0
4.0,0.9,11.3368,4.0,0.9,-2e-06,0
4.0,1.2,11.3915,4.0,1.2,2.3e-05,0
4.0,1.8,11.4525,4.0,1.8,0.000723,0
5.0,0.06,14.274,5.0,0.06,2e-05,0
5.0,0.24,14.086,5.0,0.24,5e-05,0
5.0,0.48,14.0778,5.0,0.48,3.7e-05,0
5.0,0.9,14.2728,5.0,0.9,-4e-06,0
5.0,1.2,14.1447,5.0,1.2,2e-05,0
5.0,1.8,14.0224,5.0,1.8,0.000594,0
0.1,0.06,0.001568,0.1,0.06,0.000109,0
0.1,0.24,0.002537,0.1,0.24,0.000337,0
0.1,0.48,0.002031,0.1,0.48,0.000127,0
0.1,0.9,0.003842,0.1,0.9,0.001499,0
0.1,1.2,0.002894,0.1,1.2,0.001163,0
13.314204677133768,7.266023131326599,71.10577096113389,14.88759778383358,6.568872615344086,36.19472972173044,1
0.5,0.06,0.001614,0.5,0.06,7.6e-05,0
0.5,0.24,0.001839,0.5,0.24,4.2e-05,0
0.5,0.48,0.001742,0.5,0.48,3.7e-05,0
0.5,0.9,0.002593,0.5,0.9,0.000396,0
0.5,1.2,0.002075,0.5,1.2,0.000144,0
0.5,1.8,0.007249,0.5,1.8,0.002474,0
1.2,0.06,0.001595,1.2,0.06,7e-05,0
1.2,0.24,0.001766,1.2,0.24,4.2e-05,0
1.2,0.48,0.001682,1.2,0.48,6e-05,0
1.2,0.9,0.002068,1.2,0.9,0.000155,0
1.2,1.2,0.001872,1.2,1.2,1.5e-05,0
1.2,1.8,0.006415,1.2,1.8,0.001796,0
3.0,0.06,0.001602,3.0,0.06,2.9e-05,0
3.0,0.24,0.00175,3.0,0.24,5.3e-05,0
3.0,0.48,0.001672,3.0,0.48,5.9e-05,0
3.0,0.9,0.001743,3.0,0.9,-2e-06,0
3.0,1.2,0.001762,3.0,1.2,3.1e-05,0
3.0,1.8,0.003708,3.0,1.8,0.000947,0
4.0,0.06,0.001621,4.0,0.06,2.5e-05,0
4.0,0.24,0.001754,4.0,0.24,4.9e-05,0
4.0,0.48,0.001673,4.0,0.48,4.6e-05,0
4.0,0.9,0.001719,4.0,0.9,-2e-06,0
4.0,1.2,0.001752,4.0,1.2,2.3e-05,0
4.0,1.8,0.003256,4.0,1.8,0.000723,0
5.0,0.06,0.001641,5.0,0.06,2e-05,0
5.0,0.24,0.001759,5.0,0.24,5e-05,0
5.0,0.48,0.001674,5.0,0.48,3.7e-05,0
5.0,0.9,0.001728,5.0,0.9,-4e-06,0
5.0,1.2,0.001743,5.0,1.2,2e-05,0
5.0,1.8,0.002969,5.0,1.8,0.000594,0
0.1,0.06,0.204494,0.1,0.06,0.240521,0
0.1,0.24,0.21803,0.1,0.24,0.237276,0
0.1,0.48,0.222118,0.1,0.48,0.241358,0
0.1,0.9,0.233724,0.1,0.9,0.243332,0
0.1,1.2,0.245743,0.1,1.2,0.262043,0
0.1,1.8,0.223401,0.1,1.8,0.260652,0
0.5,0.06,0.820683,0.5,0.06,1.15994,0
0.5,0.24,0.830236,0.5,0.24,1.1649,0
0.5,0.48,0.829661,0.5,0.48,1.15973,0
0.5,0.9,0.840143,0.5,0.9,1.15935,0
0.5,1.2,0.846281,0.5,1.2,1.17719,0
0.5,1.8,0.836971,0.5,1.8,1.16236,0
1.2,0.06,1.88751,1.2,0.06,2.78423,0
1.2,0.24,1.90291,1.2,0.24,2.78973,0
1.2,0.48,1.89963,1.2,0.48,2.78083,0
1.2,0.9,1.90689,1.2,0.9,2.78372,0
1.2,1.2,1.90731,1.2,1.2,2.79721,0
1.2,1.8,1.90509,1.2,1.8,2.77761,0
3.0,0.06,4.62518,3.0,0.06,6.90334,0
3.0,0.24,4.63985,3.0,0.24,6.91262,0
3.0,0.48,4.64398,3.0,0.48,6.94676,0
3.0,0.9,4.65353,3.0,0.9,6.99217,0
3.0,1.2,4.65318,3.0,1.2,6.93886,0
3.0,1.8,4.65532,3.0,1.8,6.99981,0
4.0,0.06,6.20999,4.0,0.06,9.26085,0
4.0,0.24,6.16888,4.0,0.24,9.21583,0
12.893421317036218,5.58216534284575,50.50314671458104,16.36570899271691,5.171201159682182,62.5499604919612,1
4.0,0.9,6.17882,4.0,0.9,9.22767,0
4.0,1.2,6.18183,4.0,1.2,9.36201,0
4.0,1.8,6.18392,4.0,1.8,9.32696,0
5.0,0.06,7.6868,5.0,0.06,11.6384,0
5.0,0.24,7.70367,5.0,0.24,11.6414,0
5.0,0.48,7.69982,5.0,0.48,11.6685,0
5.0,0.9,7.70076,5.0,0.9,11.611,0
5.0,1.2,7.703,5.0,1.2,11.5515,0
5.0,1.8,7.72637,5.0,1.8,11.5991,0
0.1,0.06,0.204494,0.1,0.06,0.178792,0
0.1,0.24,0.21803,0.1,0.24,0.21596,0
0.1,0.48,0.222118,0.1,0.48,0.225138,0
0.1,0.9,0.233724,0.1,0.9,0.315974,0
0.1,1.2,0.245743,0.1,1.2,0.300309,0
0.1,1.8,0.223401,0.1,1.8,0.365912,0
0.5,0.06,0.820683,0.5,0.06,0.57991,0
0.5,0.24,0.830236,0.5,0.24,0.615588,0
0.5,0.48,0.829661,0.5,0.48,0.623732,0
0.5,0.9,0.840143,0.5,0.9,0.712121,0
0.5,1.2,0.846281,0.5,1.2,0.705561,0
0.5,1.8,0.836971,0.5,1.8,0.791803,0
1.2,0.06,1.88751,1.2,0.06,1.28402,0
1.2,0.24,1.90291,1.2,0.24,1.31973,0
1.2,0.48,1.89963,1.2,0.48,1.32668,0
1.2,0.9,1.90689,1.2,0.9,1.41201,0
8.455805460888412,5.873592673042518,56.6256000617645,16.216835307443052,6.380739650403982,69.1233720465222,1
5.0,1.2,8.9057,5.0,1.2,0.004296,1
3.0,0.06,4.62518,3.0,0.06,3.09103,0
3.0,0.24,4.63985,3.0,0.24,3.12526,0
3.0,0.48,4.64398,3.0,0.48,3.12748,0
3.0,0.9,4.65353,3.0,0.9,3.21463,0
3.0,1.2,4.65318,3.0,1.2,3.2057,0
3.0,1.8,4.65532,3.0,1.8,3.29365,0
4.0,0.06,6.20999,4.0,0.06,4.08691,0
4.0,0.24,6.16888,4.0,0.24,4.1219,0
4.0,0.48,6.17421,4.0,0.48,4.12827,0
4.0,0.9,6.17882,4.0,0.9,4.21437,0
4.0,1.2,6.18183,4.0,1.2,4.20889,0
4.0,1.8,6.18392,4.0,1.8,4.29238,0
5.0,0.06,7.6868,5.0,0.06,5.08871,0
5.0,0.24,7.70367,5.0,0.24,5.12769,0
5.0,0.48,7.69982,5.0,0.48,5.13921,0
5.0,0.9,7.70076,5.0,0.9,5.21551,0
5.0,1.2,7.703,5.0,1.2,5.21792,0
5.0,1.8,7.72637,5.0,1.8,5.29495,0
0.1,0.06,0.204494,0.1,0.06,0.145236,0
0.1,0.24,0.21803,0.1,0.24,0.148106,0
0.1,0.48,0.222118,0.1,0.48,0.197462,0
0.1,0.9,0.233724,0.1,0.9,0.179665,0
0.1,1.2,0.245743,0.1,1.2,0.235701,0
0.1,1.8,0.223401,0.1,1.8,0.325312,0
0.5,0.06,0.820683,0.5,0.06,0.69326,0
0.5,0.24,0.830236,0.5,0.24,0.689906,0
10.861355499468473,4.801189665368101,63.195103651288804,8.955948534132219,6.527701451287864,64.69776057262987,1
0.5,0.9,0.840143,0.5,0.9,0.69337,0
0.5,1.2,0.846281,0.5,1.2,0.690736,0
0.5,1.8,0.836971,0.5,1.8,0.694847,0
1.2,0.06,1.88751,1.2,0.06,1.65869,0
1.2,0.24,1.90291,1.2,0.24,1.66171,0
1.2,0.48,1.89963,1.2,0.48,1.64041,0
1.2,0.9,1.90689,1.2,0.9,1.64659,0
1.2,1.2,1.90731,1.2,1.2,1.64243,0
1.2,1.8,1.90509,1.2,1.8,1.64233,0
3.0,0.06,4.62518,3.0,0.06,4.06345,0
3.0,0.24,4.63985,3.0,0.24,4.06479,0
3.0,0.48,4.64398,3.0,0.48,4.08968,0
3.0,0.9,4.65353,3.0,0.9,4.13121,0
3.0,1.2,4.65318,3.0,1.2,4.09966,0
3.0,1.8,4.65532,3.0,1.8,4.09483,0
4.0,0.06,6.20999,4.0,0.06,5.45403,0
4.0,0.24,6.16888,4.0,0.24,5.50981,0
4.0,0.48,6.17421,4.0,0.48,5.44675,0
4.0,0.9,6.17882,4.0,0.9,5.45191,0
4.0,1.2,6.18183,4.0,1.2,5.47615,0
4.0,1.8,6.18392,4.0,1.8,5.45834,0
4.852471905097179,-0.17142814285718988,7.843211118383423,5.2868835549509505,0.7589221535157491,7.3983065224700475,1
5.0,0.24,7.70367,5.0,0.24,6.81937,0
5.0,0.48,7.69982,5.0,0.48,6.80368,0
5.0,0.9,7.70076,5.0,0.9,6.81137,0
5.0,1.2,7.703,5.0,1.2,6.81921,0
5.0,1.8,7.72637,5.0,1.8,6.85187,0
0.1,0.06,0.204494,0.1,0.06,0.004741,0
0.1,0.24,0.21803,0.1,0.24,0.005583,0
0.1,0.48,0.222118,0.1,0.48,0.00768,0
0.1,0.9,0.233724,0.1,0.9,0.012004,0
0.1,1.2,0.245743,0.1,1.2,0.016147,0
0.1,1.8,0.223401,0.1,1.8,0.017246,0
0.5,0.06,0.820683,0.5,0.06,0.004806,0
0.5,0.24,0.830236,0.5,0.24,0.005689,0
0.5,0.48,0.829661,0.5,0.48,0.006946,0
0.5,0.9,0.840143,0.5,0.9,0.010439,0
0.5,1.2,0.846281,0.5,1.2,0.01339,0
0.5,1.8,0.836971,0.5,1.8,0.01675,0
1.2,0.06,1.88751,1.2,0.06,0.004795,0
1.2,0.24,1.90291,1.2,0.24,0.005725,0
1.2,0.48,1.89963,1.2,0.48,0.006778,0
1.2,0.9,1.90689,1.2,0.9,0.010003,0
1.2,1.2,1.90731,1.2,1.2,0.012547,0
1.2,1.8,1.90509,1.2,1.8,0.016508,0
3.0,0.06,4.62518,3.0,0.06,0.004683,0
3.0,0.24,4.63985,3.0,0.24,0.005546,0
3.0,0.48,4.64398,3.0,0.48,0.006596,0
3.0,0.9,4.65353,3.0,0.9,0.009614,0
3.0,1.2,4.65318,3.0,1.2,0.012021,0
3.0,1.8,4.65532,3.0,1.8,0.016355,0
4.0,0.06,6.20999,4.0,0.06,0.004572,0
4.0,0.24,6.16888,4.0,0.24,0.005511,0
4.0,0.48,6.17421,4.0,0.48,0.006595,0
4.0,0.9,6.17882,4.0,0.9,0.009608,0
4.0,1.2,6.18183,4.0,1.2,0.011823,0
4.0,1.8,6.18392,4.0,1.8,0.016277,0
5.0,0.06,7.6868,5.0,0.06,0.004509,0
5.0,0.24,7.70367,5.0,0.24,0.00543,0
5.0,0.48,7.69982,5.0,0.48,0.006502,0
5.0,0.9,7.70076,5.0,0.9,0.009445,0
5.0,1.2,7.703,5.0,1.2,0.011768,0
5.0,1.8,7.72637,5.0,1.8,0.016145,0
0.1,0.06,0.204494,0.1,0.06,0.006867,0
0.1,0.24,0.21803,0.1,0.24,0.007963,0
0.1,0.48,0.222118,0.1,0.48,0.00814,0
0.1,0.9,0.233724,0.1,0.9,0.013336,0
0.1,1.2,0.245743,0.1,1.2,0.013451,0
0.1,1.8,0.223401,0.1,1.8,0.018241,0
0.5,0.06,0.820683,0.5,0.06,0.007026,0
0.5,0.24,0.830236,0.5,0.24,0.007823,0
0.5,0.48,0.829661,0.5,0.48,0.008014,0
0.5,0.9,0.840143,0.5,0.9,0.012313,0
0.5,1.2,0.846281,0.5,1.2,0.013412,0
0.5,1.8,0.836971,0.5,1.8,0.018371,0
1.2,0.06,1.88751,1.2,0.06,0.007092,0
1.2,0.24,1.90291,1.2,0.24,0.007888,0
1.2,0.48,1.89963,1.2,0.48,0.008151,0
1.2,0.9,1.90689,1.2,0.9,0.012147,0
1.2,1.2,1.90731,1.2,1.2,0.013471,0
1.2,1.8,1.90509,1.2,1.8,0.018469,0
3.0,0.06,4.62518,3.0,0.06,0.007243,0
3.0,0.24,4.63985,3.0,0.24,0.008101,0
3.0,0.48,4.64398,3.0,0.48,0.008297,0
3.0,0.9,4.65353,3.0,0.9,0.012227,0
3.0,1.2,4.65318,3.0,1.2,0.013677,0
3.0,1.8,4.65532,3.0,1.8,0.018687,0
4.0,0.06,6.20999,4.0,0.06,0.007355,0
4.0,0.24,6.16888,4.0,0.24,0.008136,0
4.0,0.48,6.17421,4.0,0.48,0.00821,0
4.0,0.9,6.17882,4.0,0.9,0.012288,0
4.0,1.2,6.18183,4.0,1.2,0.013754,0
4.0,1.8,6.18392,4.0,1.8,0.018873,0
5.0,0.06,7.6868,5.0,0.06,0.008412,0
5.0,0.24,7.70367,5.0,0.24,0.008088,0
5.0,0.48,7.69982,5.0,0.48,0.008591,0
5.0,0.9,7.70076,5.0,0.9,0.012534,0
5.0,1.2,7.703,5.0,1.2,0.013883,0
5.0,1.8,7.72637,5.0,1.8,0.01883,0
13.068930862183835,5.79360055488412,40.55073037795556,9.632251043076328,5.680942023421622,47.27973022181689,1
0.1,0.24,0.237276,0.1,0.24,0.21596,0
0.1,0.48,0.241358,0.1,0.48,0.225138,0
0.1,0.9,0.243332,0.1,0.9,0.315974,0
0.1,1.2,0.262043,0.1,1.2,0.300309,0
0.1,1.8,0.260652,0.1,1.8,0.365912,0
0.5,0.06,1.15994,0.5,0.06,0.57991,0
0.5,0.24,1.1649,0.5,0.24,0.615588,0
0.5,0.48,1.15973,0.5,0.48,0.623732,0
0.5,0.9,1.15935,0.5,0.9,0.712121,0
0.5,1.2,1.17719,0.5,1.2,0.705561,0
0.5,1.8,1.16236,0.5,1.8,0.791803,0
1.2,0.06,2.78423,1.2,0.06,1.28402,0
1.2,0.24,2.78973,1.2,0.24,1.31973,0
1.2,0.48,2.78083,1.2,0.48,1.32668,0
1.2,0.9,2.78372,1.2,0.9,1.41201,0
1.2,1.2,2.79721,1.2,1.2,1.40532,0
1.2,1.8,2.77761,1.2,1.8,1.49065,0
3.0,0.06,6.90334,3.0,0.06,3.09103,0
3.0,0.24,6.91262,3.0,0.24,3.12526,0
3.0,0.48,6.94676,3.0,0.48,3.12748,0
3.0,0.9,6.99217,3.0,0.9,3.21463,0
3.0,1.2,6.93886,3.0,1.2,3.2057,0
3.0,1.8,6.99981,3.0,1.8,3.29365,0
4.0,0.06,9.26085,4.0,0.06,4.08691,0
4.0,0.24,9.21583,4.0,0.24,4.1219,0
4.0,0.48,9.22932,4.0,0.48,4.12827,0
3.6575064104281263,1.3005908819940915,9.610371078006674,4.536706351205223,1.1493449560677722,3.2431211545191148,1
4.0,1.2,9.36201,4.0,1.2,4.20889,0
4.0,1.8,9.32696,4.0,1.8,4.29238,0
5.0,0.06,11.6384,5.0,0.06,5.08871,0
5.0,0.24,11.6414,5.0,0.24,5.12769,0
5.0,0.48,11.6685,5.0,0.48,5.13921,0
5.0,0.9,11.611,5.0,0.9,5.21551,0
5.0,1.2,11.5515,5.0,1.2,5.21792,0
5.0,1.8,11.5991,5.0,1.8,5.29495,0
0.1,0.06,0.240521,0.1,0.06,0.145236,0
0.1,0.24,0.237276,0.1,0.24,0.148106,0
0.1,0.48,0.241358,0.1,0.48,0.197462,0
0.1,0.9,0.243332,0.1,0.9,0.179665,0
0.1,1.2,0.262043,0.1,1.2,0.235701,0
0.1,1.8,0.260652,0.1,1.8,0.325312,0
0.5,0.06,1.15994,0.5,0.06,0.69326,0
0.5,0.24,1.1649,0.5,0.24,0.689906,0
0.5,0.48,1.15973,0.5,0.48,0.690913,0
0.5,0.9,1.15935,0.5,0.9,0.69337,0
0.5,1.2,1.17719,0.5,1.2,0.690736,0
0.5,1.8,1.16236,0.5,1.8,0.694847,0
1.2,0.06,2.78423,1.2,0.06,1.65869,0
1.2,0.24,2.78973,1.2,0.24,1.66171,0
1.2,0.48,2.78083,1.2,0.48,1.64041,0
1.2,0.9,2.78372,1.2,0.9,1.64659,0
1.2,1.2,2.79721,1.2,1.2,1.64243,0
1.2,1.8,2.77761,1.2,1.8,1.64233,0
3.0,0.06,6.90334,3.0,0.06,4.06345,0
3.0,0.24,6.91262,3.0,0.24,4.06479,0
3.0,0.48,6.94676,3.0,0.48,4.08968,0
3.0,0.9,6.99217,3.0,0.9,4.13121,0
3.0,1.2,6.93886,3.0,1.2,4.09966,0
3.0,1.8,6.99981,3.0,1.8,4.09483,0
4.0,0.06,9.26085,4.0,0.06,5.45403,0
5.0,0.06,7.69668,5.0,0.06,6.77359,1
4.0,0.48,9.22932,4.0,0.48,5.44675,0
4.0,0.9,9.22767,4.0,0.9,5.45191,0
4.0,1.2,9.36201,4.0,1.2,5.47615,0
4.0,1.8,9.32696,4.0,1.8,5.45834,0
5.0,0.06,11.6384,5.0,0.06,6.80272,0
5.0,0.24,11.6414,5.0,0.24,6.81937,0
5.0,0.48,11.6685,5.0,0.48,6.80368,0
5.0,0.9,11.611,5.0,0.9,6.81137,0
5.0,1.2,11.5515,5.0,1.2,6.81921,0
5.0,1.8,11.5991,5.0,1.8,6.85187,0
0.1,0.06,0.240521,0.1,0.06,0.004741,0
0.1,0.24,0.237276,0.1,0.24,0.005583,0
0.1,0.48,0.241358,0.1,0.48,0.00768,0
0.1,0.9,0.243332,0.1,0.9,0.012004,0
0.1,1.2,0.262043,0.1,1.2,0.016147,0
0.1,1.8,0.260652,0.1,1.8,0.017246,0
0.5,0.06,1.15994,0.5,0.06,0.004806,0
0.5,0.24,1.1649,0.5,0.24,0.005689,0
0.5,0.48,1.15973,0.5,0.48,0.006946,0
0.5,0.9,1.15935,0.5,0.9,0.010439,0
0.5,1.2,1.17719,0.5,1.2,0.01339,0
0.5,1.8,1.16236,0.5,1.8,0.01675,0
1.2,0.06,2.78423,1.2,0.06,0.004795,0
1.2,0.24,2.78973,1.2,0.24,0.005725,0
1.2,0.48,2.78083,1.2,0.48,0.006778,0
1.2,0.9,2.78372,1.2,0.9,0.010003,0
1.2,1.2,2.79721,1.2,1.2,0.012547,0
1.2,1.8,2.77761,1.2,1.8,0.016508,0
3.0,0.06,6.90334,3.0,0.06,0.004683,0
3.0,0.24,6.91262,3.0,0.24,0.005546,0
3.0,0.48,6.94676,3.0,0.48,0.006596,0
3.0,0.9,6.99217,3.0,0.9,0.009614,0
3.0,1.2,6.93886,3.0,1.2,0.012021,0
3.0,1.8,6.99981,3.0,1.8,0.016355,0
4.0,0.06,9.26085,4.0,0.06,0.004572,0
4.0,0.24,9.21583,4.0,0.24,0.005511,0
4.0,0.48,9.22932,4.0,0.48,0.006595,0
4.0,0.9,9.22767,4.0,0.9,0.009608,0
4.0,1.2,9.36201,4.0,1.2,0.011823,0
4.0,1.8,9.32696,4.0,1.8,0.016277,0
5.0,0.06,11.6384,5.0,0.06,0.004509,0
5.0,0.24,11.6414,5.0,0.24,0.00543,0
5.0,0.48,11.6685,5.0,0.48,0.006502,0
5.0,0.9,11.611,5.0,0.9,0.009445,0
5.0,1.2,11.5515,5.0,1.2,0.011768,0
5.0,1.8,11.5991,5.0,1.8,0.016145,0
0.1,0.06,0.240521,0.1,0.06,0.006867,0
0.1,0.24,0.237276,0.1,0.24,0.007963,0
0.1,0.48,0.241358,0.1,0.48,0.00814,0
0.1,0.9,0.243332,0.1,0.9,0.013336,0
0.6076961643376116,0.6140843497637374,0.7755732134365088,-0.22393614482326066,1.3812249407972632,-0.2414959764328164,1
0.1,1.8,0.260652,0.1,1.8,0.018241,0
0.5,0.06,1.15994,0.5,0.06,0.007026,0
0.5,0.24,1.1649,0.5,0.24,0.007823,0
0.5,0.48,1.15973,0.5,0.48,0.008014,0
0.5,0.9,1.15935,0.5,0.9,0.012313,0
0.5,1.2,1.17719,0.5,1.2,0.013412,0
0.5,1.8,1.16236,0.5,1.8,0.018371,0
1.2,0.06,2.78423,1.2,0.06,0.007092,0
1.2,0.24,2.78973,1.2,0.24,0.007888,0
1.2,0.48,2.78083,1.2,0.48,0.008151,0
1.2,0.9,2.78372,1.2,0.9,0.012147,0
1.2,1.2,2.79721,1.2,1.2,0.013471,0
1.2,1.8,2.77761,1.2,1.8,0.018469,0
3.0,0.06,6.90334,3.0,0.06,0.007243,0
3.0,0.24,6.91262,3.0,0.24,0.008101,0
3.0,0.48,6.94676,3.0,0.48,0.008297,0
3.0,0.9,6.99217,3.0,0.9,0.012227,0
3.0,1.2,6.93886,3.0,1.2,0.013677,0
3.0,1.8,6.99981,3.0,1.8,0.018687,0
4.0,0.06,9.26085,4.0,0.06,0.007355,0
4.0,0.24,9.21583,4.0,0.24,0.008136,0
4.0,0.48,9.22932,4.0,0.48,0.00821,0
4.0,0.9,9.22767,4.0,0.9,0.012288,0
4.0,1.2,9.36201,4.0,1.2,0.013754,0
4.0,1.8,9.32696,4.0,1.8,0.018873,0
5.0,0.06,11.6384,5.0,0.06,0.008412,0
5.0,0.24,11.6414,5.0,0.24,0.008088,0
5.0,0.48,11.6685,5.0,0.48,0.008591,0
5.0,0.9,11.611,5.0,0.9,0.012534,0
5.0,1.2,11.5515,5.0,1.2,0.013883,0
5.0,1.8,11.5991,5.0,1.8,0.01883,0
0.1,0.06,0.178792,0.1,0.06,0.145236,0
0.1,0.24,0.21596,0.1,0.24,0.148106,0
0.1,0.48,0.225138,0.1,0.48,0.197462,0
0.1,0.9,0.315974,0.1,0.9,0.179665,0
0.1,1.2,0.300309,0.1,1.2,0.235701,0
0.1,1.8,0.365912,0.1,1.8,0.325312,0
0.5,0.06,0.57991,0.5,0.06,0.69326,0
0.5,0.24,0.615588,0.5,0.24,0.689906,0
0.5,0.48,0.623732,0.5,0.48,0.690913,0
0.5,0.9,0.712121,0.5,0.9,0.69337,0
0.5,1.2,0.705561,0.5,1.2,0.690736,0
0.5,1.8,0.791803,0.5,1.8,0.694847,0
1.2,0.06,1.28402,1.2,0.06,1.65869,0
1.2,0.24,1.31973,1.2,0.24,1.66171,0
1.2,0.48,1.32668,1.2,0.48,1.64041,0
1.2,0.9,1.41201,1.2,0.9,1.64659,0
1.2,1.2,1.40532,1.2,1.2,1.64243,0
1.2,1.8,1.49065,1.2,1.8,1.64233,0
3.0,0.06,3.09103,3.0,0.06,4.06345,0
3.0,0.24,3.12526,3.0,0.24,4.06479,0
3.0,0.48,3.12748,3.0,0.48,4.08968,0
3.0,0.9,3.21463,3.0,0.9,4.13121,0
3.0,1.2,3.2057,3.0,1.2,4.09966,0
3.0,1.8,3.29365,3.0,1.8,4.09483,0
4.0,0.06,4.08691,4.0,0.06,5.45403,0
4.0,0.24,4.1219,4.0,0.24,5.50981,0
4.0,0.48,4.12827,4.0,0.48,5.44675,0
4.0,0.9,4.21437,4.0,0.9,5.45191,0
4.0,1.2,4.20889,4.0,1.2,5.47615,0
4.0,1.8,4.29238,4.0,1.8,5.45834,0
5.0,0.06,5.08871,5.0,0.06,6.80272,0
5.0,0.24,5.12769,5.0,0.24,6.81937,0
5.0,0.48,5.13921,5.0,0.48,6.80368,0
5.0,0.9,5.21551,5.0,0.9,6.81137,0
5.0,1.2,5.21792,5.0,1.2,6.81921,0
5.0,1.8,5.29495,5.0,1.8,6.85187,0
0.6554555723672165,-0.6904010076310874,0.017254128661487733,0.7677852277683782,0.547600270842383,0.18937288882495232,1
0.1,0.24,0.21596,0.1,0.24,0.005583,0
0.1,0.48,0.225138,0.1,0.48,0.00768,0
0.1,0.9,0.315974,0.1,0.9,0.012004,0
0.1,1.2,0.300309,0.1,1.2,0.016147,0
0.1,1.8,0.365912,0.1,1.8,0.017246,0
0.5,0.06,0.57991,0.5,0.06,0.004806,0
0.5,0.24,0.615588,0.5,0.24,0.005689,0
0.5,0.48,0.623732,0.5,0.48,0.006946,0
0.5,0.9,0.712121,0.5,0.9,0.010439,0
15.401374623913764,7.212459559447421,44.40261255037221,9.461817804056519,7.374169225955827,43.69753563050419,1
0.5,1.8,0.791803,0.5,1.8,0.01675,0
1.2,0.06,1.28402,1.2,0.06,0.004795,0
1.2,0.24,1.31973,1.2,0.24,0.005725,0
1.2,0.48,1.32668,1.2,0.48,0.006778,0
1.2,0.9,1.41201,1.2,0.9,0.010003,0
1.2,1.2,1.40532,1.2,1.2,0.012547,0
1.2,1.8,1.49065,1.2,1.8,0.016508,0
3.0,0.06,3.09103,3.0,0.06,0.004683,0
3.0,0.24,3.12526,3.0,0.24,0.005546,0
3.0,0.48,3.12748,3.0,0.48,0.006596,0
3.0,0.9,3.21463,3.0,0.9,0.009614,0
3.0,1.2,3.2057,3.0,1.2,0.012021,0
3.0,1.8,3.29365,3.0,1.8,0.016355,0
4.0,0.06,4.08691,4.0,0.06,0.004572,0
4.0,0.24,4.1219,4.0,0.24,0.005511,0
4.0,0.48,4.12827,4.0,0.48,0.006595,0
4.0,0.9,4.21437,4.0,0.9,0.009608,0
4.0,1.2,4.20889,4.0,1.2,0.011823,0
4.0,1.8,4.29238,4.0,1.8,0.016277,0
5.0,0.06,5.08871,5.0,0.06,0.004509,0
5.0,0.24,5.12769,5.0,0.24,0.00543,0
5.0,0.48,5.13921,5.0,0.48,0.006502,0
5.0,0.9,5.21551,5.0,0.9,0.009445,0
5.0,1.2,5.21792,5.0,1.2,0.011768,0
5.0,1.8,5.29495,5.0,1.8,0.016145,0
0.1,0.06,0.178792,0.1,0.06,0.006867,0
0.1,0.24,0.21596,0.1,0.24,0.007963,0
0.1,0.48,0.225138,0.1,0.48,0.00814,0
0.1,0.9,0.315974,0.1,0.9,0.013336,0
12.352463028479807,5.524380166965833,42.892778779910714,17.10094132174558,7.47379325840696,53.42969028804923,1
0.1,1.8,0.365912,0.1,1.8,0.018241,0
0.5,0.06,0.57991,0.5,0.06,0.007026,0
0.5,0.24,0.615588,0.5,0.24,0.007823,0
0.5,0.48,0.623732,0.5,0.48,0.008014,0
0.5,0.9,0.712121,0.5,0.9,0.012313,0
0.5,1.2,0.705561,0.5,1.2,0.013412,0
0.5,1.8,0.791803,0.5,1.8,0.018371,0
1.2,0.06,1.28402,1.2,0.06,0.007092,0
5.0,1.8,10.7707,5.0,1.8,0.008313,1
1.2,0.48,1.32668,1.2,0.48,0.008151,0
1.2,0.9,1.41201,1.2,0.9,0.012147,0
1.2,1.2,1.40532,1.2,1.2,0.013471,0
1.2,1.8,1.49065,1.2,1.8,0.018469,0
3.0,0.06,3.09103,3.0,0.06,0.007243,0
3.0,0.24,3.12526,3.0,0.24,0.008101,0
3.0,0.48,3.12748,3.0,0.48,0.008297,0
3.0,0.9,3.21463,3.0,0.9,0.012227,0
2.922675146719583,0.2933532639914207,3.1960408478640825,3.0508150267667125,1.7836088666521865,0.8079005881200559,1
3.0,1.8,3.29365,3.0,1.8,0.018687,0
4.0,0.06,4.08691,4.0,0.06,0.007355,0
4.0,0.24,4.1219,4.0,0.24,0.008136,0
4.0,0.48,4.12827,4.0,0.48,0.00821,0
4.0,0.9,4.21437,4.0,0.9,0.012288,0
4.0,1.2,4.20889,4.0,1.2,0.013754,0
3.0,1.2,6.94765,3.0,1.2,0.054392,1
5.0,0.06,5.08871,5.0,0.06,0.008412,0
5.0,0.24,5.12769,5.0,0.24,0.008088,0
5.0,0.48,5.13921,5.0,0.48,0.008591,0
5.0,0.9,5.21551,5.0,0.9,0.012534,0
5.0,1.2,5.21792,5.0,1.2,0.013883,0
5.0,1.8,5.29495,5.0,1.8,0.01883,0
0.1,0.06,0.145236,0.1,0.06,0.004741,0
0.1,0.24,0.148106,0.1,0.24,0.005583,0
0.1,0.48,0.197462,0.1,0.48,0.00768,0
0.1,0.9,0.179665,0.1,0.9,0.012004,0
0.1,1.2,0.235701,0.1,1.2,0.016147,0
0.1,1.8,0.325312,0.1,1.8,0.017246,0
0.5,0.06,0.69326,0.5,0.06,0.004806,0
0.5,0.24,0.689906,0.5,0.24,0.005689,0
0.5,0.48,0.690913,0.5,0.48,0.006946,0
0.5,0.24,1.58418,0.5,0.24,0.006144,1
0.5,1.2,0.690736,0.5,1.2,0.01339,0
0.5,1.8,0.694847,0.5,1.8,0.01675,0
1.2,0.06,1.65869,1.2,0.06,0.004795,0
1.2,0.24,1.66171,1.2,0.24,0.005725,0
1.2,0.48,1.64041,1.2,0.48,0.006778,0
1.2,0.9,1.64659,1.2,0.9,0.010003,0
1.2,1.2,1.64243,1.2,1.2,0.012547,0
1.2,1.8,1.64233,1.2,1.8,0.016508,0
3.0,0.06,4.06345,3.0,0.06,0.004683,0
3.0,0.24,4.06479,3.0,0.24,0.005546,0
3.0,0.48,4.08968,3.0,0.48,0.006596,0
3.0,0.9,4.13121,3.0,0.9,0.009614,0
3.0,1.2,4.09966,3.0,1.2,0.012021,0
3.0,1.8,4.09483,3.0,1.8,0.016355,0
4.0,0.06,5.45403,4.0,0.06,0.004572,0
4.0,0.24,5.50981,4.0,0.24,0.005511,0
15.405114625619554,5.275519053064571,46.65244978531067,16.35857519843882,4.453541260859225,50.37302583527108,1
4.0,0.9,5.45191,4.0,0.9,0.009608,0
4.0,1.2,5.47615,4.0,1.2,0.011823,0
4.0,1.8,5.45834,4.0,1.8,0.016277,0
5.0,0.06,6.80272,5.0,0.06,0.004509,0
5.0,0.24,6.81937,5.0,0.24,0.00543,0
5.0,0.48,6.80368,5.0,0.48,0.006502,0
5.0,0.9,6.81137,5.0,0.9,0.009445,0
5.0,1.2,6.81921,5.0,1.2,0.011768,0
5.0,1.8,6.85187,5.0,1.8,0.016145,0
0.1,0.06,0.145236,0.1,0.06,0.006867,0
0.1,0.24,0.148106,0.1,0.24,0.007963,0
0.1,0.48,0.197462,0.1,0.48,0.00814,0
0.1,0.9,0.179665,0.1,0.9,0.013336,0
0.1,1.2,0.235701,0.1,1.2,0.013451,0
0.1,1.8,0.325312,0.1,1.8,0.018241,0
0.5,0.06,0.69326,0.5,0.06,0.007026,0
0.5,0.24,0.689906,0.5,0.24,0.007823,0
0.5,0.48,0.690913,0.5,0.48,0.008014,0
0.5,0.9,0.69337,0.5,0.9,0.012313,0
0.5,1.2,0.690736,0.5,1.2,0.013412,0
0.5,1.8,0.694847,0.5,1.8,0.018371,0
1.2,0.06,1.65869,1.2,0.06,0.007092,0
1.2,0.24,1.66171,1.2,0.24,0.007888,0
1.2,0.48,1.64041,1.2,0.48,0.008151,0
1.2,0.9,1.64659,1.2,0.9,0.012147,0
1.2,1.2,1.64243,1.2,1.2,0.013471,0
1.2,1.8,1.64233,1.2,1.8,0.018469,0
3.0,0.06,4.06345,3.0,0.06,0.007243,0
3.0,0.24,4.06479,3.0,0.24,0.008101,0
3.0,0.48,4.08968,3.0,0.48,0.008297,0
3.0,0.9,4.13121,3.0,0.9,0.012227,0
3.0,1.2,4.09966,3.0,1.2,0.013677,0
3.0,1.8,4.09483,3.0,1.8,0.018687,0
4.0,0.06,5.45403,4.0,0.06,0.007355,0
4.0,0.24,5.50981,4.0,0.24,0.008136,0
4.0,0.48,5.44675,4.0,0.48,0.00821,0
4.0,0.9,5.45191,4.0,0.9,0.012288,0
4.0,1.2,5.47615,4.0,1.2,0.013754,0
13.130317004276586,4.221647414483545,69.30212342246892,16.9470968149538,7.20201279493253,69.47397463737022,1
5.0,0.06,6.80272,5.0,0.06,0.008412,0
5.0,0.24,6.81937,5.0,0.24,0.008088,0
5.0,0.48,6.80368,5.0,0.48,0.008591,0
5.0,0.9,6.81137,5.0,0.9,0.012534,0
5.0,1.2,6.81921,5.0,1.2,0.013883,0
5.0,1.8,6.85187,5.0,1.8,0.01883,0
0.1,0.06,0.004741,0.1,0.06,0.006867,0
0.1,0.24,0.005583,0.1,0.24,0.007963,0
0.1,0.48,0.00768,0.1,0.48,0.00814,0
0.1,0.9,0.012004,0.1,0.9,0.013336,0
0.1,1.2,0.016147,0.1,1.2,0.013451,0
0.1,1.8,0.017246,0.1,1.8,0.018241,0
0.5,0.06,0.004806,0.5,0.06,0.007026,0
0.5,0.24,0.005689,0.5,0.24,0.007823,0
0.5,0.48,0.006946,0.5,0.48,0.008014,0
0.5,0.9,0.010439,0.5,0.9,0.012313,0
0.5,1.2,0.01339,0.5,1.2,0.013412,0
0.5,1.8,0.01675,0.5,1.8,0.018371,0
1.2,0.06,0.004795,1.2,0.06,0.007092,0
1.2,0.24,0.005725,1.2,0.24,0.007888,0
1.2,0.48,0.006778,1.2,0.48,0.008151,0
1.2,0.9,0.010003,1.2,0.9,0.012147,0
1.2,1.2,0.012547,1.2,1.2,0.013471,0
1.2,1.8,0.016508,1.2,1.8,0.018469,0
3.0,0.06,0.004683,3.0,0.06,0.007243,0
3.0,0.24,0.005546,3.0,0.24,0.008101,0
3.0,0.48,0.006596,3.0,0.48,0.008297,0
3.0,1.2,3.5204,3.0,1.2,2.09428,1
3.0,1.2,0.012021,3.0,1.2,0.013677,0
3.0,1.8,0.016355,3.0,1.8,0.018687,0
4.0,0.06,0.004572,4.0,0.06,0.007355,0
4.0,0.24,0.005511,4.0,0.24,0.008136,0
4.0,0.48,0.006595,4.0,0.48,0.00821,0
4.0,0.9,0.009608,4.0,0.9,0.012288,0
4.0,1.2,0.011823,4.0,1.2,0.013754,0
4.0,1.8,0.016277,4.0,1.8,0.018873,0
5.0,0.06,0.004509,5.0,0.06,0.008412,0
5.0,0.24,0.00543,5.0,0.24,0.008088,0
5.0,0.48,0.006502,5.0,0.48,0.008591,0
5.0,0.9,0.009445,5.0,0.9,0.012534,0
5.0,1.2,0.011768,5.0,1.2,0.013883,0
5.0,1.8,0.016145,5.0,1.8,0.01883,0
0.1,0.06,0.371168,0.1,0.06,0.503617,0
0.1,0.24,0.416579,0.1,0.24,0.500467,0
0.1,0.48,0.474208,0.1,0.48,0.515395,0
0.1,0.9,0.615469,0.1,0.9,0.600119,0
0.1,1.2,0.66728,0.1,1.2,0.647636,0
0.1,1.8,0.775794,0.1,1.8,0.796227,0
0.5,0.06,1.68699,0.5,0.06,2.39971,0
0.5,0.24,1.73867,0.5,0.24,2.39429,0
0.5,0.48,1.7765,0.5,0.48,2.43084,0
0.5,0.9,1.88823,0.5,0.9,2.41082,0
0.5,1.2,1.95254,0.5,1.2,2.41526,0
0.5,1.8,2.13251,0.5,1.8,2.44444,0
1.2,0.06,3.93561,1.2,0.06,5.72181,0
1.2,0.24,4.02762,1.2,0.24,5.81794,0
1.2,0.48,4.06044,1.2,0.48,5.73604,0
1.2,0.9,4.18477,1.2,0.9,5.67197,0
1.2,1.2,4.25205,1.2,1.2,5.65944,0
1.2,1.8,4.41428,1.2,1.8,5.70484,0
3.0,0.06,9.80227,3.0,0.06,14.3184,0
3.0,0.24,9.77662,3.0,0.24,14.1829,0
3.0,0.48,9.96682,3.0,0.48,14.293,0
3.0,0.9,9.96324,3.0,0.9,14.2223,0
3.0,1.2,10.0375,3.0,1.2,14.2238,0
3.0,1.8,10.1591,3.0,1.8,14.1879,0
4.0,0.06,13.0969,4.0,0.06,18.8818,0
4.0,0.24,12.9731,4.0,0.24,18.9177,0
4.0,0.48,13.0762,4.0,0.48,18.8685,0
4.0,0.9,13.3726,4.0,0.9,18.9391,0
4.0,1.2,13.4437,4.0,1.2,18.9409,0
4.0,1.8,13.59,4.0,1.8,18.9253,0
5.0,0.06,16.1889,5.0,0.06,23.5957,0
5.0,0.24,16.2892,5.0,0.24,23.5132,0
5.0,0.48,16.3157,5.0,0.48,23.5176,0
5.0,0.9,16.4211,5.0,0.9,23.4513,0
5.0,1.2,16.49,5.0,1.2,23.4451,0
5.0,1.8,16.7554,5.0,1.8,23.5601,0
0.1,0.06,0.371168,0.1,0.06,0.205438,0
0.1,0.24,0.416579,0.1,0.24,0.243802,0
10.932162617795262,5.289976090706517,62.52961514829439,14.318442231913572,4.998023892279943,49.63501879218936,1
0.1,0.9,0.615469,0.1,0.9,0.357021,0
0.1,1.2,0.66728,0.1,1.2,0.381536,0
0.1,1.8,0.775794,0.1,1.8,0.422258,0
0.5,0.06,1.68699,0.5,0.06,0.912204,0
0.5,0.24,1.73867,0.5,0.24,0.946285,0
0.5,0.48,1.7765,0.5,0.48,0.994755,0
0.5,0.9,1.88823,0.5,0.9,1.08548,0
0.5,1.2,1.95254,0.5,1.2,1.15435,0
0.5,1.8,2.13251,0.5,1.8,1.29948,0
1.2,0.06,3.93561,1.2,0.06,2.11603,0
1.2,0.24,4.02762,1.2,0.24,2.13961,0
1.2,0.48,4.06044,1.2,0.48,2.21651,0
1.2,0.9,4.18477,1.2,0.9,2.30665,0
1.2,1.2,4.25205,1.2,1.2,2.38055,0
1.2,1.8,4.41428,1.2,1.8,2.51045,0
3.0,0.06,9.80227,3.0,0.06,5.20383,0
3.0,0.24,9.77662,3.0,0.24,5.31827,0
3.0,0.48,9.96682,3.0,0.48,5.33695,0
3.0,0.9,9.96324,3.0,0.9,5.43005,0
3.0,1.2,10.0375,3.0,1.2,5.5311,0
3.0,1.8,10.1591,3.0,1.8,5.62236,0
4.0,0.06,13.0969,4.0,0.06,6.95441,0
4.0,0.24,12.9731,4.0,0.24,7.04102,0
4.0,0.48,13.0762,4.0,0.48,7.16403,0
4.0,0.9,13.3726,4.0,0.9,7.11036,0
4.0,1.2,13.4437,4.0,1.2,7.21488,0
4.0,1.8,13.59,4.0,1.8,7.3069,0
5.0,0.06,16.1889,5.0,0.06,8.664,0
5.0,0.24,16.2892,5.0,0.24,8.81866,0
5.0,0.48,16.3157,5.0,0.48,8.84629,0
5.0,0.9,16.4211,5.0,0.9,8.89146,0
5.0,1.2,16.49,5.0,1.2,8.9057,0
5.0,1.8,16.7554,5.0,1.8,9.1109,0
0.1,0.06,0.371168,0.1,0.06,0.256952,0
0.1,0.24,0.416579,0.1,0.24,0.256429,0
0.1,0.48,0.474208,0.1,0.48,0.307931,0
0.1,0.9,0.615469,0.1,0.9,0.383306,0
0.1,1.2,0.66728,0.1,1.2,0.453443,0
0.1,1.8,0.775794,0.1,1.8,0.564218,0
0.5,0.06,1.68699,0.5,0.06,1.30207,0
0.5,0.24,1.73867,0.5,0.24,1.23175,0
0.5,0.48,1.7765,0.5,0.48,1.20691,0
0.5,0.9,1.88823,0.5,0.9,1.21444,0
0.5,1.2,1.95254,0.5,1.2,1.22388,0
0.5,1.8,2.13251,0.5,1.8,1.35421,0
1.2,0.06,3.93561,1.2,0.06,2.94235,0
1.2,0.24,4.02762,1.2,0.24,2.89504,0
1.2,0.48,4.06044,1.2,0.48,2.93424,0
1.2,0.9,4.18477,1.2,0.9,2.84246,0
1.2,1.2,4.25205,1.2,1.2,2.8936,0
1.2,1.8,4.41428,1.2,1.8,2.88103,0
3.0,0.06,9.80227,3.0,0.06,7.06029,0
3.0,0.24,9.77662,3.0,0.24,7.33357,0
3.0,0.48,9.96682,3.0,0.48,7.28566,0
2.929168684063878,1.0511614501741375,10.651038482152105,2.7979523440838,1.9177657283597975,8.121517203748727,1
3.0,1.2,10.0375,3.0,1.2,7.09896,0
3.0,1.8,10.1591,3.0,1.8,7.128,0
12.803394762079334,6.92396729662288,48.784032170098406,10.474261598644025,6.721533659927649,60.06074812476548,1
4.0,0.24,12.9731,4.0,0.24,9.59271,0
4.0,0.48,13.0762,4.0,0.48,9.59923,0
4.0,0.9,13.3726,4.0,0.9,9.5801,0
4.0,1.2,13.4437,4.0,1.2,9.51605,0
4.0,1.8,13.59,4.0,1.8,9.57657,0
5.0,0.06,16.1889,5.0,0.06,12.0681,0
5.0,0.24,16.2892,5.0,0.24,11.8816,0
5.0,0.48,16.3157,5.0,0.48,11.8204,0
5.0,0.9,16.4211,5.0,0.9,12.055,0
4.532703052550764,1.2387926947431955,17.188380088699244,5.222484157688088,1.2155317131994656,11.930216359417166,1
5.0,1.8,16.7554,5.0,1.8,11.8487,0
0.1,0.06,0.371168,0.1,0.06,0.007929,0
0.1,0.24,0.416579,0.1,0.24,0.008161,0
0.1,0.48,0.474208,0.1,0.48,0.008598,0
0.1,0.9,0.615469,0.1,0.9,0.013221,0
0.1,1.2,0.66728,0.1,1.2,0.014256,0
0.1,1.8,0.775794,0.1,1.8,0.021988,0
0.5,0.06,1.68699,0.5,0.06,0.008031,0
0.5,0.24,1.73867,0.5,0.24,0.008125,0
0.5,0.48,1.7765,0.5,0.48,0.008159,0
0.5,0.9,1.88823,0.5,0.9,0.009797,0
0.5,1.2,1.95254,0.5,1.2,0.010857,0
0.5,1.8,2.13251,0.5,1.8,0.01477,0
1.2,0.06,3.93561,1.2,0.06,0.008015,0
1.2,0.24,4.02762,1.2,0.24,0.008242,0
1.2,0.48,4.06044,1.2,0.48,0.008184,0
1.2,0.9,4.18477,1.2,0.9,0.008813,0
1.2,1.2,4.25205,1.2,1.2,0.009417,0
1.2,1.8,4.41428,1.2,1.8,0.011608,0
3.0,0.06,9.80227,3.0,0.06,0.008053,0
3.0,0.24,9.77662,3.0,0.24,0.007648,0
3.0,0.48,9.96682,3.0,0.48,0.008026,0
3.0,0.9,9.96324,3.0,0.9,0.008053,0
3.0,1.2,10.0375,3.0,1.2,0.00832,0
3.0,1.8,10.1591,3.0,1.8,0.009584,0
4.0,0.06,13.0969,4.0,0.06,0.007637,0
4.0,0.24,12.9731,4.0,0.24,0.00793,0
4.0,0.48,13.0762,4.0,0.48,0.007806,0
4.0,0.9,13.3726,4.0,0.9,0.008064,0
4.0,1.2,13.4437,4.0,1.2,0.00827,0
4.0,1.8,13.59,4.0,1.8,0.009084,0
5.0,0.06,16.1889,5.0,0.06,0.007719,0
5.0,0.24,16.2892,5.0,0.24,0.007719,0
5.0,0.48,16.3157,5.0,0.48,0.007707,0
4.24708379733469,0.875044883479419,16.12614230187503,5.165519451408607,0.4953266576025599,-0.5049216974873038,1
5.0,1.2,16.49,5.0,1.2,0.008113,0
5.0,1.8,16.7554,5.0,1.8,0.008795,0
0.1,0.06,0.371168,0.1,0.06,0.003742,0
0.1,0.24,0.416579,0.1,0.24,0.003435,0
0.1,0.48,0.474208,0.1,0.48,0.004381,0
0.1,0.9,0.615469,0.1,0.9,0.007278,0
0.1,1.2,0.66728,0.1,1.2,0.009854,0
0.1,1.8,0.775794,0.1,1.8,0.015108,0
0.5,0.06,1.68699,0.5,0.06,0.004535,0
0.5,0.24,1.73867,0.5,0.24,0.00415,0
0.5,0.48,1.7765,0.5,0.48,0.003994,0
0.5,0.9,1.88823,0.5,0.9,0.004779,0
0.5877870424629109,0.6876246249618049,2.876560095885425,0.9953554233120425,1.139489484495218,0.3691536297669746,1
0.5,1.8,2.13251,0.5,1.8,0.007724,0
1.2,0.06,3.93561,1.2,0.06,0.004028,0
1.2,0.24,4.02762,1.2,0.24,0.003996,0
1.2,0.48,4.06044,1.2,0.48,0.004178,0
1.2,0.9,4.18477,1.2,0.9,0.004197,0
1.2,1.2,4.25205,1.2,1.2,0.004933,0
1.2,1.8,4.41428,1.2,1.8,0.005736,0
3.0,0.06,9.80227,3.0,0.06,0.00384,0
3.0,0.24,9.77662,3.0,0.24,0.004262,0
3.0,0.48,9.96682,3.0,0.48,0.004047,0
3.0,0.9,9.96324,3.0,0.9,0.004131,0
3.0,1.2,10.0375,3.0,1.2,0.004334,0
3.0,1.8,10.1591,3.0,1.8,0.004799,0
4.0,0.06,13.0969,4.0,0.06,0.004259,0
4.0,0.24,12.9731,4.0,0.24,0.004215,0
4.0,0.48,13.0762,4.0,0.48,0.004083,0
0.1,1.2,0.323246,0.1,1.2,0.0429365,1
4.0,1.2,13.4437,4.0,1.2,0.004243,0
4.0,1.8,13.59,4.0,1.8,0.004635,0
5.0,0.06,16.1889,5.0,0.06,0.004269,0
5.0,0.24,16.2892,5.0,0.24,0.004155,0
5.0,0.48,16.3157,5.0,0.48,0.004109,0
5.0,0.9,16.4211,5.0,0.9,0.004186,0
5.0,1.2,16.49,5.0,1.2,0.004296,0
5.0,1.8,16.7554,5.0,1.8,0.004535,0
0.1,0.06,0.503617,0.1,0.06,0.205438,0
0.1,0.24,0.500467,0.1,0.24,0.243802,0
0.1,0.48,0.515395,0.1,0.48,0.301969,0
0.1,0.9,0.600119,0.1,0.9,0.357021,0
0.1,1.2,0.647636,0.1,1.2,0.381536,0
0.1,1.8,0.796227,0.1,1.8,0.422258,0
0.5,0.06,2.39971,0.5,0.06,0.912204,0
0.5,0.24,2.39429,0.5,0.24,0.946285,0
0.5,0.48,2.43084,0.5,0.48,0.994755,0
0.5,0.9,2.41082,0.5,0.9,1.08548,0
0.5,1.2,2.41526,0.5,1.2,1.15435,0
0.5,1.8,2.44444,0.5,1.8,1.29948,0
1.2,0.06,5.72181,1.2,0.06,2.11603,0
1.2,0.24,5.81794,1.2,0.24,2.13961,0
1.2,0.48,5.73604,1.2,0.48,2.21651,0
1.2,0.9,5.67197,1.2,0.9,2.30665,0
1.2,1.2,5.65944,1.2,1.2,2.38055,0
1.2,1.8,5.70484,1.2,1.8,2.51045,0
3.0,0.06,14.3184,3.0,0.06,5.20383,0
3.0,0.24,14.1829,3.0,0.24,5.31827,0
3.0,0.48,14.293,3.0,0.48,5.33695,0
3.0,0.9,14.2223,3.0,0.9,5.43005,0
3.0,1.2,14.2238,3.0,1.2,5.5311,0
3.0,1.8,14.1879,3.0,1.8,5.62236,0
4.0,0.06,18.8818,4.0,0.06,6.95441,0
4.0,0.24,18.9177,4.0,0.24,7.04102,0
4.0,0.48,18.8685,4.0,0.48,7.16403,0
4.0,0.9,18.9391,4.0,0.9,7.11036,0
4.0,1.2,18.9409,4.0,1.2,7.21488,0
4.0,1.8,18.9253,4.0,1.8,7.3069,0
1.2,1.2,2.7179,1.2,1.2,0.020422,1
5.0,0.24,23.5132,5.0,0.24,8.81866,0
5.0,0.48,23.5176,5.0,0.48,8.84629,0
5.0,0.9,23.4513,5.0,0.9,8.89146,0
5.0,1.2,23.4451,5.0,1.2,8.9057,0
5.0,1.8,23.5601,5.0,1.8,9.1109,0
0.1,0.06,0.503617,0.1,0.06,0.256952,0
0.1,0.24,0.500467,0.1,0.24,0.256429,0
0.1,0.48,0.515395,0.1,0.48,0.307931,0
0.1,0.9,0.600119,0.1,0.9,0.383306,0
0.1,1.2,0.647636,0.1,1.2,0.453443,0
0.1,1.8,0.796227,0.1,1.8,0.564218,0
0.5,0.06,2.39971,0.5,0.06,1.30207,0
0.5,0.24,2.39429,0.5,0.24,1.23175,0
0.5,0.48,2.43084,0.5,0.48,1.20691,0
0.5,0.9,2.41082,0.5,0.9,1.21444,0
0.5,1.2,2.41526,0.5,1.2,1.22388,0
0.5,1.8,2.44444,0.5,1.8,1.35421,0
1.2,0.06,5.72181,1.2,0.06,2.94235,0
1.2,0.24,5.81794,1.2,0.24,2.89504,0
1.2,0.48,5.73604,1.2,0.48,2.93424,0
3.0,0.48,9.335,3.0,0.48,14.1076,1
1.2,1.2,5.65944,1.2,1.2,2.8936,0
1.2,1.8,5.70484,1.2,1.8,2.88103,0
3.0,0.06,14.3184,3.0,0.06,7.06029,0
3.0,0.24,14.1829,3.0,0.24,7.33357,0
3.0,0.48,14.293,3.0,0.48,7.28566,0
3.0,0.9,14.2223,3.0,0.9,7.12547,0
3.0,1.2,14.2238,3.0,1.2,7.09896,0
3.0,1.8,14.1879,3.0,1.8,7.128,0
4.0,0.06,18.8818,4.0,0.06,9.47677,0
4.0,0.24,18.9177,4.0,0.24,9.59271,0
4.0,0.48,18.8685,4.0,0.48,9.59923,0
4.0,0.9,18.9391,4.0,0.9,9.5801,0
4.0,1.2,18.9409,4.0,1.2,9.51605,0
4.0,1.8,18.9253,4.0,1.8,9.57657,0
5.0,0.06,23.5957,5.0,0.06,12.0681,0
5.0,0.24,23.5132,5.0,0.24,11.8816,0
5.0,0.48,23.5176,5.0,0.48,11.8204,0
5.0,0.9,23.4513,5.0,0.9,12.055,0
5.0,1.2,23.4451,5.0,1.2,12.0111,0
5.0,1.8,23.5601,5.0,1.8,11.8487,0
0.1,0.06,0.503617,0.1,0.06,0.007929,0
0.1,0.24,0.500467,0.1,0.24,0.008161,0
0.1,0.48,0.515395,0.1,0.48,0.008598,0
0.1,0.9,0.600119,0.1,0.9,0.013221,0
0.1,1.2,0.647636,0.1,1.2,0.014256,0
0.1,1.8,0.796227,0.1,1.8,0.021988,0
0.5,0.06,2.39971,0.5,0.06,0.008031,0
0.5,0.24,2.39429,0.5,0.24,0.008125,0
11.529145540940323,5.000547077449605,69.59365936105404,15.559164161866796,4.511977029829458,61.84551839496487,1
0.5,0.9,2.41082,0.5,0.9,0.009797,0
0.5,1.2,2.41526,0.5,1.2,0.010857,0
0.5,1.8,2.44444,0.5,1.8,0.01477,0
1.2,0.06,5.72181,1.2,0.06,0.008015,0
1.2,0.24,5.81794,1.2,0.24,0.008242,0
1.2,0.48,5.73604,1.2,0.48,0.008184,0
1.2,0.9,5.67197,1.2,0.9,0.008813,0
1.2,1.2,5.65944,1.2,1.2,0.009417,0
1.2,1.8,5.70484,1.2,1.8,0.011608,0
3.0,0.06,14.3184,3.0,0.06,0.008053,0
3.0,0.24,14.1829,3.0,0.24,0.007648,0
3.0,0.48,14.293,3.0,0.48,0.008026,0
2.990932878245959,1.0466422145024261,14.464667323984463,2.8491007533018737,2.165184834320845,-0.10589327938291704,1
3.0,1.2,14.2238,3.0,1.2,0.00832,0
3.0,1.8,14.1879,3.0,1.8,0.009584,0
4.0,0.06,18.8818,4.0,0.06,0.007637,0
4.0,0.24,18.9177,4.0,0.24,0.00793,0
4.0,0.48,18.8685,4.0,0.48,0.007806,0
4.0,0.9,18.9391,4.0,0.9,0.008064,0
4.0,1.2,18.9409,4.0,1.2,0.00827,0
4.0,1.8,18.9253,4.0,1.8,0.009084,0
5.0,0.06,23.5957,5.0,0.06,0.007719,0
5.0,0.24,23.5132,5.0,0.24,0.007719,0
5.0,0.48,23.5176,5.0,0.48,0.007707,0
5.0,0.9,23.4513,5.0,0.9,0.00794,0
5.0,1.2,23.4451,5.0,1.2,0.008113,0
5.0,1.8,23.5601,5.0,1.8,0.008795,0
0.1,0.06,0.503617,0.1,0.06,0.003742,0
0.1,0.24,0.500467,0.1,0.24,0.003435,0
0.1,0.48,0.515395,0.1,0.48,0.004381,0
0.1,0.9,0.600119,0.1,0.9,0.007278,0
0.1,1.2,0.647636,0.1,1.2,0.009854,0
0.1,1.8,0.796227,0.1,1.8,0.015108,0
0.5,0.06,2.39971,0.5,0.06,0.004535,0
0.5,0.24,2.39429,0.5,0.24,0.00415,0
0.5,0.48,2.43084,0.5,0.48,0.003994,0
0.5,0.9,2.41082,0.5,0.9,0.004779,0
0.5,1.2,2.41526,0.5,1.2,0.005568,0
0.5,1.8,2.44444,0.5,1.8,0.007724,0
1.2,0.06,5.72181,1.2,0.06,0.004028,0
1.2,0.24,5.81794,1.2,0.24,0.003996,0
1.2,0.48,5.73604,1.2,0.48,0.004178,0
1.2,0.9,5.67197,1.2,0.9,0.004197,0
1.2,1.2,5.65944,1.2,1.2,0.004933,0
1.2,1.8,5.70484,1.2,1.8,0.005736,0
3.0,0.06,14.3184,3.0,0.06,0.00384,0
3.0,0.24,14.1829,3.0,0.24,0.004262,0
3.0,0.48,14.293,3.0,0.48,0.004047,0
3.0,0.9,14.2223,3.0,0.9,0.004131,0
3.0,1.2,14.2238,3.0,1.2,0.004334,0
3.0,1.8,14.1879,3.0,1.8,0.004799,0
4.0,0.06,18.8818,4.0,0.06,0.004259,0
4.0,0.24,18.9177,4.0,0.24,0.004215,0
4.0,0.48,18.8685,4.0,0.48,0.004083,0
4.0,0.9,18.9391,4.0,0.9,0.004193,0
4.0,1.2,18.9409,4.0,1.2,0.004243,0
4.0,1.8,18.9253,4.0,1.8,0.004635,0
5.0,0.06,23.5957,5.0,0.06,0.004269,0
5.0,0.24,23.5132,5.0,0.24,0.004155,0
5.0,0.48,23.5176,5.0,0.48,0.004109,0
5.0,0.9,23.4513,5.0,0.9,0.004186,0
5.0,1.2,23.4451,5.0,1.2,0.004296,0
5.0,1.8,23.5601,5.0,1.8,0.004535,0
0.1,0.06,0.205438,0.1,0.06,0.256952,0
0.1,0.24,0.243802,0.1,0.24,0.256429,0
0.1,0.48,0.301969,0.1,0.48,0.307931,0
0.1,0.9,0.357021,0.1,0.9,0.383306,0
0.1,1.2,0.381536,0.1,1.2,0.453443,0
0.1,1.8,0.422258,0.1,1.8,0.564218,0
0.5,0.06,0.912204,0.5,0.06,1.30207,0
0.5,0.24,0.946285,0.5,0.24,1.23175,0
0.5,0.48,0.994755,0.5,0.48,1.20691,0
0.5,0.9,1.08548,0.5,0.9,1.21444,0
0.5,1.2,1.15435,0.5,1.2,1.22388,0
0.5,1.8,1.29948,0.5,1.8,1.35421,0
1.2,0.06,2.11603,1.2,0.06,2.94235,0
1.2,0.24,2.13961,1.2,0.24,2.89504,0
1.2,0.48,2.21651,1.2,0.48,2.93424,0
1.2,0.9,2.30665,1.2,0.9,2.84246,0
1.2,1.2,2.38055,1.2,1.2,2.8936,0
1.2,1.8,2.51045,1.2,1.8,2.88103,0
3.0,0.06,5.20383,3.0,0.06,7.06029,0
3.0,0.24,5.31827,3.0,0.24,7.33357,0
3.0,0.48,5.33695,3.0,0.48,7.28566,0
3.0,0.9,5.43005,3.0,0.9,7.12547,0
3.0,1.2,5.5311,3.0,1.2,7.09896,0
3.0,1.8,5.62236,3.0,1.8,7.128,0
4.0,0.06,6.95441,4.0,0.06,9.47677,0
4.0,0.24,7.04102,4.0,0.24,9.59271,0
4.0,0.48,7.16403,4.0,0.48,9.59923,0
4.0,0.9,7.11036,4.0,0.9,9.5801,0
4.0,1.2,7.21488,4.0,1.2,9.51605,0
4.0,1.8,7.3069,4.0,1.8,9.57657,0
5.0,0.06,8.664,5.0,0.06,12.0681,0
5.0,0.24,8.81866,5.0,0.24,11.8816,0
5.0,0.48,8.84629,5.0,0.48,11.8204,0
5.0,0.9,8.89146,5.0,0.9,12.055,0
5.0,1.2,8.9057,5.0,1.2,12.0111,0
5.0,1.8,9.1109,5.0,1.8,11.8487,0
0.1,0.06,0.205438,0.1,0.06,0.007929,0
0.1,0.24,0.243802,0.1,0.24,0.008161,0
0.1,0.48,0.301969,0.1,0.48,0.008598,0
0.1,0.9,0.357021,0.1,0.9,0.013221,0
0.1,1.2,0.381536,0.1,1.2,0.014256,0
0.1,1.8,0.422258,0.1,1.8,0.021988,0
0.5,0.06,0.912204,0.5,0.06,0.008031,0
0.5,0.24,0.946285,0.5,0.24,0.008125,0
0.5,0.48,0.994755,0.5,0.48,0.008159,0
0.5,0.9,1.08548,0.5,0.9,0.009797,0
0.5,1.2,1.15435,0.5,1.2,0.010857,0
0.5,1.8,1.29948,0.5,1.8,0.01477,0
1.2,0.06,2.11603,1.2,0.06,0.008015,0
1.2,0.24,2.13961,1.2,0.24,0.008242,0
1.2,0.48,2.21651,1.2,0.48,0.008184,0
1.2,0.9,2.30665,1.2,0.9,0.008813,0
1.2,1.2,2.38055,1.2,1.2,0.009417,0
1.2,1.8,2.51045,1.2,1.8,0.011608,0
3.0,0.06,5.20383,3.0,0.06,0.008053,0
3.0,0.24,5.31827,3.0,0.24,0.007648,0
3.0,0.48,5.33695,3.0,0.48,0.008026,0
3.0,0.9,5.43005,3.0,0.9,0.008053,0
3.0,1.2,5.5311,3.0,1.2,0.00832,0
3.0,1.8,5.62236,3.0,1.8,0.009584,0
4.0,0.06,6.95441,4.0,0.06,0.007637,0
4.0,0.24,7.04102,4.0,0.24,0.00793,0
4.0,0.48,7.16403,4.0,0.48,0.007806,0
4.0,0.9,7.11036,4.0,0.9,0.008064,0
4.0,1.2,7.21488,4.0,1.2,0.00827,0
4.0,1.8,7.3069,4.0,1.8,0.009084,0
5.0,0.06,8.664,5.0,0.06,0.007719,0
5.0,0.24,8.81866,5.0,0.24,0.007719,0
5.0,0.48,8.84629,5.0,0.48,0.007707,0
5.0,0.9,8.89146,5.0,0.9,0.00794,0
5.0,1.2,8.9057,5.0,1.2,0.008113,0
5.0,1.8,9.1109,5.0,1.8,0.008795,0
0.1,0.06,0.205438,0.1,0.06,0.003742,0
0.1,0.24,0.243802,0.1,0.24,0.003435,0
0.1,0.48,0.301969,0.1,0.48,0.004381,0
0.1,0.9,0.357021,0.1,0.9,0.007278,0
0.1,1.2,0.381536,0.1,1.2,0.009854,0
0.1,1.8,0.422258,0.1,1.8,0.015108,0
0.5,0.06,0.912204,0.5,0.06,0.004535,0
0.5,0.24,0.946285,0.5,0.24,0.00415,0
0.5,0.48,0.994755,0.5,0.48,0.003994,0
0.5,0.9,1.08548,0.5,0.9,0.004779,0
0.5,1.2,1.15435,0.5,1.2,0.005568,0
0.5,1.8,1.29948,0.5,1.8,0.007724,0
1.2,0.06,2.11603,1.2,0.06,0.004028,0
1.2,0.24,2.13961,1.2,0.24,0.003996,0
1.2,0.48,2.21651,1.2,0.48,0.004178,0
1.2,0.9,2.30665,1.2,0.9,0.004197,0
1.2,1.2,2.38055,1.2,1.2,0.004933,0
1.2,1.8,2.51045,1.2,1.8,0.005736,0
3.0,0.06,5.20383,3.0,0.06,0.00384,0
3.0,0.24,5.31827,3.0,0.24,0.004262,0
3.0,0.48,5.33695,3.0,0.48,0.004047,0
3.0,0.9,5.43005,3.0,0.9,0.004131,0
3.0,1.2,5.5311,3.0,1.2,0.004334,0
3.0,1.8,5.62236,3.0,1.8,0.004799,0
4.0,0.06,6.95441,4.0,0.06,0.004259,0
4.0,0.24,7.04102,4.0,0.24,0.004215,0
4.0,0.48,7.16403,4.0,0.48,0.004083,0
4.0,0.9,7.11036,4.0,0.9,0.004193,0
4.0,1.2,7.21488,4.0,1.2,0.004243,0
4.0,1.8,7.3069,4.0,1.8,0.004635,0
5.0,0.06,8.664,5.0,0.06,0.004269,0
5.0,0.24,8.81866,5.0,0.24,0.004155,0
5.0,0.48,8.84629,5.0,0.48,0.004109,0
5.0,0.9,8.89146,5.0,0.9,0.004186,0
5.0,1.2,8.9057,5.0,1.2,0.004296,0
5.0,1.8,9.1109,5.0,1.8,0.004535,0
0.1,0.06,0.256952,0.1,0.06,0.007929,0
0.1,0.24,0.256429,0.1,0.24,0.008161,0
0.1,0.48,0.307931,0.1,0.48,0.008598,0
0.1,0.9,0.383306,0.1,0.9,0.013221,0
0.1,1.2,0.453443,0.1,1.2,0.014256,0
0.1,1.8,0.564218,0.1,1.8,0.021988,0
0.5,0.06,1.30207,0.5,0.06,0.008031,0
0.5,0.24,1.23175,0.5,0.24,0.008125,0
0.5,0.48,1.20691,0.5,0.48,0.008159,0
0.5,0.9,1.21444,0.5,0.9,0.009797,0
0.5,1.2,1.22388,0.5,1.2,0.010857,0
0.5,1.8,1.35421,0.5,1.8,0.01477,0
1.2,0.06,2.94235,1.2,0.06,0.008015,0
1.2,0.24,2.89504,1.2,0.24,0.008242,0
1.2,0.48,2.93424,1.2,0.48,0.008184,0
1.2,0.9,2.84246,1.2,0.9,0.008813,0
1.2,1.2,2.8936,1.2,1.2,0.009417,0
1.2,1.8,2.88103,1.2,1.8,0.011608,0
0.5,0.9,0.346828,0.5,0.9,0.096309,1
3.0,0.24,7.33357,3.0,0.24,0.007648,0
3.0,0.48,7.28566,3.0,0.48,0.008026,0
3.0,0.9,7.12547,3.0,0.9,0.008053,0
3.0,1.2,7.09896,3.0,1.2,0.00832,0
3.0,1.8,7.128,3.0,1.8,0.009584,0
4.0,0.06,9.47677,4.0,0.06,0.007637,0
4.0,0.24,9.59271,4.0,0.24,0.00793,0
4.0,0.48,9.59923,4.0,0.48,0.007806,0
4.0,0.9,9.5801,4.0,0.9,0.008064,0
4.0,1.2,9.51605,4.0,1.2,0.00827,0
4.0,1.8,9.57657,4.0,1.8,0.009084,0
5.0,0.06,12.0681,5.0,0.06,0.007719,0
5.0,0.24,11.8816,5.0,0.24,0.007719,0
5.0,0.48,11.8204,5.0,0.48,0.007707,0
5.0,0.9,12.055,5.0,0.9,0.00794,0
5.0,1.2,12.0111,5.0,1.2,0.008113,0
5.0,1.8,11.8487,5.0,1.8,0.008795,0
0.1,0.06,0.256952,0.1,0.06,0.003742,0
0.1,0.24,0.256429,0.1,0.24,0.003435,0
0.1,0.48,0.307931,0.1,0.48,0.004381,0
0.1,0.9,0.383306,0.1,0.9,0.007278,0
0.1,1.2,0.453443,0.1,1.2,0.009854,0
0.1,1.8,0.564218,0.1,1.8,0.015108,0
0.5,0.06,1.30207,0.5,0.06,0.004535,0
0.5,0.24,1.23175,0.5,0.24,0.00415,0
0.5,0.48,1.20691,0.5,0.48,0.003994,0
0.5,0.9,1.21444,0.5,0.9,0.004779,0
0.5,1.2,1.22388,0.5,1.2,0.005568,0
0.5,1.8,1.35421,0.5,1.8,0.007724,0
1.2,0.06,2.94235,1.2,0.06,0.004028,0
1.2,0.24,2.89504,1.2,0.24,0.003996,0
1.2,0.48,2.93424,1.2,0.48,0.004178,0
15.602182544828391,6.116949047117693,52.96681715528486,10.215944034433695,6.148128487870133,46.11277742629456,1
1.2,1.2,2.8936,1.2,1.2,0.004933,0
1.2,1.8,2.88103,1.2,1.8,0.005736,0
3.0,0.06,7.06029,3.0,0.06,0.00384,0
3.0,0.24,7.33357,3.0,0.24,0.004262,0
3.0,0.48,7.28566,3.0,0.48,0.004047,0
3.0,0.9,7.12547,3.0,0.9,0.004131,0
3.0,1.2,7.09896,3.0,1.2,0.004334,0
3.0,1.8,7.128,3.0,1.8,0.004799,0
4.0,0.06,9.47677,4.0,0.06,0.004259,0
4.0,0.24,9.59271,4.0,0.24,0.004215,0
4.0,0.48,9.59923,4.0,0.48,0.004083,0
4.0,0.9,9.5801,4.0,0.9,0.004193,0
4.0,1.2,9.51605,4.0,1.2,0.004243,0
4.0,1.8,9.57657,4.0,1.8,0.004635,0
5.0,0.06,12.0681,5.0,0.06,0.004269,0
5.0,0.24,11.8816,5.0,0.24,0.004155,0
5.0,0.48,11.8204,5.0,0.48,0.004109,0
5.0,0.9,12.055,5.0,0.9,0.004186,0
5.0,1.2,12.0111,5.0,1.2,0.004296,0
5.0,1.8,11.8487,5.0,1.8,0.004535,0
0.1,0.06,0.007929,0.1,0.06,0.003742,0
0.1,0.24,0.008161,0.1,0.24,0.003435,0
0.1,0.48,0.008598,0.1,0.48,0.004381,0
0.1,0.9,0.013221,0.1,0.9,0.007278,0
0.1,1.2,0.014256,0.1,1.2,0.009854,0
0.1,1.8,0.021988,0.1,1.8,0.015108,0
1.0135755179465755,0.46417977483285416,-0.051798451236575074,1.257140367860242,-0.04900281556056202,-0.011095707077123037,1
0.5,0.24,0.008125,0.5,0.24,0.00415,0
0.5,0.48,0.008159,0.5,0.48,0.003994,0
0.5,0.9,0.009797,0.5,0.9,0.004779,0
0.5,1.2,0.010857,0.5,1.2,0.005568,0
0.5,1.8,0.01477,0.5,1.8,0.007724,0
1.2,0.06,0.008015,1.2,0.06,0.004028,0
1.2,0.24,0.008242,1.2,0.24,0.003996,0
1.2,0.48,0.008184,1.2,0.48,0.004178,0
1.2,0.9,0.008813,1.2,0.9,0.004197,0
1.2,1.2,0.009417,1.2,1.2,0.004933,0
1.2,1.8,0.011608,1.2,1.8,0.005736,0
3.0,0.06,0.008053,3.0,0.06,0.00384,0
3.0,0.24,0.007648,3.0,0.24,0.004262,0
3.0,0.48,0.008026,3.0,0.48,0.004047,0
3.0,0.9,0.008053,3.0,0.9,0.004131,0
3.0,1.2,0.00832,3.0,1.2,0.004334,0
3.0,1.8,0.009584,3.0,1.8,0.004799,0
4.0,0.06,0.007637,4.0,0.06,0.004259,0
4.0,0.24,0.00793,4.0,0.24,0.004215,0
4.0,0.48,0.007806,4.0,0.48,0.004083,0
4.0,0.9,0.008064,4.0,0.9,0.004193,0
4.0,1.2,0.00827,4.0,1.2,0.004243,0
4.0,1.8,0.009084,4.0,1.8,0.004635,0
5.0,0.06,0.007719,5.0,0.06,0.004269,0
5.0,0.24,0.007719,5.0,0.24,0.004155,0
5.0,0.48,0.007707,5.0,0.48,0.004109,0
5.0,0.9,0.00794,5.0,0.9,0.004186,0
5.0,1.2,0.008113,5.0,1.2,0.004296,0
5.0,1.8,0.008795,5.0,1.8,0.004535,0
0.1,0.06,0.345107,0.1,0.06,0.488183,0
0.1,0.24,0.400669,0.1,0.24,0.483747,0
0.1,0.48,0.461807,0.1,0.48,0.543116,0
0.1,0.9,0.611732,0.1,0.9,0.684919,0
0.1,1.2,0.650215,0.1,1.2,0.839726,0
0.1,1.8,0.820245,0.1,1.8,1.03362,0
0.5,0.06,1.58525,0.5,0.06,2.36372,0
0.5,0.24,1.6358,0.5,0.24,2.37877,0
0.5,0.48,1.69257,0.5,0.48,2.37277,0
0.5,0.9,1.81364,0.5,0.9,2.3753,0
0.5,1.2,1.90678,0.5,1.2,2.3991,0
0.5,1.8,2.16315,0.5,1.8,2.40769,0
1.2,0.06,3.75875,1.2,0.06,5.64658,0
1.2,0.24,3.92988,1.2,0.24,6.00114,0
1.2,0.48,3.98154,1.2,0.48,5.95567,0
1.2,0.9,3.99337,1.2,0.9,5.60293,0
1.2,1.2,4.07033,1.2,1.2,5.7025,0
1.2,1.8,4.29798,1.2,1.8,5.64154,0
3.0,0.06,9.3991,3.0,0.06,14.1949,0
3.0,0.24,9.35874,3.0,0.24,14.0416,0
3.0,0.48,9.43303,3.0,0.48,14.012,0
3.0,0.9,9.63738,3.0,0.9,14.1296,0
3.0,1.2,9.67026,3.0,1.2,14.0914,0
3.0,1.8,9.85453,3.0,1.8,14.1643,0
4.0,0.06,12.5346,4.0,0.06,18.7835,0
4.0,0.24,12.5008,4.0,0.24,18.6498,0
4.0,0.48,12.7371,4.0,0.48,18.6761,0
4.0,0.9,12.5943,4.0,0.9,18.7672,0
4.0,1.2,12.7106,4.0,1.2,18.6577,0
4.0,1.8,13.0839,4.0,1.8,18.7288,0
5.0,0.06,15.4808,5.0,0.06,23.2924,0
5.0,0.24,15.6368,5.0,0.24,23.285,0
5.0,0.48,15.6151,5.0,0.48,23.2062,0
5.0,0.9,15.8657,5.0,0.9,23.2937,0
5.0,1.2,15.9367,5.0,1.2,23.3265,0
5.0,1.8,16.0212,5.0,1.8,23.335,0
0.1,0.06,0.345107,0.1,0.06,0.196856,0
0.1,0.24,0.400669,0.1,0.24,0.235047,0
0.1,0.48,0.461807,0.1,0.48,0.290428,0
0.1,0.9,0.611732,0.1,0.9,0.340902,0
0.1,1.2,0.650215,0.1,1.2,0.358915,0
0.1,1.8,0.820245,0.1,1.8,0.389612,0
0.5,0.06,1.58525,0.5,0.06,0.907847,0
0.5,0.24,1.6358,0.5,0.24,0.944572,0
0.5,0.48,1.69257,0.5,0.48,0.995535,0
0.5,0.9,1.81364,0.5,0.9,1.0785,0
0.5,1.2,1.90678,0.5,1.2,1.14825,0
0.5,1.8,2.16315,0.5,1.8,1.28501,0
1.2,0.06,3.75875,1.2,0.06,2.08986,0
1.2,0.24,3.92988,1.2,0.24,2.20125,0
1.2,0.48,3.98154,1.2,0.48,2.23366,0
1.2,0.9,3.99337,1.2,0.9,2.30164,0
1.2,1.2,4.07033,1.2,1.2,2.38112,0
1.2,1.8,4.29798,1.2,1.8,2.49796,0
3.0,0.06,9.3991,3.0,0.06,5.18934,0
3.0,0.24,9.35874,3.0,0.24,5.45053,0
3.0,0.48,9.43303,3.0,0.48,5.4474,0
3.0,0.9,9.63738,3.0,0.9,5.49974,0
3.0,1.2,9.67026,3.0,1.2,5.56888,0
3.0,1.8,9.85453,3.0,1.8,5.63577,0
4.0,0.06,12.5346,4.0,0.06,7.10326,0
4.0,0.24,12.5008,4.0,0.24,7.05725,0
4.0,0.48,12.7371,4.0,0.48,7.10421,0
4.0,0.9,12.5943,4.0,0.9,7.09768,0
4.0,1.2,12.7106,4.0,1.2,7.2538,0
4.0,1.8,13.0839,4.0,1.8,7.38668,0
5.0,0.06,15.4808,5.0,0.06,8.7285,0
5.0,0.24,15.6368,5.0,0.24,8.74815,0
5.0,0.48,15.6151,5.0,0.48,8.80663,0
5.0,0.9,15.8657,5.0,0.9,8.97797,0
5.0,1.2,15.9367,5.0,1.2,8.93001,0
5.0,1.8,16.0212,5.0,1.8,9.19296,0
0.1,0.06,0.345107,0.1,0.06,0.250211,0
0.1,0.24,0.400669,0.1,0.24,0.248726,0
0.1,0.48,0.461807,0.1,0.48,0.305263,0
0.6717830224643064,0.953246990145046,0.19008284435752382,0.4510151618336633,0.9988377834771226,-0.8848414007310215,1
0.1,1.2,0.650215,0.1,1.2,0.455492,0
0.1,1.8,0.820245,0.1,1.8,0.555835,0
0.5,0.06,1.58525,0.5,0.06,1.32949,0
0.5,0.24,1.6358,0.5,0.24,1.24556,0
0.5,0.48,1.69257,0.5,0.48,1.22376,0
0.5,0.9,1.81364,0.5,0.9,1.213,0
0.5,1.2,1.90678,0.5,1.2,1.22175,0
0.5,1.8,2.16315,0.5,1.8,1.35774,0
1.2,0.06,3.75875,1.2,0.06,3.04081,0
1.2,0.24,3.92988,1.2,0.24,2.99608,0
1.2,0.48,3.98154,1.2,0.48,2.97542,0
1.2,0.9,3.99337,1.2,0.9,2.93016,0
1.2,1.2,4.07033,1.2,1.2,2.91338,0
1.2,1.8,4.29798,1.2,1.8,2.89376,0
3.0,0.06,9.3991,3.0,0.06,7.60153,0
3.0,0.24,9.35874,3.0,0.24,7.92348,0
3.0,0.48,9.43303,3.0,0.48,7.44929,0
3.0,0.9,9.63738,3.0,0.9,7.26413,0
3.0,1.2,9.67026,3.0,1.2,7.45381,0
3.0,1.8,9.85453,3.0,1.8,7.25406,0
4.0,0.06,12.5346,4.0,0.06,10.0561,0
4.0,0.24,12.5008,4.0,0.24,9.85202,0
4.0,0.48,12.7371,4.0,0.48,9.82611,0
4.0,0.9,12.5943,4.0,0.9,9.9514,0
4.0,1.2,12.7106,4.0,1.2,9.7048,0
4.0,1.8,13.0839,4.0,1.8,10.0971,0
5.0,0.06,15.4808,5.0,0.06,12.204,0
5.0,0.24,15.6368,5.0,0.24,12.0829,0
5.0,0.48,15.6151,5.0,0.48,12.1526,0
5.0,0.9,15.8657,5.0,0.9,12.2541,0
5.0,1.2,15.9367,5.0,1.2,12.2752,0
5.0,1.8,16.0212,5.0,1.8,12.3107,0
0.1,0.06,0.345107,0.1,0.06,0.004097,0
0.1,0.24,0.400669,0.1,0.24,0.005058,0
0.1,0.48,0.461807,0.1,0.48,0.004078,0
0.1,0.9,0.611732,0.1,0.9,0.005939,0
0.1,1.2,0.650215,0.1,1.2,0.004953,0
0.1,1.8,0.820245,0.1,1.8,0.017622,0
0.5,0.06,1.58525,0.5,0.06,0.004108,0
0.5,0.24,1.6358,0.5,0.24,0.004342,0
0.5,0.48,1.69257,0.5,0.48,0.004144,0
0.5,0.9,1.81364,0.5,0.9,0.005133,0
0.5,1.2,1.90678,0.5,1.2,0.004502,0
0.5,1.8,2.16315,0.5,1.8,0.014635,0
1.2,0.06,3.75875,1.2,0.06,0.004045,0
1.2,0.24,3.92988,1.2,0.24,0.004552,0
1.2,0.48,3.98154,1.2,0.48,0.004381,0
1.2,0.9,3.99337,1.2,0.9,0.004604,0
1.2,1.2,4.07033,1.2,1.2,0.004472,0
1.2,1.8,4.29798,1.2,1.8,0.012601,0
3.0,0.06,9.3991,3.0,0.06,0.004279,0
3.0,0.24,9.35874,3.0,0.24,0.004238,0
3.0,0.48,9.43303,3.0,0.48,0.003976,0
3.0,0.9,9.63738,3.0,0.9,0.00415,0
3.0,1.2,9.67026,3.0,1.2,0.004231,0
3.0,1.8,9.85453,3.0,1.8,0.007556,0
4.0,0.06,12.5346,4.0,0.06,0.003847,0
4.0,0.24,12.5008,4.0,0.24,0.004107,0
4.0,0.48,12.7371,4.0,0.48,0.004003,0
4.0,0.9,12.5943,4.0,0.9,0.004077,0
4.0,1.2,12.7106,4.0,1.2,0.004018,0
4.0,1.8,13.0839,4.0,1.8,0.006793,0
5.0,0.06,15.4808,5.0,0.06,0.003794,0
5.0,0.24,15.6368,5.0,0.24,0.004024,0
5.0,0.48,15.6151,5.0,0.48,0.00394,0
5.0,0.9,15.8657,5.0,0.9,0.003972,0
5.0,1.2,15.9367,5.0,1.2,0.004025,0
5.0,1.8,16.0212,5.0,1.8,0.006207,0
0.1,0.06,0.345107,0.1,0.06,0.001065,0
0.1,0.24,0.400669,0.1,0.24,0.001143,0
0.1,0.48,0.461807,0.1,0.48,0.001711,0
0.1,0.9,0.611732,0.1,0.9,0.003606,0
0.1,1.2,0.650215,0.1,1.2,0.005419,0
0.1,1.8,0.820245,0.1,1.8,0.009376,0
0.5,0.06,1.58525,0.5,0.06,0.001178,0
0.5,0.24,1.6358,0.5,0.24,0.001123,0
0.5,0.48,1.69257,0.5,0.48,0.001258,0
0.5,0.9,1.81364,0.5,0.9,0.001918,0
0.5,1.2,1.90678,0.5,1.2,0.002453,0
0.5,1.8,2.16315,0.5,1.8,0.003606,0
1.2,0.06,3.75875,1.2,0.06,0.001126,0
1.2,0.24,3.92988,1.2,0.24,0.001112,0
1.2,0.48,3.98154,1.2,0.48,0.001149,0
1.2,0.9,3.99337,1.2,0.9,0.00138,0
1.2,1.2,4.07033,1.2,1.2,0.001903,0
1.2,1.8,4.29798,1.2,1.8,0.002366,0
3.0,0.06,9.3991,3.0,0.06,0.001143,0
3.0,0.24,9.35874,3.0,0.24,0.001136,0
3.0,0.48,9.43303,3.0,0.48,0.001134,0
3.0,0.9,9.63738,3.0,0.9,0.00122,0
3.0,1.2,9.67026,3.0,1.2,0.001317,0
3.0,1.8,9.85453,3.0,1.8,0.001663,0
4.0,0.06,12.5346,4.0,0.06,0.001144,0
4.0,0.24,12.5008,4.0,0.24,0.001101,0
4.0,0.48,12.7371,4.0,0.48,0.001122,0
4.0,0.9,12.5943,4.0,0.9,0.001222,0
4.0,1.2,12.7106,4.0,1.2,0.001287,0
4.0,1.8,13.0839,4.0,1.8,0.001568,0
5.0,0.06,15.4808,5.0,0.06,0.00112,0
5.0,0.24,15.6368,5.0,0.24,0.001114,0
5.0,0.48,15.6151,5.0,0.48,0.001136,0
5.0,0.9,15.8657,5.0,0.9,0.001211,0
5.0,1.2,15.9367,5.0,1.2,0.001267,0
5.0,1.8,16.0212,5.0,1.8,0.001471,0
0.1,0.06,0.488183,0.1,0.06,0.196856,0
0.1,0.24,0.483747,0.1,0.24,0.235047,0
0.1,0.48,0.543116,0.1,0.48,0.290428,0
0.1,0.9,0.684919,0.1,0.9,0.340902,0
0.1,1.2,0.839726,0.1,1.2,0.358915,0
0.1,1.8,1.03362,0.1,1.8,0.389612,0
0.5,0.06,2.36372,0.5,0.06,0.907847,0
0.5,0.24,2.37877,0.5,0.24,0.944572,0
0.5,0.48,2.37277,0.5,0.48,0.995535,0
0.5,0.9,2.3753,0.5,0.9,1.0785,0
0.5,1.2,2.3991,0.5,1.2,1.14825,0
0.5,1.8,2.40769,0.5,1.8,1.28501,0
1.2,0.06,5.64658,1.2,0.06,2.08986,0
1.2,0.24,6.00114,1.2,0.24,2.20125,0
1.2,0.48,5.95567,1.2,0.48,2.23366,0
1.2,0.9,5.60293,1.2,0.9,2.30164,0
1.2,1.2,5.7025,1.2,1.2,2.38112,0
1.2,1.8,5.64154,1.2,1.8,2.49796,0
3.0,0.06,14.1949,3.0,0.06,5.18934,0
3.0,0.24,14.0416,3.0,0.24,5.45053,0
3.0,0.48,14.012,3.0,0.48,5.4474,0
3.0,0.9,14.1296,3.0,0.9,5.49974,0
3.0,1.2,14.0914,3.0,1.2,5.56888,0
3.0,1.8,14.1643,3.0,1.8,5.63577,0
4.0,0.06,18.7835,4.0,0.06,7.10326,0
4.0,0.24,18.6498,4.0,0.24,7.05725,0
4.0,0.48,18.6761,4.0,0.48,7.10421,0
4.0,0.9,18.7672,4.0,0.9,7.09768,0
4.0,1.2,18.6577,4.0,1.2,7.2538,0
4.0,1.8,18.7288,4.0,1.8,7.38668,0
5.0,0.06,23.2924,5.0,0.06,8.7285,0
5.0,0.24,23.285,5.0,0.24,8.74815,0
5.0,0.48,23.2062,5.0,0.48,8.80663,0
5.0,0.9,23.2937,5.0,0.9,8.97797,0
5.0,1.2,23.3265,5.0,1.2,8.93001,0
5.0,1.8,23.335,5.0,1.8,9.19296,0
0.1,0.06,0.488183,0.1,0.06,0.250211,0
0.1,0.24,0.483747,0.1,0.24,0.248726,0
0.1,0.48,0.543116,0.1,0.48,0.305263,0
0.1,0.9,0.684919,0.1,0.9,0.375961,0
0.1,1.2,0.839726,0.1,1.2,0.455492,0
0.1,1.8,1.03362,0.1,1.8,0.555835,0
0.5,0.06,2.36372,0.5,0.06,1.32949,0
0.5,0.24,2.37877,0.5,0.24,1.24556,0
0.5,0.48,2.37277,0.5,0.48,1.22376,0
0.5,0.9,2.3753,0.5,0.9,1.213,0
0.5,1.2,2.3991,0.5,1.2,1.22175,0
0.5,1.8,2.40769,0.5,1.8,1.35774,0
1.2,0.06,5.64658,1.2,0.06,3.04081,0
1.2,0.24,6.00114,1.2,0.24,2.99608,0
1.2,0.48,5.95567,1.2,0.48,2.97542,0
1.2,0.9,5.60293,1.2,0.9,2.93016,0
1.2,1.2,5.7025,1.2,1.2,2.91338,0
1.2,1.8,5.64154,1.2,1.8,2.89376,0
3.0,0.06,14.1949,3.0,0.06,7.60153,0
3.0,0.24,14.0416,3.0,0.24,7.92348,0
3.0,0.48,14.012,3.0,0.48,7.44929,0
3.0,0.9,14.1296,3.0,0.9,7.26413,0
3.0,1.2,14.0914,3.0,1.2,7.45381,0
3.0,1.8,14.1643,3.0,1.8,7.25406,0
4.0,0.06,18.7835,4.0,0.06,10.0561,0
4.0,0.24,18.6498,4.0,0.24,9.85202,0
4.0,0.48,18.6761,4.0,0.48,9.82611,0
0.02,0.42,0.268733,0.02,0.42,0.007363,1
4.0,1.2,18.6577,4.0,1.2,9.7048,0
4.0,1.8,18.7288,4.0,1.8,10.0971,0
5.0,0.06,23.2924,5.0,0.06,12.204,0
5.0,0.24,23.285,5.0,0.24,12.0829,0
5.0,0.48,23.2062,5.0,0.48,12.1526,0
5.0,0.9,23.2937,5.0,0.9,12.2541,0
5.0,1.2,23.3265,5.0,1.2,12.2752,0
5.0,1.8,23.335,5.0,1.8,12.3107,0
0.1,0.06,0.488183,0.1,0.06,0.004097,0
0.1,0.24,0.483747,0.1,0.24,0.005058,0
0.1,0.48,0.543116,0.1,0.48,0.004078,0
0.1,0.9,0.684919,0.1,0.9,0.005939,0
0.1,1.2,0.839726,0.1,1.2,0.004953,0
0.1,1.8,1.03362,0.1,1.8,0.017622,0
0.5,0.06,2.36372,0.5,0.06,0.004108,0
0.5,0.24,2.37877,0.5,0.24,0.004342,0
0.5,0.48,2.37277,0.5,0.48,0.004144,0
0.5,0.9,2.3753,0.5,0.9,0.005133,0
0.5,1.2,2.3991,0.5,1.2,0.004502,0
0.5,1.8,2.40769,0.5,1.8,0.014635,0
1.2,0.06,5.64658,1.2,0.06,0.004045,0
1.2,0.24,6.00114,1.2,0.24,0.004552,0
1.2,0.48,5.95567,1.2,0.48,0.004381,0
1.2,0.9,5.60293,1.2,0.9,0.004604,0
1.2,1.2,5.7025,1.2,1.2,0.004472,0
1.2,1.8,5.64154,1.2,1.8,0.012601,0
3.0,0.06,14.1949,3.0,0.06,0.004279,0
3.0,0.24,14.0416,3.0,0.24,0.004238,0
3.0,0.48,14.012,3.0,0.48,0.003976,0
3.0,0.9,14.1296,3.0,0.9,0.00415,0
3.0,1.2,14.0914,3.0,1.2,0.004231,0
3.0,1.8,14.1643,3.0,1.8,0.007556,0
4.0,0.06,18.7835,4.0,0.06,0.003847,0
4.0,0.24,18.6498,4.0,0.24,0.004107,0
4.0,0.48,18.6761,4.0,0.48,0.004003,0
4.0,0.9,18.7672,4.0,0.9,0.004077,0
4.0,1.2,18.6577,4.0,1.2,0.004018,0
4.0,1.8,18.7288,4.0,1.8,0.006793,0
5.0,0.06,23.2924,5.0,0.06,0.003794,0
5.0,0.24,23.285,5.0,0.24,0.004024,0
5.0,0.48,23.2062,5.0,0.48,0.00394,0
5.0,0.9,23.2937,5.0,0.9,0.003972,0
3.00325,0.9,5.44834,3.00325,0.9,7.10986,1
5.0,1.8,23.335,5.0,1.8,0.006207,0
0.1,0.06,0.488183,0.1,0.06,0.001065,0
0.1,0.24,0.483747,0.1,0.24,0.001143,0
0.1,0.48,0.543116,0.1,0.48,0.001711,0
0.1,0.9,0.684919,0.1,0.9,0.003606,0
0.1,1.2,0.839726,0.1,1.2,0.005419,0
0.1,1.8,1.03362,0.1,1.8,0.009376,0
0.5,0.06,2.36372,0.5,0.06,0.001178,0
0.5,0.24,2.37877,0.5,0.24,0.001123,0
0.5,0.48,2.37277,0.5,0.48,0.001258,0
0.5,0.9,2.3753,0.5,0.9,0.001918,0
0.5,1.2,2.3991,0.5,1.2,0.002453,0
0.5,1.8,2.40769,0.5,1.8,0.003606,0
1.2,0.06,5.64658,1.2,0.06,0.001126,0
1.2,0.24,6.00114,1.2,0.24,0.001112,0
1.2,0.48,5.95567,1.2,0.48,0.001149,0
1.2,0.9,5.60293,1.2,0.9,0.00138,0
1.2,1.2,5.7025,1.2,1.2,0.001903,0
1.2,1.8,5.64154,1.2,1.8,0.002366,0
3.0,0.06,14.1949,3.0,0.06,0.001143,0
3.0,0.24,14.0416,3.0,0.24,0.001136,0
3.0,0.48,14.012,3.0,0.48,0.001134,0
3.0,0.9,14.1296,3.0,0.9,0.00122,0
3.0538800277262714,1.075053132093977,14.2374744210594,3.140117973001247,1.346084414103663,0.0587395451388765,1
3.0,1.8,14.1643,3.0,1.8,0.001663,0
4.0,0.06,18.7835,4.0,0.06,0.001144,0
4.0,0.24,18.6498,4.0,0.24,0.001101,0
4.0,0.48,18.6761,4.0,0.48,0.001122,0
4.0,0.9,18.7672,4.0,0.9,0.001222,0
4.0,1.2,18.6577,4.0,1.2,0.001287,0
4.0,1.8,18.7288,4.0,1.8,0.001568,0
5.0,0.06,23.2924,5.0,0.06,0.00112,0
5.0,0.24,23.285,5.0,0.24,0.001114,0
5.0,0.48,23.2062,5.0,0.48,0.001136,0
5.0,0.9,23.2937,5.0,0.9,0.001211,0
5.0,1.2,23.3265,5.0,1.2,0.001267,0
5.0,1.8,23.335,5.0,1.8,0.001471,0
0.1,0.06,0.196856,0.1,0.06,0.250211,0
0.1,0.24,0.235047,0.1,0.24,0.248726,0
0.1,0.48,0.290428,0.1,0.48,0.305263,0
0.1,0.9,0.340902,0.1,0.9,0.375961,0
0.1,1.2,0.358915,0.1,1.2,0.455492,0
0.1,1.8,0.389612,0.1,1.8,0.555835,0
0.5,0.06,0.907847,0.5,0.06,1.32949,0
4.0,0.48,9.6814,4.0,0.48,0.003252,1
0.5,0.48,0.995535,0.5,0.48,1.22376,0
0.5,0.9,1.0785,0.5,0.9,1.213,0
0.5,1.2,1.14825,0.5,1.2,1.22175,0
0.5,1.8,1.28501,0.5,1.8,1.35774,0
1.2,0.06,2.08986,1.2,0.06,3.04081,0
1.2,0.24,2.20125,1.2,0.24,2.99608,0
1.2,0.48,2.23366,1.2,0.48,2.97542,0
1.2,0.9,2.30164,1.2,0.9,2.93016,0
1.2,1.2,2.38112,1.2,1.2,2.91338,0
1.2,1.8,2.49796,1.2,1.8,2.89376,0
3.0,0.06,5.18934,3.0,0.06,7.60153,0
3.0,0.24,5.45053,3.0,0.24,7.92348,0
3.0,0.48,5.4474,3.0,0.48,7.44929,0
3.0,0.9,5.49974,3.0,0.9,7.26413,0
3.0,1.2,5.56888,3.0,1.2,7.45381,0
3.0,1.8,5.63577,3.0,1.8,7.25406,0
4.0,0.06,7.10326,4.0,0.06,10.0561,0
4.0,0.24,7.05725,4.0,0.24,9.85202,0
4.0,0.48,7.10421,4.0,0.48,9.82611,0
4.0,0.9,7.09768,4.0,0.9,9.9514,0
4.0,1.2,7.2538,4.0,1.2,9.7048,0
4.0,1.8,7.38668,4.0,1.8,10.0971,0
5.0,0.06,8.7285,5.0,0.06,12.204,0
5.0,0.24,8.74815,5.0,0.24,12.0829,0
5.0,0.48,8.80663,5.0,0.48,12.1526,0
5.0,0.9,8.97797,5.0,0.9,12.2541,0
5.0,1.2,8.93001,5.0,1.2,12.2752,0
5.0,1.8,9.19296,5.0,1.8,12.3107,0
0.1,0.06,0.196856,0.1,0.06,0.004097,0
0.1,0.24,0.235047,0.1,0.24,0.005058,0
0.1,0.48,0.290428,0.1,0.48,0.004078,0
0.1,0.9,0.340902,0.1,0.9,0.005939,0
0.1,1.2,0.358915,0.1,1.2,0.004953,0
0.1,1.8,0.389612,0.1,1.8,0.017622,0
0.5,0.06,0.907847,0.5,0.06,0.004108,0
0.5,0.24,0.944572,0.5,0.24,0.004342,0
0.5,0.48,0.995535,0.5,0.48,0.004144,0
0.5,0.9,1.0785,0.5,0.9,0.005133,0
0.5,1.2,1.14825,0.5,1.2,0.004502,0
0.5,1.8,1.28501,0.5,1.8,0.014635,0
1.2,0.06,2.08986,1.2,0.06,0.004045,0
1.2,0.24,2.20125,1.2,0.24,0.004552,0
1.2,0.48,2.23366,1.2,0.48,0.004381,0
1.2,0.9,2.30164,1.2,0.9,0.004604,0
1.2,1.2,2.38112,1.2,1.2,0.004472,0
1.2,1.8,2.49796,1.2,1.8,0.012601,0
3.0,0.06,5.18934,3.0,0.06,0.004279,0
3.0,0.24,5.45053,3.0,0.24,0.004238,0
3.254756781964843,0.38633484508934957,6.143128983477971,2.8938778450800346,0.4963868187778907,0.014587325417129203,1
3.0,0.9,5.49974,3.0,0.9,0.00415,0
3.0,1.2,5.56888,3.0,1.2,0.004231,0
3.0,1.8,5.63577,3.0,1.8,0.007556,0
4.0,0.06,7.10326,4.0,0.06,0.003847,0
4.0,0.24,7.05725,4.0,0.24,0.004107,0
4.0,0.48,7.10421,4.0,0.48,0.004003,0
4.0,0.9,7.09768,4.0,0.9,0.004077,0
4.0,1.2,7.2538,4.0,1.2,0.004018,0
4.0,1.8,7.38668,4.0,1.8,0.006793,0
5.0,0.06,8.7285,5.0,0.06,0.003794,0
5.0,0.24,8.74815,5.0,0.24,0.004024,0
5.0,0.48,8.80663,5.0,0.48,0.00394,0
5.0,0.9,8.97797,5.0,0.9,0.003972,0
5.0,1.2,8.93001,5.0,1.2,0.004025,0
5.0,1.8,9.19296,5.0,1.8,0.006207,0
0.1,0.06,0.196856,0.1,0.06,0.001065,0
0.1,0.24,0.235047,0.1,0.24,0.001143,0
0.1,0.48,0.290428,0.1,0.48,0.001711,0
0.1,0.9,0.340902,0.1,0.9,0.003606,0
0.1,1.2,0.358915,0.1,1.2,0.005419,0
0.1,1.8,0.389612,0.1,1.8,0.009376,0
0.5,0.06,0.907847,0.5,0.06,0.001178,0
0.5,0.24,0.944572,0.5,0.24,0.001123,0
0.5,0.48,0.995535,0.5,0.48,0.001258,0
0.5,0.9,1.0785,0.5,0.9,0.001918,0
0.5,1.2,1.14825,0.5,1.2,0.002453,0
0.5,1.8,1.28501,0.5,1.8,0.003606,0
1.2,0.06,2.08986,1.2,0.06,0.001126,0
1.2,0.24,2.20125,1.2,0.24,0.001112,0
1.2,0.48,2.23366,1.2,0.48,0.001149,0
1.2,0.9,2.30164,1.2,0.9,0.00138,0
1.2,1.2,2.38112,1.2,1.2,0.001903,0
1.2,1.8,2.49796,1.2,1.8,0.002366,0
3.0,0.06,5.18934,3.0,0.06,0.001143,0
3.0,0.24,5.45053,3.0,0.24,0.001136,0
3.0,0.48,5.4474,3.0,0.48,0.001134,0
3.0,0.9,5.49974,3.0,0.9,0.00122,0
3.0,1.2,5.56888,3.0,1.2,0.001317,0
3.0,1.8,5.63577,3.0,1.8,0.001663,0
4.0,0.06,7.10326,4.0,0.06,0.001144,0
4.0,0.24,7.05725,4.0,0.24,0.001101,0
4.0,0.48,7.10421,4.0,0.48,0.001122,0
4.0,0.9,7.09768,4.0,0.9,0.001222,0
4.0,1.2,7.2538,4.0,1.2,0.001287,0
4.0,1.8,7.38668,4.0,1.8,0.001568,0
5.0,0.06,8.7285,5.0,0.06,0.00112,0
5.0,0.24,8.74815,5.0,0.24,0.001114,0
5.0,0.48,8.80663,5.0,0.48,0.001136,0
5.0,0.9,8.97797,5.0,0.9,0.001211,0
5.0,1.2,8.93001,5.0,1.2,0.001267,0
5.0,1.8,9.19296,5.0,1.8,0.001471,0
0.1,0.06,0.250211,0.1,0.06,0.004097,0
0.1,0.24,0.248726,0.1,0.24,0.005058,0
0.1,0.48,0.305263,0.1,0.48,0.004078,0
0.1,0.9,0.375961,0.1,0.9,0.005939,0
0.1,1.2,0.455492,0.1,1.2,0.004953,0
0.1,1.8,0.555835,0.1,1.8,0.017622,0
0.5,0.06,1.32949,0.5,0.06,0.004108,0
0.5,0.24,1.24556,0.5,0.24,0.004342,0
0.5,0.48,1.22376,0.5,0.48,0.004144,0
0.5,0.9,1.213,0.5,0.9,0.005133,0
0.5,1.2,1.22175,0.5,1.2,0.004502,0
0.5,1.8,1.35774,0.5,1.8,0.014635,0
1.2,0.06,3.04081,1.2,0.06,0.004045,0
1.2,0.24,2.99608,1.2,0.24,0.004552,0
1.2,0.48,2.97542,1.2,0.48,0.004381,0
1.2,0.9,2.93016,1.2,0.9,0.004604,0
1.2,1.2,2.91338,1.2,1.2,0.004472,0
1.2,1.8,2.89376,1.2,1.8,0.012601,0
3.0,0.06,7.60153,3.0,0.06,0.004279,0
3.0,0.24,7.92348,3.0,0.24,0.004238,0
3.0,0.48,7.44929,3.0,0.48,0.003976,0
3.0,0.9,7.26413,3.0,0.9,0.00415,0
3.0,1.2,7.45381,3.0,1.2,0.004231,0
3.0,1.8,7.25406,3.0,1.8,0.007556,0
0.5,1.2,2.33438,0.5,1.2,1.14185,1
4.0,0.24,9.85202,4.0,0.24,0.004107,0
4.0,0.48,9.82611,4.0,0.48,0.004003,0
4.0,0.9,9.9514,4.0,0.9,0.004077,0
4.0,1.2,9.7048,4.0,1.2,0.004018,0
4.0,1.8,10.0971,4.0,1.8,0.006793,0
5.0,0.06,12.204,5.0,0.06,0.003794,0
5.0,0.24,12.0829,5.0,0.24,0.004024,0
5.0,0.48,12.1526,5.0,0.48,0.00394,0
5.0,0.9,12.2541,5.0,0.9,0.003972,0
5.0,1.2,12.2752,5.0,1.2,0.004025,0
5.0,1.8,12.3107,5.0,1.8,0.006207,0
0.1,0.06,0.250211,0.1,0.06,0.001065,0
0.1,0.24,0.248726,0.1,0.24,0.001143,0
0.1,0.48,0.305263,0.1,0.48,0.001711,0
0.1,0.9,0.375961,0.1,0.9,0.003606,0
0.1,1.2,0.455492,0.1,1.2,0.005419,0
0.2654335142031756,2.1748833142445925,0.8604544154448764,-0.06593243091098958,1.9623907970550574,0.24934587057413932,1
0.5,0.06,1.32949,0.5,0.06,0.001178,0
0.5,0.24,1.24556,0.5,0.24,0.001123,0
0.5,0.48,1.22376,0.5,0.48,0.001258,0
0.5,0.9,1.213,0.5,0.9,0.001918,0
0.5,1.2,1.22175,0.5,1.2,0.002453,0
0.5,1.8,1.35774,0.5,1.8,0.003606,0
1.2,0.06,3.04081,1.2,0.06,0.001126,0
1.2,0.24,2.99608,1.2,0.24,0.001112,0
1.2,0.48,2.97542,1.2,0.48,0.001149,0
1.2,0.9,2.93016,1.2,0.9,0.00138,0
1.2,1.2,2.91338,1.2,1.2,0.001903,0
1.2,1.8,2.89376,1.2,1.8,0.002366,0
3.0,0.06,7.60153,3.0,0.06,0.001143,0
3.0,0.24,7.92348,3.0,0.24,0.001136,0
3.0,0.48,7.44929,3.0,0.48,0.001134,0
3.0,0.9,7.26413,3.0,0.9,0.00122,0
3.0,1.2,7.45381,3.0,1.2,0.001317,0
3.0,1.8,7.25406,3.0,1.8,0.001663,0
4.0,0.06,10.0561,4.0,0.06,0.001144,0
4.0,0.24,9.85202,4.0,0.24,0.001101,0
4.0,0.48,9.82611,4.0,0.48,0.001122,0
4.0,0.9,9.9514,4.0,0.9,0.001222,0
4.0,1.2,9.7048,4.0,1.2,0.001287,0
4.0,1.8,10.0971,4.0,1.8,0.001568,0
5.0,0.06,12.204,5.0,0.06,0.00112,0
5.0,0.24,12.0829,5.0,0.24,0.001114,0
5.0,0.48,12.1526,5.0,0.48,0.001136,0
5.0,0.9,12.2541,5.0,0.9,0.001211,0
5.0,1.2,12.2752,5.0,1.2,0.001267,0
5.0,1.8,12.3107,5.0,1.8,0.001471,0
0.1,0.06,0.004097,0.1,0.06,0.001065,0
0.1,0.24,0.005058,0.1,0.24,0.001143,0
0.1,0.48,0.004078,0.1,0.48,0.001711,0
0.7524173816596648,0.9675881206713346,-0.020038385450388975,0.24067417374478853,0.7275084190214663,0.11712043019447264,1
0.1,1.2,0.004953,0.1,1.2,0.005419,0
0.1,1.8,0.017622,0.1,1.8,0.009376,0
0.5,0.06,0.004108,0.5,0.06,0.001178,0
0.5,0.24,0.004342,0.5,0.24,0.001123,0
0.5,0.48,0.004144,0.5,0.48,0.001258,0
0.5,0.9,0.005133,0.5,0.9,0.001918,0
0.5,1.2,0.004502,0.5,1.2,0.002453,0
0.5,1.8,0.014635,0.5,1.8,0.003606,0
1.2,0.06,0.004045,1.2,0.06,0.001126,0
1.2,0.24,0.004552,1.2,0.24,0.001112,0
1.2,0.48,0.004381,1.2,0.48,0.001149,0
16.58862013813129,6.722566949918488,49.1314788951196,9.711280123036657,6.432578660202097,43.76675952845583,1
1.2,1.2,0.004472,1.2,1.2,0.001903,0
1.2,1.8,0.012601,1.2,1.8,0.002366,0
3.0,0.06,0.004279,3.0,0.06,0.001143,0
3.0,0.24,0.004238,3.0,0.24,0.001136,0
3.0,0.48,0.003976,3.0,0.48,0.001134,0
3.0,0.9,0.00415,3.0,0.9,0.00122,0
3.0,1.2,0.004231,3.0,1.2,0.001317,0
3.0,1.8,0.007556,3.0,1.8,0.001663,0
4.0,0.06,0.003847,4.0,0.06,0.001144,0
4.0,0.24,0.004107,4.0,0.24,0.001101,0
4.0,0.48,0.004003,4.0,0.48,0.001122,0
4.0,0.9,0.004077,4.0,0.9,0.001222,0
4.0,1.2,0.004018,4.0,1.2,0.001287,0
14.85739894872178,7.161729283066821,65.76990046532474,9.033210168433882,5.033117198386007,59.68928992731614,1
5.0,0.06,0.003794,5.0,0.06,0.00112,0
5.0,0.24,0.004024,5.0,0.24,0.001114,0
5.0,0.48,0.00394,5.0,0.48,0.001136,0
5.0,0.9,0.003972,5.0,0.9,0.001211,0
5.0,1.2,0.004025,5.0,1.2,0.001267,0
5.0,1.8,0.006207,5.0,1.8,0.001471,0
1.0617567438017272,-0.4165202316824249,0.8936406978973859,0.05689145099627363,-0.004836526014300346,-0.2682783451910192,1
0.1,0.24,0.413554,0.1,0.24,0.496152,0
0.1,0.48,0.471896,0.1,0.48,0.551473,0
0.1,0.9,0.621999,0.1,0.9,0.689466,0
0.1,1.2,0.665775,0.1,1.2,0.847828,0
0.1,1.8,0.888523,0.1,1.8,1.01031,0
0.5,0.06,1.59308,0.5,0.06,2.40727,0
0.5,0.24,1.66304,0.5,0.24,2.36855,0
0.5,0.48,1.71444,0.5,0.48,2.38622,0
0.5,0.9,1.84016,0.5,0.9,2.40692,0
0.5,1.2,1.91588,0.5,1.2,2.39986,0
0.5,1.8,2.18844,0.5,1.8,2.43772,0
1.2,0.06,3.77462,1.2,0.06,5.68964,0
1.2,0.24,3.82945,1.2,0.24,5.6656,0
1.2,0.48,3.87724,1.2,0.48,5.66672,0
1.2,0.9,3.99508,1.2,0.9,5.73014,0
1.2,1.2,4.12886,1.2,1.2,5.70326,0
1.2,1.8,4.35869,1.2,1.8,5.68931,0
3.0,0.06,9.46227,3.0,0.06,14.0802,0
3.0,0.24,9.35525,3.0,0.24,14.1221,0
3.0,0.48,9.53162,3.0,0.48,14.1615,0
3.0,0.9,9.61122,3.0,0.9,14.1195,0
3.0,1.2,9.62002,3.0,1.2,14.1354,0
3.0,1.8,9.89043,3.0,1.8,14.0538,0
4.0,0.06,12.4065,4.0,0.06,18.6428,0
4.0,0.24,12.5129,4.0,0.24,18.7359,0
4.0,0.48,12.7305,4.0,0.48,18.7284,0
4.0,0.9,12.65,4.0,0.9,18.695,0
4.0,1.2,12.7807,4.0,1.2,18.7703,0
4.0,1.8,13.0465,4.0,1.8,18.7405,0
5.0,0.06,15.6518,5.0,0.06,23.328,0
5.0,0.24,15.6466,5.0,0.24,23.2723,0
5.0,0.48,15.6022,5.0,0.48,23.3627,0
5.0,0.9,15.8805,5.0,0.9,23.3231,0
5.0,1.2,15.9492,5.0,1.2,23.3059,0
5.0,1.8,16.0905,5.0,1.8,23.4481,0
0.1,0.06,0.354578,0.1,0.06,0.187007,0
10.320080433323497,5.7158314987719825,51.86951664811801,11.45335763093685,4.97124446741455,63.56031634389273,1
0.1,0.48,0.471896,0.1,0.48,0.238571,0
0.1,0.9,0.621999,0.1,0.9,0.272198,0
0.1,1.2,0.665775,0.1,1.2,0.27201,0
0.1,1.8,0.888523,0.1,1.8,0.274182,0
0.5,0.06,1.59308,0.5,0.06,0.852209,0
0.5,0.24,1.66304,0.5,0.24,0.868913,0
0.5,0.48,1.71444,0.5,0.48,0.901204,0
0.5,0.9,1.84016,0.5,0.9,0.953911,0
0.5,1.2,1.91588,0.5,1.2,0.997304,0
0.5,1.8,2.18844,0.5,1.8,1.0866,0
1.2,0.06,3.77462,1.2,0.06,2.01349,0
1.2,0.24,3.82945,1.2,0.24,2.0398,0
1.2,0.48,3.87724,1.2,0.48,2.09798,0
1.2,0.9,3.99508,1.2,0.9,2.11891,0
1.2,1.2,4.12886,1.2,1.2,2.13467,0
1.2,1.8,4.35869,1.2,1.8,2.23994,0
3.0,0.06,9.46227,3.0,0.06,5.02825,0
3.0,0.24,9.35525,3.0,0.24,5.04592,0
3.0,0.48,9.53162,3.0,0.48,5.09488,0
3.0,0.9,9.61122,3.0,0.9,5.1485,0
3.0,1.2,9.62002,3.0,1.2,5.15232,0
3.0,1.8,9.89043,3.0,1.8,5.22928,0
4.0,0.06,12.4065,4.0,0.06,6.53589,0
4.0,0.24,12.5129,4.0,0.24,6.58147,0
4.0,0.48,12.7305,4.0,0.48,6.72522,0
4.0,0.9,12.65,4.0,0.9,6.73788,0
4.0,1.2,12.7807,4.0,1.2,6.86197,0
4.0,1.8,13.0465,4.0,1.8,6.82856,0
0.4,0.06,0.485012,0.4,0.06,0.008673,1
5.0,0.24,15.6466,5.0,0.24,8.25329,0
5.0,0.48,15.6022,5.0,0.48,8.37396,0
5.0,0.9,15.8805,5.0,0.9,8.26322,0
5.0,1.2,15.9492,5.0,1.2,8.3763,0
5.0,1.8,16.0905,5.0,1.8,8.51607,0
0.1,0.06,0.354578,0.1,0.06,0.235996,0
0.1,0.24,0.413554,0.1,0.24,0.235791,0
0.1,0.48,0.471896,0.1,0.48,0.270214,0
0.1,0.9,0.621999,0.1,0.9,0.343644,0
0.1,1.2,0.665775,0.1,1.2,0.410984,0
0.1,1.8,0.888523,0.1,1.8,0.495732,0
0.5,0.06,1.59308,0.5,0.06,1.17685,0
0.5,0.24,1.66304,0.5,0.24,1.16902,0
0.5,0.48,1.71444,0.5,0.48,1.15659,0
0.5,0.9,1.84016,0.5,0.9,1.14657,0
0.5,1.2,1.91588,0.5,1.2,1.15004,0
0.5,1.8,2.18844,0.5,1.8,1.27119,0
1.2,0.06,3.77462,1.2,0.06,2.79744,0
1.2,0.24,3.82945,1.2,0.24,2.83321,0
1.2,0.48,3.87724,1.2,0.48,2.89062,0
1.2,0.9,3.99508,1.2,0.9,2.76064,0
1.2,1.2,4.12886,1.2,1.2,2.8615,0
1.2,1.8,4.35869,1.2,1.8,2.75144,0
3.0,0.06,9.46227,3.0,0.06,6.92504,0
3.0,0.24,9.35525,3.0,0.24,6.94176,0
3.0,0.48,9.53162,3.0,0.48,7.07559,0
3.0,0.9,9.61122,3.0,0.9,7.08262,0
3.0,1.2,9.62002,3.0,1.2,7.00455,0
3.0,1.8,9.89043,3.0,1.8,6.94171,0
8.44490614382342,3.9996182092564627,66.39332963290772,10.658709356460637,4.498601716777154,44.621580420301484,1
4.0,0.24,12.5129,4.0,0.24,9.16031,0
4.0,0.48,12.7305,4.0,0.48,9.35666,0
4.0,0.9,12.65,4.0,0.9,9.03996,0
4.0,1.2,12.7807,4.0,1.2,9.1812,0
4.0,1.8,13.0465,4.0,1.8,8.99085,0
5.0,0.06,15.6518,5.0,0.06,11.4969,0
5.0,0.24,15.6466,5.0,0.24,11.6799,0
4.74200950532546,0.6884365312950201,15.931515976395255,5.116097252321164,0.9777075952247372,11.623480962915181,1
5.0,0.9,15.8805,5.0,0.9,11.4848,0
5.0,1.2,15.9492,5.0,1.2,11.2468,0
5.0,1.8,16.0905,5.0,1.8,11.4875,0
0.1,0.06,0.354578,0.1,0.06,0.007708,0
0.1,0.24,0.413554,0.1,0.24,0.008549,0
0.1,0.48,0.471896,0.1,0.48,0.006982,0
0.1,0.9,0.621999,0.1,0.9,0.008764,0
0.3422956894196374,1.3337376944490305,0.856188209172627,0.7713609306755927,1.3325819613732937,-0.3167092602365788,1
0.1,1.8,0.888523,0.1,1.8,0.026461,0
0.5,0.06,1.59308,0.5,0.06,0.008355,0
0.5,0.24,1.66304,0.5,0.24,0.008311,0
0.5,0.48,1.71444,0.5,0.48,0.007989,0
0.5,0.9,1.84016,0.5,0.9,0.008893,0
0.5,1.2,1.91588,0.5,1.2,0.008063,0
0.5,1.8,2.18844,0.5,1.8,0.022383,0
1.2,0.06,3.77462,1.2,0.06,0.008266,0
1.2,0.24,3.82945,1.2,0.24,0.007998,0
1.2,0.48,3.87724,1.2,0.48,0.007891,0
1.2,0.9,3.99508,1.2,0.9,0.00871,0
1.2,1.2,4.12886,1.2,1.2,0.008628,0
1.2,1.8,4.35869,1.2,1.8,0.019244,0
3.0,0.06,9.46227,3.0,0.06,0.007972,0
3.0,0.24,9.35525,3.0,0.24,0.008262,0
3.0,0.48,9.53162,3.0,0.48,0.008234,0
3.0,0.9,9.61122,3.0,0.9,0.007976,0
3.0,1.2,9.62002,3.0,1.2,0.00821,0
3.0,1.8,9.89043,3.0,1.8,0.012242,0
4.0,0.06,12.4065,4.0,0.06,0.007541,0
4.0,0.24,12.5129,4.0,0.24,0.007989,0
4.0,0.48,12.7305,4.0,0.48,0.007832,0
4.0,0.9,12.65,4.0,0.9,0.007938,0
4.0,1.2,12.7807,4.0,1.2,0.007987,0
4.0,1.8,13.0465,4.0,1.8,0.011494,0
5.0,0.06,15.6518,5.0,0.06,0.007646,0
5.0,0.24,15.6466,5.0,0.24,0.007791,0
5.0,0.48,15.6022,5.0,0.48,0.007704,0
5.0,0.9,15.8805,5.0,0.9,0.007697,0
5.0,1.2,15.9492,5.0,1.2,0.007785,0
5.0,1.8,16.0905,5.0,1.8,0.010651,0
0.1,0.06,0.354578,0.1,0.06,0.001245,0
0.1,0.24,0.413554,0.1,0.24,0.001371,0
0.1,0.48,0.471896,0.1,0.48,0.001918,0
0.1,0.9,0.621999,0.1,0.9,0.004156,0
0.1,1.2,0.665775,0.1,1.2,0.006355,0
0.1,1.8,0.888523,0.1,1.8,0.011471,0
0.5,0.06,1.59308,0.5,0.06,0.001317,0
0.5,0.24,1.66304,0.5,0.24,0.001368,0
0.5,0.48,1.71444,0.5,0.48,0.001481,0
0.5,0.9,1.84016,0.5,0.9,0.002075,0
0.5,1.2,1.91588,0.5,1.2,0.002665,0
0.5,1.8,2.18844,0.5,1.8,0.004486,0
1.2,0.06,3.77462,1.2,0.06,0.001335,0
1.2,0.24,3.82945,1.2,0.24,0.001354,0
1.2,0.48,3.87724,1.2,0.48,0.001404,0
1.2,0.9,3.99508,1.2,0.9,0.001674,0
1.2,1.2,4.12886,1.2,1.2,0.002092,0
1.2,1.8,4.35869,1.2,1.8,0.00286,0
3.0,0.06,9.46227,3.0,0.06,0.001349,0
3.0,0.24,9.35525,3.0,0.24,0.001342,0
3.0,0.48,9.53162,3.0,0.48,0.001401,0
3.0,0.9,9.61122,3.0,0.9,0.00153,0
3.0,1.2,9.62002,3.0,1.2,0.001692,0
3.0,1.8,9.89043,3.0,1.8,0.002127,0
4.0,0.06,12.4065,4.0,0.06,0.001388,0
4.0,0.24,12.5129,4.0,0.24,0.001372,0
4.0,0.48,12.7305,4.0,0.48,0.001396,0
4.0,0.9,12.65,4.0,0.9,0.00151,0
4.0,1.2,12.7807,4.0,1.2,0.001599,0
4.0,1.8,13.0465,4.0,1.8,0.00199,0
5.0,0.06,15.6518,5.0,0.06,0.001378,0
5.0,0.24,15.6466,5.0,0.24,0.001455,0
5.0,0.48,15.6022,5.0,0.48,0.001418,0
5.0,0.9,15.8805,5.0,0.9,0.001523,0
5.0,1.2,15.9492,5.0,1.2,0.001611,0
5.0,1.8,16.0905,5.0,1.8,0.001904,0
0.1,0.06,0.499987,0.1,0.06,0.187007,0
0.1,0.24,0.496152,0.1,0.24,0.209222,0
0.1,0.48,0.551473,0.1,0.48,0.238571,0
0.1,0.9,0.689466,0.1,0.9,0.272198,0
0.1,1.2,0.847828,0.1,1.2,0.27201,0
0.1,1.8,1.01031,0.1,1.8,0.274182,0
0.5,0.06,2.40727,0.5,0.06,0.852209,0
0.5,0.24,2.36855,0.5,0.24,0.868913,0
0.5,0.48,2.38622,0.5,0.48,0.901204,0
0.5,0.9,2.40692,0.5,0.9,0.953911,0
0.5,1.2,2.39986,0.5,1.2,0.997304,0
0.5,1.8,2.43772,0.5,1.8,1.0866,0
1.2,0.06,5.68964,1.2,0.06,2.01349,0
1.2,0.24,5.6656,1.2,0.24,2.0398,0
1.2,0.48,5.66672,1.2,0.48,2.09798,0
1.2,0.9,5.73014,1.2,0.9,2.11891,0
1.2,1.2,5.70326,1.2,1.2,2.13467,0
1.2639636011872897,2.117863263220275,5.4396861927526725,0.263379944090424,1.574815904371666,2.4433638175698915,1
3.0,0.06,14.0802,3.0,0.06,5.02825,0
3.0,0.24,14.1221,3.0,0.24,5.04592,0
3.0,0.48,14.1615,3.0,0.48,5.09488,0
3.0,0.9,14.1195,3.0,0.9,5.1485,0
3.0,1.2,14.1354,3.0,1.2,5.15232,0
3.0,1.8,14.0538,3.0,1.8,5.22928,0
4.0,0.06,18.6428,4.0,0.06,6.53589,0
4.0,0.24,18.7359,4.0,0.24,6.58147,0
4.0,0.48,18.7284,4.0,0.48,6.72522,0
4.0,0.9,18.695,4.0,0.9,6.73788,0
4.0,1.2,18.7703,4.0,1.2,6.86197,0
4.0,1.8,18.7405,4.0,1.8,6.82856,0
5.0,0.06,23.328,5.0,0.06,8.22651,0
9.684396768515564,7.145662583012166,70.47283827460166,10.103341217818384,6.311461219054419,45.405725034266354,1
5.0,0.48,23.3627,5.0,0.48,8.37396,0
5.0,0.9,23.3231,5.0,0.9,8.26322,0
5.0,1.2,23.3059,5.0,1.2,8.3763,0
5.0,1.8,23.4481,5.0,1.8,8.51607,0
0.1,0.06,0.499987,0.1,0.06,0.235996,0
0.1,0.24,0.496152,0.1,0.24,0.235791,0
0.1,0.48,0.551473,0.1,0.48,0.270214,0
0.1,0.9,0.689466,0.1,0.9,0.343644,0
0.1,1.2,0.847828,0.1,1.2,0.410984,0
0.1,1.8,1.01031,0.1,1.8,0.495732,0
0.5,0.06,2.40727,0.5,0.06,1.17685,0
0.5,0.24,2.36855,0.5,0.24,1.16902,0
0.5,0.48,2.38622,0.5,0.48,1.15659,0
0.5,0.9,2.40692,0.5,0.9,1.14657,0
0.5,1.2,2.39986,0.5,1.2,1.15004,0
0.5,1.8,2.43772,0.5,1.8,1.27119,0
1.2,0.06,5.68964,1.2,0.06,2.79744,0
1.2,0.24,5.6656,1.2,0.24,2.83321,0
1.2,0.48,5.66672,1.2,0.48,2.89062,0
1.2,0.9,5.73014,1.2,0.9,2.76064,0
1.2,1.2,5.70326,1.2,1.2,2.8615,0
1.2,1.8,5.68931,1.2,1.8,2.75144,0
3.0,0.06,14.0802,3.0,0.06,6.92504,0
3.0,0.24,14.1221,3.0,0.24,6.94176,0
3.0,0.48,14.1615,3.0,0.48,7.07559,0
3.0,0.9,14.1195,3.0,0.9,7.08262,0
3.0,1.2,14.1354,3.0,1.2,7.00455,0
3.0,1.8,14.0538,3.0,1.8,6.94171,0
4.0,0.06,18.6428,4.0,0.06,9.02562,0
4.0,0.24,18.7359,4.0,0.24,9.16031,0
4.0,0.48,18.7284,4.0,0.48,9.35666,0
15.87593464238675,6.0805299873359075,45.580191001206394,17.371612699298964,6.290736744681874,48.03153716638084,1
4.0,1.2,18.7703,4.0,1.2,9.1812,0
4.0,1.8,18.7405,4.0,1.8,8.99085,0
5.0,0.06,23.328,5.0,0.06,11.4969,0
5.0,0.24,23.2723,5.0,0.24,11.6799,0
5.0,0.48,23.3627,5.0,0.48,11.3357,0
5.0,0.9,23.3231,5.0,0.9,11.4848,0
5.0,1.2,23.3059,5.0,1.2,11.2468,0
5.0,1.8,23.4481,5.0,1.8,11.4875,0
0.1,0.06,0.499987,0.1,0.06,0.007708,0
0.1,0.24,0.496152,0.1,0.24,0.008549,0
0.1,0.48,0.551473,0.1,0.48,0.006982,0
0.1,0.9,0.689466,0.1,0.9,0.008764,0
0.1,1.2,0.847828,0.1,1.2,0.00779,0
0.1,1.8,1.01031,0.1,1.8,0.026461,0
0.5,0.06,2.40727,0.5,0.06,0.008355,0
0.5,0.24,2.36855,0.5,0.24,0.008311,0
3.0,0.48,14.1591,3.0,0.48,0.0179625,1
0.5,0.9,2.40692,0.5,0.9,0.008893,0
0.5,1.2,2.39986,0.5,1.2,0.008063,0
0.5,1.8,2.43772,0.5,1.8,0.022383,0
1.2,0.06,5.68964,1.2,0.06,0.008266,0
1.2,0.24,5.6656,1.2,0.24,0.007998,0
1.2,0.48,5.66672,1.2,0.48,0.007891,0
1.2,0.9,5.73014,1.2,0.9,0.00871,0
1.2,1.2,5.70326,1.2,1.2,0.008628,0
1.2,1.8,5.68931,1.2,1.8,0.019244,0
3.0,0.06,14.0802,3.0,0.06,0.007972,0
3.497583832579303,0.7086837071268399,14.537180686173151,3.1864211243279126,0.3500946571025664,0.5244566990631984,1
3.0,0.48,14.1615,3.0,0.48,0.008234,0
3.0,0.9,14.1195,3.0,0.9,0.007976,0
3.0,1.2,14.1354,3.0,1.2,0.00821,0
3.0,1.8,14.0538,3.0,1.8,0.012242,0
4.0,0.06,18.6428,4.0,0.06,0.007541,0
4.0,0.24,18.7359,4.0,0.24,0.007989,0
4.0,0.48,18.7284,4.0,0.48,0.007832,0
4.0,0.9,18.695,4.0,0.9,0.007938,0
4.0,1.2,18.7703,4.0,1.2,0.007987,0
4.0,1.8,18.7405,4.0,1.8,0.011494,0
5.0,0.06,23.328,5.0,0.06,0.007646,0
5.0,0.24,23.2723,5.0,0.24,0.007791,0
5.0,0.48,23.3627,5.0,0.48,0.007704,0
5.0,0.9,23.3231,5.0,0.9,0.007697,0
5.0,1.2,23.3059,5.0,1.2,0.007785,0
5.0,1.8,23.4481,5.0,1.8,0.010651,0
0.5313772959763433,-0.35503524756461846,0.3590645753014501,-0.21843823710321666,0.8312736056870584,-0.7086935821354644,1
0.1,0.24,0.496152,0.1,0.24,0.001371,0
0.1,0.48,0.551473,0.1,0.48,0.001918,0
0.1,0.9,0.689466,0.1,0.9,0.004156,0
0.1,1.2,0.847828,0.1,1.2,0.006355,0
0.1,1.8,1.01031,0.1,1.8,0.011471,0
0.5,0.06,2.40727,0.5,0.06,0.001317,0
0.5,0.24,2.36855,0.5,0.24,0.001368,0
0.5,0.48,2.38622,0.5,0.48,0.001481,0
0.5,0.9,2.40692,0.5,0.9,0.002075,0
0.5,1.2,2.39986,0.5,1.2,0.002665,0
0.5,1.8,2.43772,0.5,1.8,0.004486,0
1.2,0.06,5.68964,1.2,0.06,0.001335,0
1.2,0.24,5.6656,1.2,0.24,0.001354,0
1.2,0.48,5.66672,1.2,0.48,0.001404,0
1.2,0.9,5.73014,1.2,0.9,0.001674,0
1.2,1.2,5.70326,1.2,1.2,0.002092,0
1.2,1.8,5.68931,1.2,1.8,0.00286,0
3.0,0.06,14.0802,3.0,0.06,0.001349,0
3.0,0.24,14.1221,3.0,0.24,0.001342,0
3.0,0.48,14.1615,3.0,0.48,0.001401,0
3.0,0.9,14.1195,3.0,0.9,0.00153,0
3.0,1.2,14.1354,3.0,1.2,0.001692,0
3.0,1.8,14.0538,3.0,1.8,0.002127,0
4.0,0.06,18.6428,4.0,0.06,0.001388,0
4.0,0.24,18.7359,4.0,0.24,0.001372,0
4.0,0.48,18.7284,4.0,0.48,0.001396,0
4.0,0.9,18.695,4.0,0.9,0.00151,0
4.0,1.2,18.7703,4.0,1.2,0.001599,0
4.0,1.8,18.7405,4.0,1.8,0.00199,0
5.0,0.06,23.328,5.0,0.06,0.001378,0
5.0,0.24,23.2723,5.0,0.24,0.001455,0
5.0,0.48,23.3627,5.0,0.48,0.001418,0
5.0,0.9,23.3231,5.0,0.9,0.001523,0
5.0,1.2,23.3059,5.0,1.2,0.001611,0
5.0,1.8,23.4481,5.0,1.8,0.001904,0
0.1,0.06,0.187007,0.1,0.06,0.235996,0
0.1,0.24,0.209222,0.1,0.24,0.235791,0
0.1,0.48,0.238571,0.1,0.48,0.270214,0
0.1,0.9,0.272198,0.1,0.9,0.343644,0
0.1,1.2,0.27201,0.1,1.2,0.410984,0
0.08,1.2,0.545074,0.08,1.2,0.016674,1
0.5,0.06,0.852209,0.5,0.06,1.17685,0
0.5,0.24,0.868913,0.5,0.24,1.16902,0
0.5,0.48,0.901204,0.5,0.48,1.15659,0
0.5,0.9,0.953911,0.5,0.9,1.14657,0
0.5,1.2,0.997304,0.5,1.2,1.15004,0
0.5,1.8,1.0866,0.5,1.8,1.27119,0
1.2,0.06,2.01349,1.2,0.06,2.79744,0
1.2,0.24,2.0398,1.2,0.24,2.83321,0
1.2,0.48,2.09798,1.2,0.48,2.89062,0
1.2,0.9,2.11891,1.2,0.9,2.76064,0
1.2,1.2,2.13467,1.2,1.2,2.8615,0
1.2,1.8,2.23994,1.2,1.8,2.75144,0
3.0,0.06,5.02825,3.0,0.06,6.92504,0
3.0,0.24,5.04592,3.0,0.24,6.94176,0
3.0,0.48,5.09488,3.0,0.48,7.07559,0
3.0,0.9,5.1485,3.0,0.9,7.08262,0
3.0,1.2,5.15232,3.0,1.2,7.00455,0
3.0,1.8,5.22928,3.0,1.8,6.94171,0
4.0,0.06,6.53589,4.0,0.06,9.02562,0
4.0,0.24,6.58147,4.0,0.24,9.16031,0
4.0,0.48,6.72522,4.0,0.48,9.35666,0
4.0,0.9,6.73788,4.0,0.9,9.03996,0
4.0,1.2,6.86197,4.0,1.2,9.1812,0
4.0,1.8,6.82856,4.0,1.8,8.99085,0
5.0,0.06,8.22651,5.0,0.06,11.4969,0
5.0,0.24,8.25329,5.0,0.24,11.6799,0
5.0,0.48,8.37396,5.0,0.48,11.3357,0
5.0,0.9,8.26322,5.0,0.9,11.4848,0
4.965898734833665,0.49664028372022095,8.3381804913397,5.748440136925428,0.8944574687616411,11.126437848005475,1
5.0,1.8,8.51607,5.0,1.8,11.4875,0
0.1,0.06,0.187007,0.1,0.06,0.007708,0
0.1,0.24,0.209222,0.1,0.24,0.008549,0
0.1,0.48,0.238571,0.1,0.48,0.006982,0
0.1,0.9,0.272198,0.1,0.9,0.008764,0
0.1,1.2,0.27201,0.1,1.2,0.00779,0
0.1,1.8,0.274182,0.1,1.8,0.026461,0
0.5,0.06,0.852209,0.5,0.06,0.008355,0
0.5,0.24,0.868913,0.5,0.24,0.008311,0
0.5,0.48,0.901204,0.5,0.48,0.007989,0
0.5,0.9,0.953911,0.5,0.9,0.008893,0
0.5,1.2,0.997304,0.5,1.2,0.008063,0
0.5,1.8,1.0866,0.5,1.8,0.022383,0
1.2,0.06,2.01349,1.2,0.06,0.008266,0
1.2,0.24,2.0398,1.2,0.24,0.007998,0
0.4,0.42,0.436987,0.4,0.42,0.513996,1
1.2,0.9,2.11891,1.2,0.9,0.00871,0
1.2,1.2,2.13467,1.2,1.2,0.008628,0
1.2,1.8,2.23994,1.2,1.8,0.019244,0
3.0,0.06,5.02825,3.0,0.06,0.007972,0
3.0,0.24,5.04592,3.0,0.24,0.008262,0
3.0,0.48,5.09488,3.0,0.48,0.008234,0
3.0,0.9,5.1485,3.0,0.9,0.007976,0
3.0,1.2,5.15232,3.0,1.2,0.00821,0
3.0,1.8,5.22928,3.0,1.8,0.012242,0
3.568405143916586,1.0800669429984595,7.538101651837586,3.9513444246492044,-0.08907626309995015,-0.33849159933234585,1
4.0,0.24,6.58147,4.0,0.24,0.007989,0
4.0,0.48,6.72522,4.0,0.48,0.007832,0
0.1,0.06,0.371168,0.1,0.06,0.003742,1
4.0,1.2,6.86197,4.0,1.2,0.007987,0
4.0,1.8,6.82856,4.0,1.8,0.011494,0
5.0,0.06,8.22651,5.0,0.06,0.007646,0
5.0,0.24,8.25329,5.0,0.24,0.007791,0
5.0,0.48,8.37396,5.0,0.48,0.007704,0
5.0,0.9,8.26322,5.0,0.9,0.007697,0
5.0,1.2,8.3763,5.0,1.2,0.007785,0
5.0,1.8,8.51607,5.0,1.8,0.010651,0
0.1,0.06,0.187007,0.1,0.06,0.001245,0
0.1,0.24,0.209222,0.1,0.24,0.001371,0
0.1,0.48,0.238571,0.1,0.48,0.001918,0
0.1,0.9,0.272198,0.1,0.9,0.004156,0
0.1,1.2,0.27201,0.1,1.2,0.006355,0
0.1,1.8,0.274182,0.1,1.8,0.011471,0
0.5,0.06,0.852209,0.5,0.06,0.001317,0
0.5,0.24,0.868913,0.5,0.24,0.001368,0
0.5,0.48,0.901204,0.5,0.48,0.001481,0
0.5,0.9,0.953911,0.5,0.9,0.002075,0
0.5,1.2,0.997304,0.5,1.2,0.002665,0
0.5,1.8,1.0866,0.5,1.8,0.004486,0
1.2,0.06,2.01349,1.2,0.06,0.001335,0
1.2,0.24,2.0398,1.2,0.24,0.001354,0
1.2,0.48,2.09798,1.2,0.48,0.001404,0
1.2,0.9,2.11891,1.2,0.9,0.001674,0
1.2,1.2,2.13467,1.2,1.2,0.002092,0
1.2,1.8,2.23994,1.2,1.8,0.00286,0
3.0,0.06,5.02825,3.0,0.06,0.001349,0
16.45135733867295,7.624215320207119,66.89286006625468,12.11927213951697,4.549130359791947,56.58431089922712,1
3.0,0.48,5.09488,3.0,0.48,0.001401,0
3.0,0.9,5.1485,3.0,0.9,0.00153,0
3.0,1.2,5.15232,3.0,1.2,0.001692,0
3.0,1.8,5.22928,3.0,1.8,0.002127,0
4.0,0.06,6.53589,4.0,0.06,0.001388,0
4.0,0.24,6.58147,4.0,0.24,0.001372,0
4.0,0.48,6.72522,4.0,0.48,0.001396,0
4.0,0.9,6.73788,4.0,0.9,0.00151,0
4.0,1.2,6.86197,4.0,1.2,0.001599,0
3.0,0.9,14.2568,3.0,0.9,0.007379,1
5.0,0.06,8.22651,5.0,0.06,0.001378,0
5.0,0.24,8.25329,5.0,0.24,0.001455,0
5.0,0.48,8.37396,5.0,0.48,0.001418,0
5.0,0.9,8.26322,5.0,0.9,0.001523,0
5.0,1.2,8.3763,5.0,1.2,0.001611,0
5.0,1.8,8.51607,5.0,1.8,0.001904,0
0.1,0.06,0.235996,0.1,0.06,0.007708,0
0.1,0.24,0.235791,0.1,0.24,0.008549,0
0.1,0.48,0.270214,0.1,0.48,0.006982,0
0.1,0.9,0.343644,0.1,0.9,0.008764,0
0.1,1.2,0.410984,0.1,1.2,0.00779,0
0.1,1.8,0.495732,0.1,1.8,0.026461,0
0.5,0.06,1.17685,0.5,0.06,0.008355,0
0.5,0.24,1.16902,0.5,0.24,0.008311,0
0.5,0.48,1.15659,0.5,0.48,0.007989,0
0.5,0.9,1.14657,0.5,0.9,0.008893,0
0.5,1.2,1.15004,0.5,1.2,0.008063,0
0.5,1.8,1.27119,0.5,1.8,0.022383,0
1.2,0.06,2.79744,1.2,0.06,0.008266,0
1.2,0.24,2.83321,1.2,0.24,0.007998,0
1.2,0.48,2.89062,1.2,0.48,0.007891,0
1.2,0.9,2.76064,1.2,0.9,0.00871,0
1.2,1.2,2.8615,1.2,1.2,0.008628,0
1.2,1.8,2.75144,1.2,1.8,0.019244,0
3.0,0.06,6.92504,3.0,0.06,0.007972,0
3.0,0.24,6.94176,3.0,0.24,0.008262,0
3.0,0.48,7.07559,3.0,0.48,0.008234,0
3.0,0.9,7.08262,3.0,0.9,0.007976,0
3.0,1.2,7.00455,3.0,1.2,0.00821,0
3.0,1.8,6.94171,3.0,1.8,0.012242,0
4.0,0.06,9.02562,4.0,0.06,0.007541,0
4.0,0.24,9.16031,4.0,0.24,0.007989,0
4.0,0.48,9.35666,4.0,0.48,0.007832,0
4.0,0.9,9.03996,4.0,0.9,0.007938,0
4.0,1.2,9.1812,4.0,1.2,0.007987,0
4.0,1.8,8.99085,4.0,1.8,0.011494,0
5.0,0.06,11.4969,5.0,0.06,0.007646,0
5.0,0.24,11.6799,5.0,0.24,0.007791,0
5.0,0.48,11.3357,5.0,0.48,0.007704,0
5.0,0.9,11.4848,5.0,0.9,0.007697,0
5.0,1.2,11.2468,5.0,1.2,0.007785,0
5.0,1.8,11.4875,5.0,1.8,0.010651,0
0.1,0.06,0.235996,0.1,0.06,0.001245,0
0.1,0.24,0.235791,0.1,0.24,0.001371,0
0.1,0.48,0.270214,0.1,0.48,0.001918,0
0.1,0.9,0.343644,0.1,0.9,0.004156,0
0.1,1.2,0.410984,0.1,1.2,0.006355,0
0.1,1.8,0.495732,0.1,1.8,0.011471,0
0.5,0.06,1.17685,0.5,0.06,0.001317,0
0.5,0.24,1.16902,0.5,0.24,0.001368,0
0.5,0.48,1.15659,0.5,0.48,0.001481,0
0.5,0.9,1.14657,0.5,0.9,0.002075,0
0.5,1.2,1.15004,0.5,1.2,0.002665,0
0.5,1.8,1.27119,0.5,1.8,0.004486,0
1.2,0.24,2.89504,1.2,0.24,0.003996,1
1.2,0.24,2.83321,1.2,0.24,0.001354,0
1.2,0.48,2.89062,1.2,0.48,0.001404,0
1.2,0.9,2.76064,1.2,0.9,0.001674,0
1.2,1.2,2.8615,1.2,1.2,0.002092,0
1.2,1.8,2.75144,1.2,1.8,0.00286,0
1.2,0.24,5.59936,1.2,0.24,0.006203,1
3.0,0.24,6.94176,3.0,0.24,0.001342,0
3.0,0.48,7.07559,3.0,0.48,0.001401,0
3.0,0.9,7.08262,3.0,0.9,0.00153,0
3.0,1.2,7.00455,3.0,1.2,0.001692,0
3.0,1.8,6.94171,3.0,1.8,0.002127,0
4.0,0.06,9.02562,4.0,0.06,0.001388,0
4.0,0.24,9.16031,4.0,0.24,0.001372,0
4.0,0.48,9.35666,4.0,0.48,0.001396,0
4.0,0.9,9.03996,4.0,0.9,0.00151,0
4.0,1.2,9.1812,4.0,1.2,0.001599,0
4.0,1.8,8.99085,4.0,1.8,0.00199,0
5.0,0.06,11.4969,5.0,0.06,0.001378,0
5.0,0.24,11.6799,5.0,0.24,0.001455,0
5.0,0.48,11.3357,5.0,0.48,0.001418,0
5.0,0.9,11.4848,5.0,0.9,0.001523,0
5.0,1.2,11.2468,5.0,1.2,0.001611,0
5.0572380294093895,1.7457360787175762,11.900919315354558,4.947995386137652,0.9208955616722825,-0.12365491732122043,1
0.1,0.06,0.007708,0.1,0.06,0.001245,0
0.1,0.24,0.008549,0.1,0.24,0.001371,0
0.1,0.48,0.006982,0.1,0.48,0.001918,0
0.1,0.9,0.008764,0.1,0.9,0.004156,0
0.1,1.2,0.00779,0.1,1.2,0.006355,0
0.1,1.8,0.026461,0.1,1.8,0.011471,0
0.5,0.06,0.008355,0.5,0.06,0.001317,0
0.5,0.24,0.008311,0.5,0.24,0.001368,0
0.5,0.48,0.007989,0.5,0.48,0.001481,0
0.5,0.9,0.008893,0.5,0.9,0.002075,0
0.5,1.2,0.008063,0.5,1.2,0.002665,0
0.5,1.8,0.022383,0.5,1.8,0.004486,0
1.2,0.06,0.008266,1.2,0.06,0.001335,0
1.2,0.24,0.007998,1.2,0.24,0.001354,0
1.2,0.48,0.007891,1.2,0.48,0.001404,0
1.2,0.9,0.00871,1.2,0.9,0.001674,0
1.2,1.2,0.008628,1.2,1.2,0.002092,0
1.2,1.8,0.019244,1.2,1.8,0.00286,0
3.0,0.06,0.007972,3.0,0.06,0.001349,0
3.0,0.24,0.008262,3.0,0.24,0.001342,0
3.0,0.48,0.008234,3.0,0.48,0.001401,0
3.0,0.9,0.007976,3.0,0.9,0.00153,0
3.0,1.2,0.00821,3.0,1.2,0.001692,0
3.0,1.8,0.012242,3.0,1.8,0.002127,0
4.0,0.06,0.007541,4.0,0.06,0.001388,0
4.0,0.24,0.007989,4.0,0.24,0.001372,0
4.0,0.48,0.007832,4.0,0.48,0.001396,0
4.0,0.9,0.007938,4.0,0.9,0.00151,0
4.0,1.2,0.007987,4.0,1.2,0.001599,0
4.0,1.8,0.011494,4.0,1.8,0.00199,0
5.0,0.06,0.007646,5.0,0.06,0.001378,0
5.0,0.24,0.007791,5.0,0.24,0.001455,0
5.0,0.48,0.007704,5.0,0.48,0.001418,0
5.0,0.9,0.007697,5.0,0.9,0.001523,0
5.0,1.2,0.007785,5.0,1.2,0.001611,0
5.0,1.8,0.010651,5.0,1.8,0.001904,0
0.1,0.06,0.359749,0.1,0.06,0.489843,0
0.1,0.24,0.403876,0.1,0.24,0.491164,0
0.1,0.48,0.459341,0.1,0.48,0.498657,0
3.0,0.24,8.52152,3.0,0.24,12.367,1
0.5,0.9,0.826945,0.5,0.9,0.602529,1
0.1,1.8,0.73542,0.1,1.8,0.797387,0
0.5,0.06,1.6657,0.5,0.06,2.40214,0
0.5,0.24,1.71876,0.5,0.24,2.41865,0
0.5,0.48,1.77447,0.5,0.48,2.41477,0
0.5,0.9,1.87467,0.5,0.9,2.40135,0
0.5,1.2,1.94849,0.5,1.2,2.38413,0
0.5,1.8,2.10987,0.5,1.8,2.42337,0
1.2,0.06,3.9471,1.2,0.06,5.74221,0
1.2,0.24,4.05173,1.2,0.24,5.95942,0
1.2,0.48,4.06797,1.2,0.48,5.73212,0
1.2,0.9,4.17189,1.2,0.9,5.76646,0
1.2,1.2,4.27575,1.2,1.2,5.90323,0
1.2,1.8,4.44495,1.2,1.8,5.71954,0
3.0,0.06,9.79292,3.0,0.06,14.2743,0
3.0,0.24,9.83266,3.0,0.24,14.296,0
3.0,0.48,9.9477,3.0,0.48,14.445,0
3.0,0.9,10.1318,3.0,0.9,14.1448,0
3.0,1.2,10.0774,3.0,1.2,14.2455,0
3.0,1.8,10.2892,3.0,1.8,14.2184,0
4.0,0.06,13.0933,4.0,0.06,19.0168,0
4.0,0.24,13.1135,4.0,0.24,19.0719,0
4.0,0.48,13.1816,4.0,0.48,19.1,0
4.0,0.9,13.1424,4.0,0.9,19.1322,0
4.0,1.2,13.3295,4.0,1.2,19.1107,0
4.0,1.8,13.3944,4.0,1.8,19.1526,0
5.0,0.06,16.2948,5.0,0.06,23.7889,0
0.04,0.06,0.083761,0.04,0.06,0.060175,1
5.0,0.48,16.3422,5.0,0.48,23.5346,0
5.0,0.9,16.5259,5.0,0.9,23.6473,0
5.0,1.2,16.5591,5.0,1.2,23.4441,0
5.0,1.8,16.7569,5.0,1.8,23.6133,0
0.1,0.06,0.359749,0.1,0.06,0.232749,0
0.1,0.24,0.403876,0.1,0.24,0.284182,0
0.1,0.48,0.459341,0.1,0.48,0.342421,0
0.1,0.9,0.590929,0.1,0.9,0.433413,0
0.1,1.2,0.635961,0.1,1.2,0.424375,0
0.1,1.8,0.73542,0.1,1.8,0.435451,0
0.5,0.06,1.6657,0.5,0.06,1.06814,0
0.5,0.24,1.71876,0.5,0.24,1.10201,0
0.5,0.48,1.77447,0.5,0.48,1.15287,0
0.5,0.9,1.87467,0.5,0.9,1.27278,0
0.5,1.2,1.94849,0.5,1.2,1.33597,0
0.5,1.8,2.10987,0.5,1.8,1.52122,0
1.2,0.06,3.9471,1.2,0.06,2.47796,0
1.2,0.24,4.05173,1.2,0.24,2.574,0
1.2,0.48,4.06797,1.2,0.48,2.60244,0
1.2,0.9,4.17189,1.2,0.9,2.6936,0
1.2,1.2,4.27575,1.2,1.2,2.75716,0
1.2,1.8,4.44495,1.2,1.8,2.93077,0
3.0,0.06,9.79292,3.0,0.06,6.13723,0
3.0,0.24,9.83266,3.0,0.24,6.183,0
3.0,0.48,9.9477,3.0,0.48,6.25648,0
3.0,0.9,10.1318,3.0,0.9,6.44671,0
3.0,1.2,10.0774,3.0,1.2,6.52226,0
3.0,1.8,10.2892,3.0,1.8,6.66346,0
4.0,0.06,13.0933,4.0,0.06,8.18527,0
4.0,0.24,13.1135,4.0,0.24,8.29255,0
4.0,0.48,13.1816,4.0,0.48,8.33702,0
4.0,0.9,13.1424,4.0,0.9,8.41094,0
4.0,1.2,13.3295,4.0,1.2,8.47864,0
4.0,1.8,13.3944,4.0,1.8,8.6416,0
5.0,0.06,16.2948,5.0,0.06,10.2774,0
5.0,0.24,16.2537,5.0,0.24,10.407,0
5.0,0.48,16.3422,5.0,0.48,10.4387,0
5.0,0.9,16.5259,5.0,0.9,10.4643,0
5.0,1.2,16.5591,5.0,1.2,10.4988,0
5.0,1.8,16.7569,5.0,1.8,10.8093,0
0.1,0.06,0.359749,0.1,0.06,0.291769,0
0.1,0.24,0.403876,0.1,0.24,0.30377,0
0.1,0.48,0.459341,0.1,0.48,0.376313,0
0.1,0.9,0.590929,0.1,0.9,0.521058,0
0.1,1.2,0.635961,0.1,1.2,0.678019,0
0.1,1.8,0.73542,0.1,1.8,0.910504,0
13.754487051724414,7.11347622664322,51.9723545677566,14.583376030982674,8.284877420402607,66.35176027918436,1
0.5,0.24,1.71876,0.5,0.24,1.41522,0
0.5,0.48,1.77447,0.5,0.48,1.40945,0
0.5,0.9,1.87467,0.5,0.9,1.40501,0
0.5,1.2,1.94849,0.5,1.2,1.46911,0
0.5,1.8,2.10987,0.5,1.8,1.59486,0
1.2,0.06,3.9471,1.2,0.06,3.40424,0
1.2,0.24,4.05173,1.2,0.24,3.49619,0
1.2,0.48,4.06797,1.2,0.48,3.42974,0
1.2,0.9,4.17189,1.2,0.9,3.38082,0
1.2,1.2,4.27575,1.2,1.2,3.36146,0
1.2,1.8,4.44495,1.2,1.8,3.37865,0
3.0,0.06,9.79292,3.0,0.06,8.30296,0
3.0,0.24,9.83266,3.0,0.24,8.44088,0
3.0,0.48,9.9477,3.0,0.48,8.46557,0
3.0,0.9,10.1318,3.0,0.9,8.29482,0
3.0,1.2,10.0774,3.0,1.2,8.3033,0
3.0,1.8,10.2892,3.0,1.8,8.59689,0
4.0,0.06,13.0933,4.0,0.06,11.114,0
4.0,0.24,13.1135,4.0,0.24,11.2583,0
4.0,0.48,13.1816,4.0,0.48,11.22,0
4.0,0.9,13.1424,4.0,0.9,11.1464,0
4.0,1.2,13.3295,4.0,1.2,11.137,0
4.0,1.8,13.3944,4.0,1.8,11.1622,0
5.0,0.06,16.2948,5.0,0.06,13.9037,0
5.0,0.24,16.2537,5.0,0.24,13.8075,0
5.0,0.48,16.3422,5.0,0.48,13.782,0
5.0,0.9,16.5259,5.0,0.9,14.0952,0
5.0,1.2,16.5591,5.0,1.2,14.0647,0
5.0,1.8,16.7569,5.0,1.8,13.818,0
0.1,0.06,0.359749,0.1,0.06,0.004561,0
0.1,0.24,0.403876,0.1,0.24,0.004804,0
0.1,0.48,0.459341,0.1,0.48,0.005451,0
0.1,0.9,0.590929,0.1,0.9,0.008084,0
0.1,1.2,0.635961,0.1,1.2,0.008779,0
0.1,1.8,0.73542,0.1,1.8,0.014642,0
0.5,0.06,1.6657,0.5,0.06,0.004494,0
0.5,0.24,1.71876,0.5,0.24,0.004548,0
0.5,0.48,1.77447,0.5,0.48,0.004764,0
0.5,0.9,1.87467,0.5,0.9,0.005776,0
0.5,1.2,1.94849,0.5,1.2,0.006368,0
0.5,1.8,2.10987,0.5,1.8,0.009,0
1.2,0.06,3.9471,1.2,0.06,0.004812,0
1.2,0.24,4.05173,1.2,0.24,0.004872,0
1.2,0.48,4.06797,1.2,0.48,0.004603,0
0.5,0.48,2.11215,0.5,0.48,0.002288,1
1.2,1.2,4.27575,1.2,1.2,0.00557,0
1.2,1.8,4.44495,1.2,1.8,0.007016,0
3.0,0.06,9.79292,3.0,0.06,0.004849,0
3.0,0.24,9.83266,3.0,0.24,0.004494,0
3.0,0.48,9.9477,3.0,0.48,0.004866,0
3.0,0.9,10.1318,3.0,0.9,0.004927,0
3.0,1.2,10.0774,3.0,1.2,0.00505,0
3.0,1.8,10.2892,3.0,1.8,0.005884,0
4.0,0.06,13.0933,4.0,0.06,0.004768,0
4.0,0.24,13.1135,4.0,0.24,0.004787,0
4.0,0.48,13.1816,4.0,0.48,0.004811,0
4.0,0.9,13.1424,4.0,0.9,0.004969,0
4.0,1.2,13.3295,4.0,1.2,0.005091,0
4.0,1.8,13.3944,4.0,1.8,0.005643,0
5.0,0.06,16.2948,5.0,0.06,0.004825,0
5.147966620173047,0.3077144173599785,16.04079100081672,4.171428207433848,0.4756956313824954,0.6407977727119717,1
5.0,0.48,16.3422,5.0,0.48,0.004866,0
5.0,0.9,16.5259,5.0,0.9,0.00498,0
5.0,1.2,16.5591,5.0,1.2,0.005086,0
5.0,1.8,16.7569,5.0,1.8,0.005539,0
0.1,0.06,0.359749,0.1,0.06,0.001871,0
0.1,0.24,0.403876,0.1,0.24,0.002111,0
0.1,0.48,0.459341,0.1,0.48,0.001188,0
0.1,0.9,0.590929,0.1,0.9,0.003167,0
0.1,1.2,0.635961,0.1,1.2,0.002519,0
0.1,1.8,0.73542,0.1,1.8,0.008983,0
0.5,0.06,1.6657,0.5,0.06,0.002608,0
0.5,0.24,1.71876,0.5,0.24,0.002145,0
0.5,0.48,1.77447,0.5,0.48,0.001825,0
0.5,0.9,1.87467,0.5,0.9,0.00216,0
0.5,1.2,1.94849,0.5,1.2,0.001722,0
0.5,1.8,2.10987,0.5,1.8,0.006299,0
1.2,0.06,3.9471,1.2,0.06,0.002173,0
1.2,0.24,4.05173,1.2,0.24,0.002299,0
1.2,0.48,4.06797,1.2,0.48,0.002116,0
1.2,0.9,4.17189,1.2,0.9,0.00228,0
1.2,1.2,4.27575,1.2,1.2,0.001937,0
1.2,1.8,4.44495,1.2,1.8,0.005315,0
3.0,0.06,9.79292,3.0,0.06,0.001972,0
3.0483774592194,-0.5673749311456655,9.109900926127338,3.1809571353652633,-0.15871905853504947,0.5394198951149656,1
3.0,0.48,9.9477,3.0,0.48,0.002117,0
3.0,0.9,10.1318,3.0,0.9,0.002133,0
3.0,1.2,10.0774,3.0,1.2,0.002092,0
3.0,1.8,10.2892,3.0,1.8,0.004015,0
4.0,0.06,13.0933,4.0,0.06,0.002003,0
4.0,0.24,13.1135,4.0,0.24,0.002167,0
4.0,0.48,13.1816,4.0,0.48,0.002123,0
4.0,0.9,13.1424,4.0,0.9,0.002116,0
12.852852907958955,7.398331744353417,47.79520491927927,13.988376143758092,6.3645322847817285,53.72563172190791,1
4.0,1.8,13.3944,4.0,1.8,0.00331,0
5.0,0.06,16.2948,5.0,0.06,0.002202,0
5.0,0.24,16.2537,5.0,0.24,0.002076,0
5.0,0.48,16.3422,5.0,0.48,0.002113,0
5.0,0.9,16.5259,5.0,0.9,0.002208,0
5.0,1.2,16.5591,5.0,1.2,0.002226,0
5.0,1.8,16.7569,5.0,1.8,0.003264,0
0.1,0.06,0.489843,0.1,0.06,0.232749,0
0.1,0.24,0.491164,0.1,0.24,0.284182,0
0.1,0.48,0.498657,0.1,0.48,0.342421,0
0.1,0.9,0.601367,0.1,0.9,0.433413,0
0.1,1.2,0.647239,0.1,1.2,0.424375,0
0.1,1.8,0.797387,0.1,1.8,0.435451,0
0.5,0.06,2.40214,0.5,0.06,1.06814,0
0.5,0.24,2.41865,0.5,0.24,1.10201,0
0.5,0.48,2.41477,0.5,0.48,1.15287,0
0.5,0.9,2.40135,0.5,0.9,1.27278,0
0.5,1.2,2.38413,0.5,1.2,1.33597,0
0.5,1.8,2.42337,0.5,1.8,1.52122,0
1.2,0.06,5.74221,1.2,0.06,2.47796,0
1.2,0.24,5.95942,1.2,0.24,2.574,0
1.2,0.48,5.73212,1.2,0.48,2.60244,0
1.2,0.9,5.76646,1.2,0.9,2.6936,0
1.2,1.2,5.90323,1.2,1.2,2.75716,0
1.2,1.8,5.71954,1.2,1.8,2.93077,0
3.0,0.06,14.2743,3.0,0.06,6.13723,0
3.0,0.24,14.296,3.0,0.24,6.183,0
3.0,0.48,14.445,3.0,0.48,6.25648,0
3.0,0.9,14.1448,3.0,0.9,6.44671,0
3.0,1.2,14.2455,3.0,1.2,6.52226,0
3.0,1.8,14.2184,3.0,1.8,6.66346,0
3.6913571465605566,0.6611245016805856,19.62006786172715,4.134526346507854,-0.39008011393683145,7.9785456482641015,1
4.0,0.24,19.0719,4.0,0.24,8.29255,0
4.0,0.48,19.1,4.0,0.48,8.33702,0
4.0,0.9,19.1322,4.0,0.9,8.41094,0
4.0,1.2,19.1107,4.0,1.2,8.47864,0
4.0,1.8,19.1526,4.0,1.8,8.6416,0
5.0,0.06,23.7889,5.0,0.06,10.2774,0
5.0,0.24,23.5742,5.0,0.24,10.407,0
5.0,0.48,23.5346,5.0,0.48,10.4387,0
5.0,0.9,23.6473,5.0,0.9,10.4643,0
5.0,1.2,23.4441,5.0,1.2,10.4988,0
5.0,1.8,23.6133,5.0,1.8,10.8093,0
0.1,0.06,0.489843,0.1,0.06,0.291769,0
0.1,0.24,0.491164,0.1,0.24,0.30377,0
0.1,0.48,0.498657,0.1,0.48,0.376313,0
0.1,0.9,0.601367,0.1,0.9,0.521058,0
0.1,1.2,0.647239,0.1,1.2,0.678019,0
0.1,1.8,0.797387,0.1,1.8,0.910504,0
0.5,0.06,2.40214,0.5,0.06,1.56263,0
0.5,0.24,2.41865,0.5,0.24,1.41522,0
0.5,0.48,2.41477,0.5,0.48,1.40945,0
0.5,0.9,2.40135,0.5,0.9,1.40501,0
0.5,1.2,2.38413,0.5,1.2,1.46911,0
0.5,1.8,2.42337,0.5,1.8,1.59486,0
1.2,0.06,5.74221,1.2,0.06,3.40424,0
1.2,0.24,5.95942,1.2,0.24,3.49619,0
1.2,0.48,5.73212,1.2,0.48,3.42974,0
1.2,0.9,5.76646,1.2,0.9,3.38082,0
1.2,1.2,5.90323,1.2,1.2,3.36146,0
1.2,1.8,5.71954,1.2,1.8,3.37865,0
3.0,0.06,14.2743,3.0,0.06,8.30296,0
3.0,0.24,14.296,3.0,0.24,8.44088,0
3.0,0.48,14.445,3.0,0.48,8.46557,0
3.0,0.9,14.1448,3.0,0.9,8.29482,0
3.0,1.2,14.2455,3.0,1.2,8.3033,0
3.0,1.8,14.2184,3.0,1.8,8.59689,0
4.0,0.06,19.0168,4.0,0.06,11.114,0
4.0,0.24,19.0719,4.0,0.24,11.2583,0
4.0,0.48,19.1,4.0,0.48,11.22,0
4.0,0.9,19.1322,4.0,0.9,11.1464,0
4.0,1.2,19.1107,4.0,1.2,11.137,0
4.0,1.8,19.1526,4.0,1.8,11.1622,0
5.0,0.06,23.7889,5.0,0.06,13.9037,0
0.2,0.18,0.338284,0.2,0.18,0.005701,1
5.0,0.48,23.5346,5.0,0.48,13.782,0
5.0,0.9,23.6473,5.0,0.9,14.0952,0
0.1,1.2,0.474835,0.1,1.2,0.035077,1
5.0,1.8,23.6133,5.0,1.8,13.818,0
0.1,0.06,0.489843,0.1,0.06,0.004561,0
0.1,0.24,0.491164,0.1,0.24,0.004804,0
0.1,0.48,0.498657,0.1,0.48,0.005451,0
0.1,0.9,0.601367,0.1,0.9,0.008084,0
0.1,1.2,0.647239,0.1,1.2,0.008779,0
0.1,1.8,0.797387,0.1,1.8,0.014642,0
0.5,0.06,2.40214,0.5,0.06,0.004494,0
0.5,0.24,2.41865,0.5,0.24,0.004548,0
0.5,0.48,2.41477,0.5,0.48,0.004764,0
0.5,0.9,2.40135,0.5,0.9,0.005776,0
0.5,1.2,2.38413,0.5,1.2,0.006368,0
0.5,1.8,2.42337,0.5,1.8,0.009,0
1.2,0.06,5.74221,1.2,0.06,0.004812,0
1.2,0.24,5.95942,1.2,0.24,0.004872,0
1.2,0.48,5.73212,1.2,0.48,0.004603,0
1.2,0.9,5.76646,1.2,0.9,0.005264,0
1.2,1.2,5.90323,1.2,1.2,0.00557,0
1.2,1.8,5.71954,1.2,1.8,0.007016,0
3.0,0.06,14.2743,3.0,0.06,0.004849,0
3.0,0.24,14.296,3.0,0.24,0.004494,0
3.0,0.48,14.445,3.0,0.48,0.004866,0
3.0,0.9,14.1448,3.0,0.9,0.004927,0
3.0,1.2,14.2455,3.0,1.2,0.00505,0
3.0,1.8,14.2184,3.0,1.8,0.005884,0
4.0,0.06,19.0168,4.0,0.06,0.004768,0
4.0,0.24,19.0719,4.0,0.24,0.004787,0
4.0,0.48,19.1,4.0,0.48,0.004811,0
4.0,0.9,19.1322,4.0,0.9,0.004969,0
4.0,1.2,19.1107,4.0,1.2,0.005091,0
4.0,1.8,19.1526,4.0,1.8,0.005643,0
5.0,0.06,23.7889,5.0,0.06,0.004825,0
5.0,0.24,23.5742,5.0,0.24,0.004848,0
5.0,0.48,23.5346,5.0,0.48,0.004866,0
5.0,0.9,23.6473,5.0,0.9,0.00498,0
5.0,1.2,23.4441,5.0,1.2,0.005086,0
5.0,1.8,23.6133,5.0,1.8,0.005539,0
0.1,0.06,0.489843,0.1,0.06,0.001871,0
0.1,0.24,0.491164,0.1,0.24,0.002111,0
0.1,0.48,0.498657,0.1,0.48,0.001188,0
0.1,0.9,0.601367,0.1,0.9,0.003167,0
0.1,1.2,0.647239,0.1,1.2,0.002519,0
0.1,1.8,0.797387,0.1,1.8,0.008983,0
0.5,0.06,2.40214,0.5,0.06,0.002608,0
0.5,0.24,2.41865,0.5,0.24,0.002145,0
0.5,0.48,2.41477,0.5,0.48,0.001825,0
0.5,0.9,2.40135,0.5,0.9,0.00216,0
0.5,1.2,2.38413,0.5,1.2,0.001722,0
0.5,1.8,2.42337,0.5,1.8,0.006299,0
1.2,0.06,5.74221,1.2,0.06,0.002173,0
1.2,0.24,5.95942,1.2,0.24,0.002299,0
1.2,0.48,5.73212,1.2,0.48,0.002116,0
1.2,0.9,5.76646,1.2,0.9,0.00228,0
1.2,1.2,5.90323,1.2,1.2,0.001937,0
1.2,1.8,5.71954,1.2,1.8,0.005315,0
3.0,0.06,14.2743,3.0,0.06,0.001972,0
3.0,0.24,14.296,3.0,0.24,0.002155,0
3.0,0.48,14.445,3.0,0.48,0.002117,0
3.0,0.9,14.1448,3.0,0.9,0.002133,0
3.0,1.2,14.2455,3.0,1.2,0.002092,0
3.0,1.8,14.2184,3.0,1.8,0.004015,0
4.0,0.06,19.0168,4.0,0.06,0.002003,0
4.0,0.24,19.0719,4.0,0.24,0.002167,0
4.0,0.48,19.1,4.0,0.48,0.002123,0
4.0,0.9,19.1322,4.0,0.9,0.002116,0
4.0,1.2,19.1107,4.0,1.2,0.002141,0
4.0,1.8,19.1526,4.0,1.8,0.00331,0
5.0,0.06,23.7889,5.0,0.06,0.002202,0
5.0,0.24,23.5742,5.0,0.24,0.002076,0
5.0,0.48,23.5346,5.0,0.48,0.002113,0
5.0,0.9,23.6473,5.0,0.9,0.002208,0
5.0,1.2,23.4441,5.0,1.2,0.002226,0
5.0,1.8,23.6133,5.0,1.8,0.003264,0
0.1,0.06,0.232749,0.1,0.06,0.291769,0
0.1,0.24,0.284182,0.1,0.24,0.30377,0
0.1,0.48,0.342421,0.1,0.48,0.376313,0
0.1,0.9,0.433413,0.1,0.9,0.521058,0
0.1,1.2,0.424375,0.1,1.2,0.678019,0
0.1,1.8,0.435451,0.1,1.8,0.910504,0
0.5,0.06,1.06814,0.5,0.06,1.56263,0
0.5,0.24,1.10201,0.5,0.24,1.41522,0
0.5,0.48,1.15287,0.5,0.48,1.40945,0
0.5,0.9,1.27278,0.5,0.9,1.40501,0
0.5,1.2,1.33597,0.5,1.2,1.46911,0
0.5,1.8,1.52122,0.5,1.8,1.59486,0
1.2,0.06,2.47796,1.2,0.06,3.40424,0
1.2,0.24,2.574,1.2,0.24,3.49619,0
1.2,0.48,2.60244,1.2,0.48,3.42974,0
1.2,0.9,2.6936,1.2,0.9,3.38082,0
1.2,1.2,2.75716,1.2,1.2,3.36146,0
1.2,1.8,2.93077,1.2,1.8,3.37865,0
10.65583392206571,6.240140366065502,60.75302852142796,14.70694120825257,6.131683713312807,48.568509524502396,1
3.0,0.24,6.183,3.0,0.24,8.44088,0
3.0,0.48,6.25648,3.0,0.48,8.46557,0
3.0,0.9,6.44671,3.0,0.9,8.29482,0
3.0,1.2,6.52226,3.0,1.2,8.3033,0
3.0,1.8,6.66346,3.0,1.8,8.59689,0
4.0,0.06,8.18527,4.0,0.06,11.114,0
4.0,0.24,8.29255,4.0,0.24,11.2583,0
4.0,0.48,8.33702,4.0,0.48,11.22,0
4.0,0.9,8.41094,4.0,0.9,11.1464,0
4.0,1.2,8.47864,4.0,1.2,11.137,0
10.012351658167947,7.4980963839564385,37.57577162502036,12.996431698442905,5.570299187848209,60.056179613607306,1
5.0,0.06,10.2774,5.0,0.06,13.9037,0
5.0,0.24,10.407,5.0,0.24,13.8075,0
5.0,0.48,10.4387,5.0,0.48,13.782,0
5.0,0.9,10.4643,5.0,0.9,14.0952,0
5.0,1.2,10.4988,5.0,1.2,14.0647,0
5.0,1.8,10.8093,5.0,1.8,13.818,0
0.1,0.06,0.232749,0.1,0.06,0.004561,0
0.1,0.24,0.284182,0.1,0.24,0.004804,0
0.1,0.48,0.342421,0.1,0.48,0.005451,0
0.1,0.9,0.433413,0.1,0.9,0.008084,0
0.1,1.2,0.424375,0.1,1.2,0.008779,0
0.1,1.8,0.435451,0.1,1.8,0.014642,0
0.5,0.06,1.06814,0.5,0.06,0.004494,0
0.5,0.24,1.10201,0.5,0.24,0.004548,0
0.5,0.48,1.15287,0.5,0.48,0.004764,0
0.5,0.9,1.27278,0.5,0.9,0.005776,0
0.5,1.2,1.33597,0.5,1.2,0.006368,0
0.5,1.8,1.52122,0.5,1.8,0.009,0
11.200145329225057,6.003323957785245,71.30629918546067,10.716956127343073,7.017951416619599,37.633336304489895,1
1.2,0.24,2.574,1.2,0.24,0.004872,0
1.4974271866986224,0.17339405376200173,2.4401301628010295,1.318865863952993,0.531539110765424,0.01659300950779648,1
1.2,0.9,2.6936,1.2,0.9,0.005264,0
1.2,1.2,2.75716,1.2,1.2,0.00557,0
1.2,1.8,2.93077,1.2,1.8,0.007016,0
3.0,0.06,6.13723,3.0,0.06,0.004849,0
3.0,0.24,6.183,3.0,0.24,0.004494,0
3.0,0.48,6.25648,3.0,0.48,0.004866,0
3.0,0.9,6.44671,3.0,0.9,0.004927,0
3.0,1.2,6.52226,3.0,1.2,0.00505,0
3.0,1.8,6.66346,3.0,1.8,0.005884,0
4.0,0.06,8.18527,4.0,0.06,0.004768,0
4.0,0.24,8.29255,4.0,0.24,0.004787,0
4.0,0.48,8.33702,4.0,0.48,0.004811,0
4.0,0.9,8.41094,4.0,0.9,0.004969,0
4.0,1.2,8.47864,4.0,1.2,0.005091,0
4.0,1.8,8.6416,4.0,1.8,0.005643,0
5.0,0.06,10.2774,5.0,0.06,0.004825,0
5.0,0.24,10.407,5.0,0.24,0.004848,0
5.0,0.48,10.4387,5.0,0.48,0.004866,0
5.0,0.9,10.4643,5.0,0.9,0.00498,0
5.0,1.2,10.4988,5.0,1.2,0.005086,0
5.0,1.8,10.8093,5.0,1.8,0.005539,0
0.1,0.06,0.232749,0.1,0.06,0.001871,0
0.1,0.24,0.284182,0.1,0.24,0.002111,0
0.1,0.48,0.342421,0.1,0.48,0.001188,0
0.1,0.9,0.433413,0.1,0.9,0.003167,0
0.1,1.2,0.424375,0.1,1.2,0.002519,0
0.1,1.8,0.435451,0.1,1.8,0.008983,0
0.5,0.06,1.06814,0.5,0.06,0.002608,0
0.5,0.24,1.10201,0.5,0.24,0.002145,0
0.5,0.48,1.15287,0.5,0.48,0.001825,0
0.5,0.9,1.27278,0.5,0.9,0.00216,0
0.5,1.2,1.33597,0.5,1.2,0.001722,0
0.5,1.8,1.52122,0.5,1.8,0.006299,0
1.2,0.06,2.47796,1.2,0.06,0.002173,0
1.2,0.24,2.574,1.2,0.24,0.002299,0
1.2,0.48,2.60244,1.2,0.48,0.002116,0
1.2,0.9,2.6936,1.2,0.9,0.00228,0
1.2,1.2,2.75716,1.2,1.2,0.001937,0
1.2,1.8,2.93077,1.2,1.8,0.005315,0
3.0,0.06,6.13723,3.0,0.06,0.001972,0
3.0,0.24,6.183,3.0,0.24,0.002155,0
3.0,0.48,6.25648,3.0,0.48,0.002117,0
3.0,0.9,6.44671,3.0,0.9,0.002133,0
3.0,1.2,6.52226,3.0,1.2,0.002092,0
3.0,1.8,6.66346,3.0,1.8,0.004015,0
4.0,0.06,8.18527,4.0,0.06,0.002003,0
4.0,0.24,8.29255,4.0,0.24,0.002167,0
4.0,0.48,8.33702,4.0,0.48,0.002123,0
4.0,0.9,8.41094,4.0,0.9,0.002116,0
4.0,1.2,8.47864,4.0,1.2,0.002141,0
4.0,1.8,8.6416,4.0,1.8,0.00331,0
5.0,0.06,10.2774,5.0,0.06,0.002202,0
5.0,0.24,10.407,5.0,0.24,0.002076,0
5.0,0.48,10.4387,5.0,0.48,0.002113,0
5.0,0.9,10.4643,5.0,0.9,0.002208,0
5.0,1.2,10.4988,5.0,1.2,0.002226,0
4.486823188805052,2.5947206417808495,10.95125552936819,4.996468547724585,1.601225651727111,-0.6889950097124983,1
0.1,0.06,0.291769,0.1,0.06,0.004561,0
0.1,0.24,0.30377,0.1,0.24,0.004804,0
0.1,0.48,0.376313,0.1,0.48,0.005451,0
0.1,0.9,0.521058,0.1,0.9,0.008084,0
0.1,1.2,0.678019,0.1,1.2,0.008779,0
0.1,1.8,0.910504,0.1,1.8,0.014642,0
0.5,0.06,1.56263,0.5,0.06,0.004494,0
0.5,0.24,1.41522,0.5,0.24,0.004548,0
0.5,0.48,1.40945,0.5,0.48,0.004764,0
0.5,0.9,1.40501,0.5,0.9,0.005776,0
0.5,1.2,1.46911,0.5,1.2,0.006368,0
0.5,1.8,1.59486,0.5,1.8,0.009,0
1.2,0.06,3.40424,1.2,0.06,0.004812,0
1.2,0.24,3.49619,1.2,0.24,0.004872,0
1.2,0.48,3.42974,1.2,0.48,0.004603,0
1.2,0.9,3.38082,1.2,0.9,0.005264,0
1.2,1.2,3.36146,1.2,1.2,0.00557,0
1.2,1.8,3.37865,1.2,1.8,0.007016,0
3.0,0.06,8.30296,3.0,0.06,0.004849,0
3.0,0.24,8.44088,3.0,0.24,0.004494,0
3.0,0.48,8.46557,3.0,0.48,0.004866,0
3.0,0.9,8.29482,3.0,0.9,0.004927,0
3.0,1.2,8.3033,3.0,1.2,0.00505,0
3.0,1.8,8.59689,3.0,1.8,0.005884,0
4.0,0.06,11.114,4.0,0.06,0.004768,0
4.0,0.24,11.2583,4.0,0.24,0.004787,0
4.0,0.48,11.22,4.0,0.48,0.004811,0
4.0,0.9,11.1464,4.0,0.9,0.004969,0
4.0,1.2,11.137,4.0,1.2,0.005091,0
4.0,1.8,11.1622,4.0,1.8,0.005643,0
5.0,0.06,13.9037,5.0,0.06,0.004825,0
5.0,0.24,13.8075,5.0,0.24,0.004848,0
5.0,0.48,13.782,5.0,0.48,0.004866,0
5.0,0.9,14.0952,5.0,0.9,0.00498,0
5.0,1.2,14.0647,5.0,1.2,0.005086,0
5.0,1.8,13.818,5.0,1.8,0.005539,0
0.1,0.06,0.291769,0.1,0.06,0.001871,0
0.1,0.24,0.30377,0.1,0.24,0.002111,0
0.1,0.48,0.376313,0.1,0.48,0.001188,0
0.1,0.9,0.521058,0.1,0.9,0.003167,0
0.1,1.2,0.678019,0.1,1.2,0.002519,0
0.1,1.8,0.910504,0.1,1.8,0.008983,0
0.5,0.06,1.56263,0.5,0.06,0.002608,0
0.5,0.24,1.41522,0.5,0.24,0.002145,0
0.5,0.48,1.40945,0.5,0.48,0.001825,0
0.5,0.9,1.40501,0.5,0.9,0.00216,0
0.4,0.06,0.333204,0.4,0.06,0.300797,1
0.5,1.8,1.59486,0.5,1.8,0.006299,0
1.2,0.06,3.40424,1.2,0.06,0.002173,0
1.2,0.24,3.49619,1.2,0.24,0.002299,0
1.2,0.48,3.42974,1.2,0.48,0.002116,0
1.2,0.9,3.38082,1.2,0.9,0.00228,0
1.2,1.2,3.36146,1.2,1.2,0.001937,0
1.2,1.8,3.37865,1.2,1.8,0.005315,0
3.0,0.06,8.30296,3.0,0.06,0.001972,0
3.0,0.24,8.44088,3.0,0.24,0.002155,0
3.0,0.48,8.46557,3.0,0.48,0.002117,0
3.0,0.9,8.29482,3.0,0.9,0.002133,0
3.0,1.2,8.3033,3.0,1.2,0.002092,0
3.0,1.8,8.59689,3.0,1.8,0.004015,0
4.0,0.06,11.114,4.0,0.06,0.002003,0
4.0,0.24,11.2583,4.0,0.24,0.002167,0
4.0,0.48,11.22,4.0,0.48,0.002123,0
4.0,0.9,11.1464,4.0,0.9,0.002116,0
4.0,1.2,11.137,4.0,1.2,0.002141,0
4.0,1.8,11.1622,4.0,1.8,0.00331,0
5.0,0.06,13.9037,5.0,0.06,0.002202,0
5.0,0.24,13.8075,5.0,0.24,0.002076,0
5.0,0.48,13.782,5.0,0.48,0.002113,0
5.0,0.9,14.0952,5.0,0.9,0.002208,0
5.0,1.2,14.0647,5.0,1.2,0.002226,0
5.0,1.8,13.818,5.0,1.8,0.003264,0
-0.5756452013492173,-0.0900643934141,-0.49760791314695324,0.16341234256748094,-0.12317083856887884,0.09025205162513192,1
0.1,0.24,0.004804,0.1,0.24,0.002111,0
0.1,0.48,0.005451,0.1,0.48,0.001188,0
0.1,0.9,0.008084,0.1,0.9,0.003167,0
0.1,1.2,0.008779,0.1,1.2,0.002519,0
0.1,1.8,0.014642,0.1,1.8,0.008983,0
0.5,0.06,0.004494,0.5,0.06,0.002608,0
0.5,0.24,0.004548,0.5,0.24,0.002145,0
0.5,0.48,0.004764,0.5,0.48,0.001825,0
0.5,0.9,0.005776,0.5,0.9,0.00216,0
0.5,1.2,0.006368,0.5,1.2,0.001722,0
0.5,1.8,0.009,0.5,1.8,0.006299,0
1.7310837237943302,-0.10175747339222857,0.011955605941994532,1.6554722019197377,0.8664890852965272,0.3667914746553765,1
1.2,0.24,0.004872,1.2,0.24,0.002299,0
1.2,0.48,0.004603,1.2,0.48,0.002116,0
1.2,0.9,0.005264,1.2,0.9,0.00228,0
1.2,1.2,0.00557,1.2,1.2,0.001937,0
1.2,1.8,0.007016,1.2,1.8,0.005315,0
3.0,0.06,0.004849,3.0,0.06,0.001972,0
3.0,0.24,0.004494,3.0,0.24,0.002155,0
3.0,0.48,0.004866,3.0,0.48,0.002117,0
3.0,0.9,0.004927,3.0,0.9,0.002133,0
3.0,1.2,0.00505,3.0,1.2,0.002092,0
3.0,1.8,0.005884,3.0,1.8,0.004015,0
4.0,0.06,0.004768,4.0,0.06,0.002003,0
4.0,0.24,0.004787,4.0,0.24,0.002167,0
4.0,0.48,0.004811,4.0,0.48,0.002123,0
4.0,0.9,0.004969,4.0,0.9,0.002116,0
4.0,1.2,0.005091,4.0,1.2,0.002141,0
4.0,1.8,0.005643,4.0,1.8,0.00331,0
5.0,0.06,0.004825,5.0,0.06,0.002202,0
5.0,0.24,0.004848,5.0,0.24,0.002076,0
5.0,0.48,0.004866,5.0,0.48,0.002113,0
5.0,0.9,0.00498,5.0,0.9,0.002208,0
5.0,1.2,0.005086,5.0,1.2,0.002226,0
5.0,1.8,0.005539,5.0,1.8,0.003264,0
0.1,0.06,0.387203,0.1,0.06,0.521199,0
0.1,0.24,0.411547,0.1,0.24,0.506855,0
0.1,0.48,0.457418,0.1,0.48,0.510395,0
0.1,0.9,0.5262,0.1,0.9,0.583492,0
0.1,1.2,0.58322,0.1,1.2,0.629609,0
0.1,1.8,0.645978,0.1,1.8,0.759076,0
0.5,0.06,1.7453,0.5,0.06,2.46242,0
0.5,0.24,1.76526,0.5,0.24,2.45341,0
0.5,0.48,1.79987,0.5,0.48,2.42636,0
0.5,0.9,1.87189,0.5,0.9,2.42169,0
0.5,1.2,1.94279,0.5,1.2,2.42917,0
0.5,1.8,2.03813,0.5,1.8,2.44564,0
1.2,0.06,4.10994,1.2,0.06,5.77971,0
1.2,0.24,4.14618,1.2,0.24,5.79024,0
1.2,0.48,4.17798,1.2,0.48,5.74123,0
1.2,0.9,4.25858,1.2,0.9,5.95807,0
1.2,1.2,4.30682,1.2,1.2,5.74247,0
1.2,1.8,4.38688,1.2,1.8,5.89446,0
3.0,0.06,10.0267,3.0,0.06,14.4297,0
3.0,0.24,10.0392,3.0,0.24,14.4371,0
3.0,0.48,10.1032,3.0,0.48,14.5137,0
3.0,0.9,10.3105,3.0,0.9,14.3318,0
3.0,1.2,10.2378,3.0,1.2,14.4879,0
3.0,1.8,10.4368,3.0,1.8,14.3989,0
4.0,0.06,13.443,4.0,0.06,19.258,0
4.0,0.24,13.5395,4.0,0.24,19.2576,0
4.0,0.48,13.5983,4.0,0.48,19.3283,0
4.0,0.9,13.5232,4.0,0.9,19.1575,0
4.0,1.2,13.7439,4.0,1.2,19.3075,0
4.0,1.8,13.8307,4.0,1.8,19.3291,0
5.0,0.06,16.6606,5.0,0.06,23.8676,0
5.0,0.24,16.7312,5.0,0.24,23.8777,0
5.0,0.48,16.726,5.0,0.48,23.6773,0
5.0,0.9,16.9298,5.0,0.9,24.0454,0
5.0,1.2,16.8827,5.0,1.2,23.7892,0
5.0,1.8,16.9401,5.0,1.8,23.7943,0
0.1,0.06,0.387203,0.1,0.06,0.249178,0
0.1,0.24,0.411547,0.1,0.24,0.298106,0
0.1,0.48,0.457418,0.1,0.48,0.355038,0
0.1,0.9,0.5262,0.1,0.9,0.451712,0
0.1,1.2,0.58322,0.1,1.2,0.44637,0
0.1,1.8,0.645978,0.1,1.8,0.479575,0
0.5,0.06,1.7453,0.5,0.06,1.07507,0
0.5,0.24,1.76526,0.5,0.24,1.11577,0
0.5,0.48,1.79987,0.5,0.48,1.16984,0
1.2789527161591785,1.3963140514897148,1.1994261064674139,-0.037551524058377805,0.37653912494654695,1.6266249854482642,1
0.5,1.2,1.94279,0.5,1.2,1.34994,0
0.5,1.8,2.03813,0.5,1.8,1.54307,0
1.2,0.06,4.10994,1.2,0.06,2.52004,0
1.2,0.24,4.14618,1.2,0.24,2.58614,0
1.2,0.48,4.17798,1.2,0.48,2.59202,0
1.2,0.9,4.25858,1.2,0.9,2.7045,0
1.2,1.2,4.30682,1.2,1.2,2.77819,0
1.2,1.8,4.38688,1.2,1.8,2.95587,0
3.0,0.06,10.0267,3.0,0.06,6.17833,0
3.0,0.24,10.0392,3.0,0.24,6.25308,0
3.0,0.48,10.1032,3.0,0.48,6.26186,0
3.0,0.9,10.3105,3.0,0.9,6.35805,0
3.0,1.2,10.2378,3.0,1.2,6.45461,0
3.0,1.8,10.4368,3.0,1.8,6.66524,0
4.0,0.06,13.443,4.0,0.06,8.23658,0
4.0,0.24,13.5395,4.0,0.24,8.23231,0
4.0,0.48,13.5983,4.0,0.48,8.39356,0
4.3794908477300565,1.1240391705064459,14.28939019129381,4.210268352952035,1.8240545520527762,8.76532890086157,1
4.0,1.2,13.7439,4.0,1.2,8.4807,0
4.0,1.8,13.8307,4.0,1.8,8.76544,0
5.0,0.06,16.6606,5.0,0.06,10.2888,0
5.0,0.24,16.7312,5.0,0.24,10.3364,0
5.0,0.48,16.726,5.0,0.48,10.4914,0
5.0,0.9,16.9298,5.0,0.9,10.5424,0
5.0,1.2,16.8827,5.0,1.2,10.5761,0
5.0,1.8,16.9401,5.0,1.8,10.7707,0
0.1,0.06,0.387203,0.1,0.06,0.309842,0
0.1,0.24,0.411547,0.1,0.24,0.310611,0
0.1,0.48,0.457418,0.1,0.48,0.382309,0
0.1,0.9,0.5262,0.1,0.9,0.526977,0
0.1,1.2,0.58322,0.1,1.2,0.687913,0
0.1,1.8,0.645978,0.1,1.8,0.937072,0
0.5,0.06,1.7453,0.5,0.06,1.46385,0
0.5,0.24,1.76526,0.5,0.24,1.43086,0
0.5,0.48,1.79987,0.5,0.48,1.4273,0
0.5,0.9,1.87189,0.5,0.9,1.44411,0
0.5,1.2,1.94279,0.5,1.2,1.47507,0
0.5,1.8,2.03813,0.5,1.8,1.59275,0
1.2,0.06,4.10994,1.2,0.06,3.37487,0
1.2,0.24,4.14618,1.2,0.24,3.39865,0
1.2,0.48,4.17798,1.2,0.48,3.38744,0
1.2,0.9,4.25858,1.2,0.9,3.38291,0
1.2,1.2,4.30682,1.2,1.2,3.35594,0
1.2,1.8,4.38688,1.2,1.8,3.36503,0
3.0,0.06,10.0267,3.0,0.06,8.38608,0
3.0,0.24,10.0392,3.0,0.24,8.3221,0
3.0,0.48,10.1032,3.0,0.48,8.41069,0
3.0,0.9,10.3105,3.0,0.9,8.41096,0
3.0,1.2,10.2378,3.0,1.2,8.37795,0
3.0,1.8,10.4368,3.0,1.8,8.43089,0
4.0,0.06,13.443,4.0,0.06,11.1493,0
4.0,0.24,13.5395,4.0,0.24,11.1957,0
4.0,0.48,13.5983,4.0,0.48,11.2237,0
4.0,0.9,13.5232,4.0,0.9,11.1386,0
4.0,1.2,13.7439,4.0,1.2,11.3347,0
4.0,1.8,13.8307,4.0,1.8,11.0969,0
5.0,0.06,16.6606,5.0,0.06,13.8489,0
5.0,0.24,16.7312,5.0,0.24,14.0988,0
5.0,0.48,16.726,5.0,0.48,13.906,0
5.0,0.9,16.9298,5.0,0.9,13.855,0
5.0,1.2,16.8827,5.0,1.2,14.0571,0
5.0,1.8,16.9401,5.0,1.8,13.9039,0
0.1,0.06,0.387203,0.1,0.06,0.008248,0
0.1,0.24,0.411547,0.1,0.24,0.008375,0
0.1,0.48,0.457418,0.1,0.48,0.008994,0
0.1,0.9,0.5262,0.1,0.9,0.011355,0
0.1,1.2,0.58322,0.1,1.2,0.013591,0
0.1,1.8,0.645978,0.1,1.8,0.019025,0
0.5,0.06,1.7453,0.5,0.06,0.008406,0
0.5,0.24,1.76526,0.5,0.24,0.008384,0
0.5,0.48,1.79987,0.5,0.48,0.008421,0
0.5,0.9,1.87189,0.5,0.9,0.009536,0
0.5,1.2,1.94279,0.5,1.2,0.010467,0
0.5,1.8,2.03813,0.5,1.8,0.012869,0
1.2,0.06,4.10994,1.2,0.06,0.008347,0
1.2,0.24,4.14618,1.2,0.24,0.008273,0
1.2,0.48,4.17798,1.2,0.48,0.008649,0
1.2,0.9,4.25858,1.2,0.9,0.009223,0
1.2,1.2,4.30682,1.2,1.2,0.00953,0
1.2,1.8,4.38688,1.2,1.8,0.010782,0
3.0,0.06,10.0267,3.0,0.06,0.008529,0
3.0,0.24,10.0392,3.0,0.24,0.008496,0
3.0,0.48,10.1032,3.0,0.48,0.009231,0
3.0,0.9,10.3105,3.0,0.9,0.008923,0
3.0,1.2,10.2378,3.0,1.2,0.009223,0
3.0,1.8,10.4368,3.0,1.8,0.009555,0
4.0,0.06,13.443,4.0,0.06,0.008647,0
4.0,0.24,13.5395,4.0,0.24,0.008641,0
4.0,0.48,13.5983,4.0,0.48,0.008718,0
4.0,0.9,13.5232,4.0,0.9,0.008989,0
4.0,1.2,13.7439,4.0,1.2,0.009069,0
4.0,1.8,13.8307,4.0,1.8,0.00946,0
5.0,0.06,16.6606,5.0,0.06,0.008767,0
5.0,0.24,16.7312,5.0,0.24,0.008725,0
5.0,0.48,16.726,5.0,0.48,0.008791,0
5.0,0.9,16.9298,5.0,0.9,0.009045,0
5.0,1.2,16.8827,5.0,1.2,0.009086,0
5.0,1.8,16.9401,5.0,1.8,0.009412,0
0.1,0.06,0.387203,0.1,0.06,0.00611,0
0.1,0.24,0.411547,0.1,0.24,0.005639,0
0.1,0.48,0.457418,0.1,0.48,0.003813,0
0.1,0.9,0.5262,0.1,0.9,0.006123,0
0.1,1.2,0.58322,0.1,1.2,0.005181,0
0.1,1.8,0.645978,0.1,1.8,0.015048,0
0.5,0.06,1.7453,0.5,0.06,0.007075,0
0.5,0.24,1.76526,0.5,0.24,0.006615,0
0.5,0.48,1.79987,0.5,0.48,0.005925,0
0.4344443306597587,0.6112328679903936,2.2205090231951568,0.326237528740571,0.32172239146633186,0.6465543267614902,1
0.5,1.2,1.94279,0.5,1.2,0.005277,0
0.5,1.8,2.03813,0.5,1.8,0.011814,0
1.2,0.06,4.10994,1.2,0.06,0.006906,0
1.2,0.24,4.14618,1.2,0.24,0.006826,0
1.2,0.48,4.17798,1.2,0.48,0.006724,0
1.2,0.9,4.25858,1.2,0.9,0.00665,0
1.2,1.2,4.30682,1.2,1.2,0.006115,0
1.2,1.8,4.38688,1.2,1.8,0.010807,0
3.0,0.06,10.0267,3.0,0.06,0.006935,0
3.0,0.24,10.0392,3.0,0.24,0.006842,0
3.0,0.48,10.1032,3.0,0.48,0.006685,0
3.0,0.9,10.3105,3.0,0.9,0.0067,0
3.0,1.2,10.2378,3.0,1.2,0.006653,0
3.0,1.8,10.4368,3.0,1.8,0.00907,0
4.0,0.06,13.443,4.0,0.06,0.006985,0
4.0,0.24,13.5395,4.0,0.24,0.00701,0
4.0,0.48,13.5983,4.0,0.48,0.006821,0
4.0,0.9,13.5232,4.0,0.9,0.006841,0
4.0,1.2,13.7439,4.0,1.2,0.006996,0
4.0,1.8,13.8307,4.0,1.8,0.00863,0
5.0,0.06,16.6606,5.0,0.06,0.00696,0
5.0,0.24,16.7312,5.0,0.24,0.007033,0
5.0,0.48,16.726,5.0,0.48,0.00695,0
5.0,0.9,16.9298,5.0,0.9,0.006831,0
5.0,1.2,16.8827,5.0,1.2,0.006947,0
5.0,1.8,16.9401,5.0,1.8,0.008313,0
0.1,0.06,0.521199,0.1,0.06,0.249178,0
0.1,0.24,0.506855,0.1,0.24,0.298106,0
0.1,0.48,0.510395,0.1,0.48,0.355038,0
0.1,0.9,0.583492,0.1,0.9,0.451712,0
0.1,1.2,0.629609,0.1,1.2,0.44637,0
0.1,1.8,0.759076,0.1,1.8,0.479575,0
0.5,0.06,2.46242,0.5,0.06,1.07507,0
0.5,0.24,2.45341,0.5,0.24,1.11577,0
0.5,0.48,2.42636,0.5,0.48,1.16984,0
0.5,0.9,2.42169,0.5,0.9,1.28764,0
0.5,1.2,2.42917,0.5,1.2,1.34994,0
0.5,1.8,2.44564,0.5,1.8,1.54307,0
1.2,0.06,5.77971,1.2,0.06,2.52004,0
1.2,0.24,5.79024,1.2,0.24,2.58614,0
1.2,0.48,5.74123,1.2,0.48,2.59202,0
1.2,0.9,5.95807,1.2,0.9,2.7045,0
1.2,1.2,5.74247,1.2,1.2,2.77819,0
1.2,1.8,5.89446,1.2,1.8,2.95587,0
3.0,0.06,14.4297,3.0,0.06,6.17833,0
3.0,0.24,14.4371,3.0,0.24,6.25308,0
3.0,0.48,14.5137,3.0,0.48,6.26186,0
3.0,0.9,14.3318,3.0,0.9,6.35805,0
3.0,1.2,14.4879,3.0,1.2,6.45461,0
3.0,1.8,14.3989,3.0,1.8,6.66524,0
4.0,0.06,19.258,4.0,0.06,8.23658,0
4.0,0.24,19.2576,4.0,0.24,8.23231,0
4.0,0.48,19.3283,4.0,0.48,8.39356,0
4.0,0.9,19.1575,4.0,0.9,8.49532,0
4.0,1.2,19.3075,4.0,1.2,8.4807,0
4.0,1.8,19.3291,4.0,1.8,8.76544,0
5.0,0.06,23.8676,5.0,0.06,10.2888,0
5.0,0.24,23.8777,5.0,0.24,10.3364,0
5.0,0.48,23.6773,5.0,0.48,10.4914,0
5.0,0.9,24.0454,5.0,0.9,10.5424,0
5.0,1.2,23.7892,5.0,1.2,10.5761,0
5.0,1.8,23.7943,5.0,1.8,10.7707,0
0.1,0.06,0.521199,0.1,0.06,0.309842,0
0.1,0.24,0.506855,0.1,0.24,0.310611,0
0.1,0.48,0.510395,0.1,0.48,0.382309,0
0.1,0.9,0.583492,0.1,0.9,0.526977,0
0.1,1.2,0.629609,0.1,1.2,0.687913,0
0.1,1.8,0.759076,0.1,1.8,0.937072,0
0.5,0.06,2.46242,0.5,0.06,1.46385,0
0.5,0.24,2.45341,0.5,0.24,1.43086,0
0.5,0.48,2.42636,0.5,0.48,1.4273,0
0.5,0.9,2.42169,0.5,0.9,1.44411,0
0.5,1.2,2.42917,0.5,1.2,1.47507,0
0.5,1.8,2.44564,0.5,1.8,1.59275,0
1.2,0.06,5.77971,1.2,0.06,3.37487,0
1.2,0.24,5.79024,1.2,0.24,3.39865,0
1.2,0.48,5.74123,1.2,0.48,3.38744,0
1.2,0.9,5.95807,1.2,0.9,3.38291,0
1.2,1.2,5.74247,1.2,1.2,3.35594,0
1.2,1.8,5.89446,1.2,1.8,3.36503,0
3.0,0.06,14.4297,3.0,0.06,8.38608,0
3.0,0.24,14.4371,3.0,0.24,8.3221,0
3.0,0.48,14.5137,3.0,0.48,8.41069,0
3.0,0.9,14.3318,3.0,0.9,8.41096,0
3.0,1.2,14.4879,3.0,1.2,8.37795,0
3.0,1.8,14.3989,3.0,1.8,8.43089,0
4.0,0.06,19.258,4.0,0.06,11.1493,0
4.0,0.24,19.2576,4.0,0.24,11.1957,0
4.0,0.48,19.3283,4.0,0.48,11.2237,0
4.0,0.9,19.1575,4.0,0.9,11.1386,0
4.0,1.2,19.3075,4.0,1.2,11.3347,0
4.0,1.8,19.3291,4.0,1.8,11.0969,0
3.0,0.24,6.93237,3.0,0.24,0.012653,1
5.0,0.24,23.8777,5.0,0.24,14.0988,0
5.0,0.48,23.6773,5.0,0.48,13.906,0
14.25061823932452,7.461296646013155,50.767852503067644,10.484377032067238,5.449960690220808,52.48095039419043,1
5.0,1.2,23.7892,5.0,1.2,14.0571,0
5.0,1.8,23.7943,5.0,1.8,13.9039,0
0.1,0.06,0.521199,0.1,0.06,0.008248,0
0.1,0.24,0.506855,0.1,0.24,0.008375,0
0.1,0.48,0.510395,0.1,0.48,0.008994,0
0.1,0.9,0.583492,0.1,0.9,0.011355,0
0.1,1.2,0.629609,0.1,1.2,0.013591,0
0.1,1.8,0.759076,0.1,1.8,0.019025,0
0.5,0.06,2.46242,0.5,0.06,0.008406,0
0.5,0.24,2.45341,0.5,0.24,0.008384,0
0.5,0.48,2.42636,0.5,0.48,0.008421,0
0.5,0.9,2.42169,0.5,0.9,0.009536,0
0.5,1.2,2.42917,0.5,1.2,0.010467,0
0.5,1.8,2.44564,0.5,1.8,0.012869,0
1.2,0.06,5.77971,1.2,0.06,0.008347,0
1.2,0.24,5.79024,1.2,0.24,0.008273,0
1.2,0.48,5.74123,1.2,0.48,0.008649,0
1.2,0.9,5.95807,1.2,0.9,0.009223,0
1.2,1.2,5.74247,1.2,1.2,0.00953,0
1.2,1.8,5.89446,1.2,1.8,0.010782,0
3.0,0.06,14.4297,3.0,0.06,0.008529,0
3.0,0.24,14.4371,3.0,0.24,0.008496,0
3.0,0.48,14.5137,3.0,0.48,0.009231,0
3.0,0.9,14.3318,3.0,0.9,0.008923,0
3.0,1.2,14.4879,3.0,1.2,0.009223,0
3.0,1.8,14.3989,3.0,1.8,0.009555,0
4.0,0.06,19.258,4.0,0.06,0.008647,0
3.9034589629966936,0.7651597761381775,18.952099437955184,4.398170009874416,0.23918914151830992,-0.07994305755738096,1
12.107778227884566,4.803124500012207,51.39611477775697,15.249598992888991,4.704968057177547,45.8234067482868,1
4.0,0.9,19.1575,4.0,0.9,0.008989,0
4.0,1.2,19.3075,4.0,1.2,0.009069,0
4.0,1.8,19.3291,4.0,1.8,0.00946,0
5.0,0.06,23.8676,5.0,0.06,0.008767,0
5.0,0.24,23.8777,5.0,0.24,0.008725,0
5.0,0.48,23.6773,5.0,0.48,0.008791,0
5.0,0.9,24.0454,5.0,0.9,0.009045,0
5.0,1.2,23.7892,5.0,1.2,0.009086,0
5.0,1.8,23.7943,5.0,1.8,0.009412,0
16.39029294917001,5.327003345401218,36.77035610394925,15.010250996512323,8.399245978658644,70.89638513387857,1
0.1,0.24,0.506855,0.1,0.24,0.005639,0
0.1,0.48,0.510395,0.1,0.48,0.003813,0
0.1,0.9,0.583492,0.1,0.9,0.006123,0
0.1,1.2,0.629609,0.1,1.2,0.005181,0
0.1,1.8,0.759076,0.1,1.8,0.015048,0
0.5,0.06,2.46242,0.5,0.06,0.007075,0
0.5,0.24,2.45341,0.5,0.24,0.006615,0
0.5,0.48,2.42636,0.5,0.48,0.005925,0
0.5,0.9,2.42169,0.5,0.9,0.005935,0
0.5,1.2,2.42917,0.5,1.2,0.005277,0
0.5,1.8,2.44564,0.5,1.8,0.011814,0
1.2,0.06,5.77971,1.2,0.06,0.006906,0
1.2,0.24,5.79024,1.2,0.24,0.006826,0
1.2,0.48,5.74123,1.2,0.48,0.006724,0
1.2,0.9,5.95807,1.2,0.9,0.00665,0
1.2,1.2,5.74247,1.2,1.2,0.006115,0
1.2,1.8,5.89446,1.2,1.8,0.010807,0
3.0,0.06,14.4297,3.0,0.06,0.006935,0
3.0,0.24,14.4371,3.0,0.24,0.006842,0
3.0,0.48,14.5137,3.0,0.48,0.006685,0
3.0,0.9,14.3318,3.0,0.9,0.0067,0
3.0,1.2,14.4879,3.0,1.2,0.006653,0
3.0,1.8,14.3989,3.0,1.8,0.00907,0
4.0,0.06,19.258,4.0,0.06,0.006985,0
4.0,0.24,19.2576,4.0,0.24,0.00701,0
4.0,0.48,19.3283,4.0,0.48,0.006821,0
4.0,0.9,19.1575,4.0,0.9,0.006841,0
4.0,1.2,19.3075,4.0,1.2,0.006996,0
4.0,1.8,19.3291,4.0,1.8,0.00863,0
5.0,0.06,23.8676,5.0,0.06,0.00696,0
5.0,0.24,23.8777,5.0,0.24,0.007033,0
5.0,0.48,23.6773,5.0,0.48,0.00695,0
5.0,0.9,24.0454,5.0,0.9,0.006831,0
5.0,1.2,23.7892,5.0,1.2,0.006947,0
5.0,1.8,23.7943,5.0,1.8,0.008313,0
0.1,0.06,0.249178,0.1,0.06,0.309842,0
0.1,0.24,0.298106,0.1,0.24,0.310611,0
0.1,0.48,0.355038,0.1,0.48,0.382309,0
0.1,0.9,0.451712,0.1,0.9,0.526977,0
0.1,1.2,0.44637,0.1,1.2,0.687913,0
0.1,1.8,0.479575,0.1,1.8,0.937072,0
0.5,0.06,1.07507,0.5,0.06,1.46385,0
0.5,0.24,1.11577,0.5,0.24,1.43086,0
0.5,0.48,1.16984,0.5,0.48,1.4273,0
0.5,0.9,1.28764,0.5,0.9,1.44411,0
0.5,1.2,1.34994,0.5,1.2,1.47507,0
0.5,1.8,1.54307,0.5,1.8,1.59275,0
1.2,0.06,2.52004,1.2,0.06,3.37487,0
0.9981482830010465,0.654574517529771,1.3906007173580202,0.6900993331527031,0.7296298721434814,3.2738222308905405,1
1.2,0.48,2.59202,1.2,0.48,3.38744,0
1.2,0.9,2.7045,1.2,0.9,3.38291,0
1.2,1.2,2.77819,1.2,1.2,3.35594,0
1.2,1.8,2.95587,1.2,1.8,3.36503,0
3.0,0.06,6.17833,3.0,0.06,8.38608,0
3.0,0.24,6.25308,3.0,0.24,8.3221,0
4.0,0.06,12.4258,4.0,0.06,8.21171,1
3.0,0.9,6.35805,3.0,0.9,8.41096,0
3.0,1.2,6.45461,3.0,1.2,8.37795,0
3.0,1.8,6.66524,3.0,1.8,8.43089,0
4.0,0.06,8.23658,4.0,0.06,11.1493,0
4.0,0.24,8.23231,4.0,0.24,11.1957,0
4.0,0.48,8.39356,4.0,0.48,11.2237,0
4.0,0.9,8.49532,4.0,0.9,11.1386,0
4.0,0.48,18.9093,4.0,0.48,0.003252,1
4.0,1.8,8.76544,4.0,1.8,11.0969,0
5.0,0.06,10.2888,5.0,0.06,13.8489,0
5.0,0.24,10.3364,5.0,0.24,14.0988,0
5.0,0.48,10.4914,5.0,0.48,13.906,0
5.0,0.9,10.5424,5.0,0.9,13.855,0
5.0,1.2,10.5761,5.0,1.2,14.0571,0
5.0,1.8,10.7707,5.0,1.8,13.9039,0
0.1,0.06,0.249178,0.1,0.06,0.008248,0
0.1,0.24,0.298106,0.1,0.24,0.008375,0
0.1,0.48,0.355038,0.1,0.48,0.008994,0
0.1,0.9,0.451712,0.1,0.9,0.011355,0
0.1,1.2,0.44637,0.1,1.2,0.013591,0
0.1,1.8,0.479575,0.1,1.8,0.019025,0
0.5,0.06,1.07507,0.5,0.06,0.008406,0
0.5,0.24,1.11577,0.5,0.24,0.008384,0
0.5,0.48,1.16984,0.5,0.48,0.008421,0
0.5,0.9,1.28764,0.5,0.9,0.009536,0
0.5,1.2,1.34994,0.5,1.2,0.010467,0
0.5,1.8,1.54307,0.5,1.8,0.012869,0
1.2,0.06,2.52004,1.2,0.06,0.008347,0
1.2,0.24,2.58614,1.2,0.24,0.008273,0
1.2,0.48,2.59202,1.2,0.48,0.008649,0
1.2,0.9,2.7045,1.2,0.9,0.009223,0
1.2,1.2,2.77819,1.2,1.2,0.00953,0
1.2,1.8,2.95587,1.2,1.8,0.010782,0
3.0,0.06,6.17833,3.0,0.06,0.008529,0
3.0,0.24,6.25308,3.0,0.24,0.008496,0
3.0,0.48,6.26186,3.0,0.48,0.009231,0
3.0,0.9,6.35805,3.0,0.9,0.008923,0
3.0,1.2,6.45461,3.0,1.2,0.009223,0
3.0,1.8,6.66524,3.0,1.8,0.009555,0
4.0,0.06,8.23658,4.0,0.06,0.008647,0
4.0,0.24,8.23231,4.0,0.24,0.008641,0
4.0,0.48,8.39356,4.0,0.48,0.008718,0
4.0,0.9,8.49532,4.0,0.9,0.008989,0
4.0,1.2,8.4807,4.0,1.2,0.009069,0
4.0,1.8,8.76544,4.0,1.8,0.00946,0
5.0,0.06,10.2888,5.0,0.06,0.008767,0
5.0,0.24,10.3364,5.0,0.24,0.008725,0
5.0,0.48,10.4914,5.0,0.48,0.008791,0
5.0,0.9,10.5424,5.0,0.9,0.009045,0
5.0,1.2,10.5761,5.0,1.2,0.009086,0
5.0,1.8,10.7707,5.0,1.8,0.009412,0
0.1,0.06,0.249178,0.1,0.06,0.00611,0
0.1,0.24,0.298106,0.1,0.24,0.005639,0
0.1,0.48,0.355038,0.1,0.48,0.003813,0
0.1,0.9,0.451712,0.1,0.9,0.006123,0
0.1,1.2,0.44637,0.1,1.2,0.005181,0
0.1,1.8,0.479575,0.1,1.8,0.015048,0
0.5,0.06,1.07507,0.5,0.06,0.007075,0
0.5,0.24,1.11577,0.5,0.24,0.006615,0
0.5,0.48,1.16984,0.5,0.48,0.005925,0
0.5,0.9,1.28764,0.5,0.9,0.005935,0
0.5,1.2,1.34994,0.5,1.2,0.005277,0
0.5,1.8,1.54307,0.5,1.8,0.011814,0
1.2,0.06,2.52004,1.2,0.06,0.006906,0
1.4092572795785274,-0.008325526064123345,3.0476624136133807,1.4030470094243335,-0.16707662829880177,-0.5757749999826443,1
1.2,0.48,2.59202,1.2,0.48,0.006724,0
1.2,0.9,2.7045,1.2,0.9,0.00665,0
1.2,1.2,2.77819,1.2,1.2,0.006115,0
1.2,1.8,2.95587,1.2,1.8,0.010807,0
3.0,0.06,6.17833,3.0,0.06,0.006935,0
3.0,0.24,6.25308,3.0,0.24,0.006842,0
3.0,0.48,6.26186,3.0,0.48,0.006685,0
3.0,0.9,6.35805,3.0,0.9,0.0067,0
3.0,1.2,6.45461,3.0,1.2,0.006653,0
3.0,1.8,6.66524,3.0,1.8,0.00907,0
4.0,0.06,8.23658,4.0,0.06,0.006985,0
4.0,0.24,8.23231,4.0,0.24,0.00701,0
4.0,0.48,8.39356,4.0,0.48,0.006821,0
4.0,0.9,8.49532,4.0,0.9,0.006841,0
4.0,1.2,8.4807,4.0,1.2,0.006996,0
4.0,1.8,8.76544,4.0,1.8,0.00863,0
5.0,0.06,10.2888,5.0,0.06,0.00696,0
5.0,0.24,10.3364,5.0,0.24,0.007033,0
5.0,0.48,10.4914,5.0,0.48,0.00695,0
5.0,0.9,10.5424,5.0,0.9,0.006831,0
5.0,1.2,10.5761,5.0,1.2,0.006947,0
5.0,1.8,10.7707,5.0,1.8,0.008313,0
0.1,0.06,0.309842,0.1,0.06,0.008248,0
0.1,0.24,0.310611,0.1,0.24,0.008375,0
0.1,0.48,0.382309,0.1,0.48,0.008994,0
0.1,0.9,0.526977,0.1,0.9,0.011355,0
0.1,1.2,0.687913,0.1,1.2,0.013591,0
0.1,1.8,0.937072,0.1,1.8,0.019025,0
0.5,0.06,1.46385,0.5,0.06,0.008406,0
0.5,0.24,1.43086,0.5,0.24,0.008384,0
0.5,0.48,1.4273,0.5,0.48,0.008421,0
0.5,0.9,1.44411,0.5,0.9,0.009536,0
0.5,1.2,1.47507,0.5,1.2,0.010467,0
0.5,1.8,1.59275,0.5,1.8,0.012869,0
1.2,0.06,3.37487,1.2,0.06,0.008347,0
1.2,0.24,3.39865,1.2,0.24,0.008273,0
1.2,0.48,3.38744,1.2,0.48,0.008649,0
1.2,0.9,3.38291,1.2,0.9,0.009223,0
1.2,1.2,3.35594,1.2,1.2,0.00953,0
1.2,1.8,3.36503,1.2,1.8,0.010782,0
3.0,0.06,8.38608,3.0,0.06,0.008529,0
3.0,0.24,8.3221,3.0,0.24,0.008496,0
3.0,0.48,8.41069,3.0,0.48,0.009231,0
3.0,0.9,8.41096,3.0,0.9,0.008923,0
3.0,1.2,8.37795,3.0,1.2,0.009223,0
3.0,1.8,8.43089,3.0,1.8,0.009555,0
4.0,0.06,11.1493,4.0,0.06,0.008647,0
4.0,0.24,11.1957,4.0,0.24,0.008641,0
4.0,0.48,11.2237,4.0,0.48,0.008718,0
4.0,0.9,11.1386,4.0,0.9,0.008989,0
4.0,1.2,11.3347,4.0,1.2,0.009069,0
4.0,1.8,11.0969,4.0,1.8,0.00946,0
5.0,0.06,13.8489,5.0,0.06,0.008767,0
5.0,0.24,14.0988,5.0,0.24,0.008725,0
5.0,0.48,13.906,5.0,0.48,0.008791,0
5.0,0.9,13.855,5.0,0.9,0.009045,0
5.0,1.2,14.0571,5.0,1.2,0.009086,0
5.0,1.8,13.9039,5.0,1.8,0.009412,0
0.1,0.06,0.309842,0.1,0.06,0.00611,0
0.1,0.24,0.310611,0.1,0.24,0.005639,0
0.1,0.48,0.382309,0.1,0.48,0.003813,0
0.1,0.9,0.526977,0.1,0.9,0.006123,0
0.1,1.2,0.687913,0.1,1.2,0.005181,0
0.1,1.8,0.937072,0.1,1.8,0.015048,0
12.539968721138935,4.004398297789222,38.73994524629435,13.666348093054843,7.289188641851605,43.83466299995904,1
0.5,0.24,1.43086,0.5,0.24,0.006615,0
0.5,0.48,1.4273,0.5,0.48,0.005925,0
0.5,0.9,1.44411,0.5,0.9,0.005935,0
0.5,1.2,1.47507,0.5,1.2,0.005277,0
0.5,1.8,1.59275,0.5,1.8,0.011814,0
1.2,0.06,3.37487,1.2,0.06,0.006906,0
1.2,0.24,3.39865,1.2,0.24,0.006826,0
1.2,0.48,3.38744,1.2,0.48,0.006724,0
1.2,0.9,3.38291,1.2,0.9,0.00665,0
1.2,1.2,3.35594,1.2,1.2,0.006115,0
1.2,1.8,3.36503,1.2,1.8,0.010807,0
3.0,0.06,8.38608,3.0,0.06,0.006935,0
3.0,0.24,8.3221,3.0,0.24,0.006842,0
3.0,0.48,8.41069,3.0,0.48,0.006685,0
3.0,0.9,8.41096,3.0,0.9,0.0067,0
3.0,1.2,8.37795,3.0,1.2,0.006653,0
3.0,1.8,8.43089,3.0,1.8,0.00907,0
4.0,0.06,11.1493,4.0,0.06,0.006985,0
4.0,0.24,11.1957,4.0,0.24,0.00701,0
4.0,0.48,11.2237,4.0,0.48,0.006821,0
4.0,0.9,11.1386,4.0,0.9,0.006841,0
4.0,1.2,11.3347,4.0,1.2,0.006996,0
4.0,1.8,11.0969,4.0,1.8,0.00863,0
5.0,0.06,13.8489,5.0,0.06,0.00696,0
5.0,0.24,14.0988,5.0,0.24,0.007033,0
5.0,0.48,13.906,5.0,0.48,0.00695,0
5.0,0.9,13.855,5.0,0.9,0.006831,0
5.0,1.2,14.0571,5.0,1.2,0.006947,0
5.0,1.8,13.9039,5.0,1.8,0.008313,0
0.1,0.06,0.008248,0.1,0.06,0.00611,0
0.1,0.24,0.008375,0.1,0.24,0.005639,0
0.1,0.48,0.008994,0.1,0.48,0.003813,0
0.1,0.9,0.011355,0.1,0.9,0.006123,0
0.1,1.2,0.013591,0.1,1.2,0.005181,0
0.1,1.8,0.019025,0.1,1.8,0.015048,0
0.5,0.06,0.008406,0.5,0.06,0.007075,0
0.5,0.24,0.008384,0.5,0.24,0.006615,0
0.5,0.48,0.008421,0.5,0.48,0.005925,0
0.5,0.9,0.009536,0.5,0.9,0.005935,0
0.5,1.2,0.010467,0.5,1.2,0.005277,0
0.5,1.8,0.012869,0.5,1.8,0.011814,0
1.2,0.06,0.008347,1.2,0.06,0.006906,0
1.2,0.24,0.008273,1.2,0.24,0.006826,0
1.2,0.48,0.008649,1.2,0.48,0.006724,0
1.2,0.9,0.009223,1.2,0.9,0.00665,0
1.2,1.2,0.00953,1.2,1.2,0.006115,0
1.2,1.8,0.010782,1.2,1.8,0.010807,0
3.0,0.06,0.008529,3.0,0.06,0.006935,0
3.0,0.24,0.008496,3.0,0.24,0.006842,0
3.0,0.48,0.009231,3.0,0.48,0.006685,0
3.0,0.9,0.008923,3.0,0.9,0.0067,0
3.0,1.2,0.009223,3.0,1.2,0.006653,0
3.0,1.8,0.009555,3.0,1.8,0.00907,0
4.0,0.06,0.008647,4.0,0.06,0.006985,0
4.0,0.24,0.008641,4.0,0.24,0.00701,0
4.0,0.48,0.008718,4.0,0.48,0.006821,0
4.0,0.9,0.008989,4.0,0.9,0.006841,0
4.0,1.2,0.009069,4.0,1.2,0.006996,0
4.0,1.8,0.00946,4.0,1.8,0.00863,0
5.0,0.06,0.008767,5.0,0.06,0.00696,0
11.242266676133973,4.414547758085122,39.103143576377974,17.702909415658176,7.021185486091802,55.62049110341589,1
5.0,0.48,0.008791,5.0,0.48,0.00695,0
5.0,0.9,0.009045,5.0,0.9,0.006831,0
5.0,1.2,0.009086,5.0,1.2,0.006947,0
5.0,1.8,0.009412,5.0,1.8,0.008313,0
0.1,0.06,0.369203,0.1,0.06,0.498539,0
0.1,0.24,0.415197,0.1,0.24,0.496469,0
0.1,0.48,0.470508,0.1,0.48,0.51281,0
0.1,0.9,0.612181,0.1,0.9,0.595242,0
0.1,1.2,0.663915,0.1,1.2,0.644542,0
0.1,1.8,0.772407,0.1,1.8,0.791057,0
0.5,0.06,1.66213,0.5,0.06,2.38376,0
0.5,0.24,1.73122,0.5,0.24,2.44574,0
0.5,0.48,1.77709,0.5,0.48,2.37928,0
14.412050606536774,6.363363669383861,50.49893984237454,16.964189687948675,8.352563310957729,42.330940091704626,1
0.5,1.2,1.96792,0.5,1.2,2.38317,0
0.5,1.8,2.13368,0.5,1.8,2.42644,0
1.2,0.06,3.95823,1.2,0.06,5.71977,0
1.2,0.24,4.03166,1.2,0.24,5.79221,0
1.2,0.48,4.03127,1.2,0.48,5.66258,0
1.2,0.9,4.14226,1.2,0.9,5.69997,0
1.2,1.2,4.21754,1.2,1.2,5.69786,0
1.2,1.8,4.40285,1.2,1.8,5.72097,0
3.0,0.06,9.80395,3.0,0.06,14.2126,0
3.0,0.24,9.77534,3.0,0.24,14.1371,0
3.0,0.48,9.84302,3.0,0.48,14.0894,0
3.0,0.9,10.1434,3.0,0.9,14.2579,0
3.0,1.2,10.0899,3.0,1.2,14.2997,0
3.0,1.8,10.3041,3.0,1.8,14.3412,0
4.0,0.06,13.1056,4.0,0.06,18.838,0
4.0,0.24,13.1245,4.0,0.24,18.8998,0
4.0,0.48,13.1923,4.0,0.48,18.9093,0
4.0,0.9,13.1537,4.0,0.9,18.917,0
4.0,1.2,13.3411,4.0,1.2,18.9144,0
4.0,1.8,13.4071,4.0,1.8,18.8985,0
5.0,0.06,16.3059,5.0,0.06,23.517,0
5.0,0.24,16.2661,5.0,0.24,23.5478,0
5.0,0.48,16.3543,5.0,0.48,23.6333,0
5.0,0.9,16.5377,5.0,0.9,23.5747,0
5.0,1.2,16.5717,5.0,1.2,23.601,0
5.0,1.8,16.7701,5.0,1.8,23.5591,0
0.1,0.06,0.369203,0.1,0.06,0.201265,0
0.1,0.24,0.415197,0.1,0.24,0.243409,0
0.1,0.48,0.470508,0.1,0.48,0.295779,0
0.1,0.9,0.612181,0.1,0.9,0.344876,0
0.1,1.2,0.663915,0.1,1.2,0.37283,0
0.1,1.8,0.772407,0.1,1.8,0.257407,0
0.5,0.06,1.66213,0.5,0.06,0.910726,0
8.807873313765308,5.5748133643110975,66.52457061123982,9.105404079324732,7.104856370175913,69.70145445154901,1
0.5,0.48,1.77709,0.5,0.48,0.983904,0
0.5,0.9,1.89787,0.5,0.9,1.08729,0
0.5,1.2,1.96792,0.5,1.2,1.15392,0
0.5,1.8,2.13368,0.5,1.8,1.19134,0
1.2,0.06,3.95823,1.2,0.06,2.13356,0
1.2,0.24,4.03166,1.2,0.24,2.1716,0
1.2,0.48,4.03127,1.2,0.48,2.18741,0
1.2,0.9,4.14226,1.2,0.9,2.32092,0
1.2,1.2,4.21754,1.2,1.2,2.35718,0
1.2,1.8,4.40285,1.2,1.8,2.4086,0
3.0,0.06,9.80395,3.0,0.06,5.20109,0
3.0,0.24,9.77534,3.0,0.24,5.30897,0
3.0,0.48,9.84302,3.0,0.48,5.30502,0
3.0,0.9,10.1434,3.0,0.9,5.43573,0
3.0,1.2,10.0899,3.0,1.2,5.47112,0
3.0,1.8,10.3041,3.0,1.8,5.59244,0
4.0,0.06,13.1056,4.0,0.06,6.95032,0
4.0,0.24,13.1245,4.0,0.24,6.9593,0
8.974334423509756,6.039841088836585,40.223139366405874,9.08481555864315,4.96825326624896,56.441136384529756,1
4.0,0.9,13.1537,4.0,0.9,7.19549,0
4.0,1.2,13.3411,4.0,1.2,7.30989,0
4.0,1.8,13.4071,4.0,1.8,7.39957,0
5.0,0.06,16.3059,5.0,0.06,8.6637,0
5.0,0.24,16.2661,5.0,0.24,8.69358,0
5.0,0.48,16.3543,5.0,0.48,8.92478,0
5.0,0.9,16.5377,5.0,0.9,8.88931,0
5.0,1.2,16.5717,5.0,1.2,8.91471,0
5.0,1.8,16.7701,5.0,1.8,9.03415,0
0.1,0.06,0.369203,0.1,0.06,0.251596,0
0.1,0.24,0.415197,0.1,0.24,0.256025,0
0.1,0.48,0.470508,0.1,0.48,0.302944,0
0.1,0.9,0.612181,0.1,0.9,0.40678,0
0.1,1.2,0.663915,0.1,1.2,0.465976,0
0.1,1.8,0.772407,0.1,1.8,0.685016,0
0.5,0.06,1.66213,0.5,0.06,1.24716,0
0.5,0.24,1.73122,0.5,0.24,1.21443,0
0.5,0.48,1.77709,0.5,0.48,1.19813,0
0.5,0.9,1.89787,0.5,0.9,1.21399,0
0.5,1.2,1.96792,0.5,1.2,1.23418,0
5.0,1.8,7.72637,5.0,1.8,11.5991,1
1.2,0.06,3.95823,1.2,0.06,2.90866,0
1.2,0.24,4.03166,1.2,0.24,2.86116,0
1.2,0.48,4.03127,1.2,0.48,3.02307,0
1.2,0.9,4.14226,1.2,0.9,2.85079,0
1.2,1.2,4.21754,1.2,1.2,2.89323,0
1.5576182919456163,1.6033244375885636,3.6092559651607727,1.0963419519958777,2.1117628994129296,3.7713384232098903,1
3.0,0.06,9.80395,3.0,0.06,7.12459,0
0.1,1.2,0.244978,0.1,1.2,0.525612,1
3.0,0.48,9.84302,3.0,0.48,7.16969,0
3.0,0.9,10.1434,3.0,0.9,7.20154,0
3.0,1.2,10.0899,3.0,1.2,7.15397,0
3.0,1.8,10.3041,3.0,1.8,7.30807,0
4.0,0.06,13.1056,4.0,0.06,9.55121,0
4.0,0.24,13.1245,4.0,0.24,9.87012,0
4.0,0.48,13.1923,4.0,0.48,9.6814,0
4.0,0.9,13.1537,4.0,0.9,9.52254,0
4.0,1.2,13.3411,4.0,1.2,10.1679,0
4.0,1.8,13.4071,4.0,1.8,9.51013,0
5.0,0.06,16.3059,5.0,0.06,11.9643,0
5.0,0.24,16.2661,5.0,0.24,11.8391,0
5.0,0.48,16.3543,5.0,0.48,11.9334,0
5.0,0.9,16.5377,5.0,0.9,12.1352,0
5.0,1.2,16.5717,5.0,1.2,11.8323,0
5.0,1.8,16.7701,5.0,1.8,11.8784,0
0.1,0.06,0.369203,0.1,0.06,0.007,0
0.1,0.24,0.415197,0.1,0.24,0.007351,0
0.1,0.48,0.470508,0.1,0.48,0.007815,0
0.1,0.9,0.612181,0.1,0.9,0.012591,0
0.1,1.2,0.663915,0.1,1.2,0.013671,0
0.1,1.8,0.772407,0.1,1.8,0.021441,0
0.5,0.06,1.66213,0.5,0.06,0.007071,0
0.5,0.24,1.73122,0.5,0.24,0.007349,0
0.5,0.48,1.77709,0.5,0.48,0.007488,0
0.5,0.9,1.89787,0.5,0.9,0.009007,0
0.5,1.2,1.96792,0.5,1.2,0.010061,0
0.5,1.8,2.13368,0.5,1.8,0.014053,0
1.2,0.06,3.95823,1.2,0.06,0.007617,0
1.2,0.24,4.03166,1.2,0.24,0.007746,0
1.2,0.48,4.03127,1.2,0.48,0.007283,0
1.2,0.9,4.14226,1.2,0.9,0.008129,0
1.2,1.2,4.21754,1.2,1.2,0.008727,0
1.2,1.8,4.40285,1.2,1.8,0.010963,0
3.0,0.06,9.80395,3.0,0.06,0.007237,0
3.0,0.24,9.77534,3.0,0.24,0.007162,0
3.0,0.48,9.84302,3.0,0.48,0.007129,0
3.0,0.9,10.1434,3.0,0.9,0.007619,0
3.0,1.2,10.0899,3.0,1.2,0.007861,0
3.0,1.8,10.3041,3.0,1.8,0.009054,0
4.0,0.06,13.1056,4.0,0.06,0.007239,0
4.0,0.24,13.1245,4.0,0.24,0.007221,0
4.0,0.48,13.1923,4.0,0.48,0.007249,0
4.0,0.9,13.1537,4.0,0.9,0.0076,0
4.0,1.2,13.3411,4.0,1.2,0.007764,0
4.0,1.8,13.4071,4.0,1.8,0.008532,0
5.0,0.06,16.3059,5.0,0.06,0.007225,0
5.0,0.24,16.2661,5.0,0.24,0.007211,0
5.0,0.48,16.3543,5.0,0.48,0.007218,0
5.0,0.9,16.5377,5.0,0.9,0.007442,0
5.0,1.2,16.5717,5.0,1.2,0.007615,0
5.0,1.8,16.7701,5.0,1.8,0.008281,0
0.1,0.06,0.369203,0.1,0.06,0.002985,0
0.1,0.24,0.415197,0.1,0.24,0.002674,0
0.1,0.48,0.470508,0.1,0.48,0.003409,0
0.1,0.9,0.612181,0.1,0.9,0.006595,0
0.1,1.2,0.663915,0.1,1.2,0.009384,0
0.1,1.8,0.772407,0.1,1.8,0.006603,0
0.5,0.06,1.66213,0.5,0.06,0.003395,0
0.5,0.24,1.73122,0.5,0.24,0.003192,0
0.5,0.48,1.77709,0.5,0.48,0.00322,0
0.5,0.9,1.89787,0.5,0.9,0.004404,0
0.5,1.2,1.96792,0.5,1.2,0.004625,0
5.0,1.8,7.72637,5.0,1.8,11.5991,1
1.2,0.06,3.95823,1.2,0.06,0.003248,0
1.2,0.24,4.03166,1.2,0.24,0.003231,0
1.2,0.48,4.03127,1.2,0.48,0.003534,0
1.2,0.9,4.14226,1.2,0.9,0.004074,0
1.2,1.2,4.21754,1.2,1.2,0.003849,0
1.2,1.8,4.40285,1.2,1.8,0.003228,0
3.0,0.06,9.80395,3.0,0.06,0.002966,0
3.0,0.24,9.77534,3.0,0.24,0.003194,0
3.0,0.48,9.84302,3.0,0.48,0.003211,0
3.0,0.9,10.1434,3.0,0.9,0.003435,0
3.0,1.2,10.0899,3.0,1.2,0.003591,0
3.0,1.8,10.3041,3.0,1.8,0.003401,0
4.0,0.06,13.1056,4.0,0.06,0.003272,0
4.0,0.24,13.1245,4.0,0.24,0.003505,0
4.0,0.48,13.1923,4.0,0.48,0.003252,0
4.0,0.9,13.1537,4.0,0.9,0.003422,0
4.0,1.2,13.3411,4.0,1.2,0.003811,0
4.0,1.8,13.4071,4.0,1.8,0.003356,0
5.0,0.06,16.3059,5.0,0.06,0.003301,0
5.0,0.24,16.2661,5.0,0.24,0.002983,0
5.0,0.48,16.3543,5.0,0.48,0.003286,0
5.0,0.9,16.5377,5.0,0.9,0.003542,0
5.0,1.2,16.5717,5.0,1.2,0.003179,0
5.0,1.8,16.7701,5.0,1.8,0.003354,0
0.1,0.06,0.498539,0.1,0.06,0.201265,0
0.30384486841858854,0.530499769980846,-0.5331112418461601,0.49925066895361014,0.6783029399210897,0.08751621337198762,1
0.1,0.48,0.51281,0.1,0.48,0.295779,0
0.1,0.9,0.595242,0.1,0.9,0.344876,0
13.465703730489707,4.500262748552558,55.897802051020435,10.933820891085045,7.394989337513879,55.11416396664734,1
0.1,1.8,0.791057,0.1,1.8,0.257407,0
0.5,0.06,2.38376,0.5,0.06,0.910726,0
0.5,0.24,2.44574,0.5,0.24,0.933338,0
0.5,0.48,2.37928,0.5,0.48,0.983904,0
0.5,0.9,2.38189,0.5,0.9,1.08729,0
0.5,1.2,2.38317,0.5,1.2,1.15392,0
0.5,1.8,2.42644,0.5,1.8,1.19134,0
1.2,0.06,5.71977,1.2,0.06,2.13356,0
1.2,0.24,5.79221,1.2,0.24,2.1716,0
1.2,0.48,5.66258,1.2,0.48,2.18741,0
1.2,0.9,5.69997,1.2,0.9,2.32092,0
1.2,1.2,5.69786,1.2,1.2,2.35718,0
1.2,1.8,5.72097,1.2,1.8,2.4086,0
3.0,0.06,14.2126,3.0,0.06,5.20109,0
3.0,0.24,14.1371,3.0,0.24,5.30897,0
3.0,0.48,14.0894,3.0,0.48,5.30502,0
3.0,0.9,14.2579,3.0,0.9,5.43573,0
3.0,1.2,14.2997,3.0,1.2,5.47112,0
3.0,1.8,14.3412,3.0,1.8,5.59244,0
4.0,0.06,18.838,4.0,0.06,6.95032,0
4.0,0.24,18.8998,4.0,0.24,6.9593,0
4.0,0.48,18.9093,4.0,0.48,7.07273,0
4.0,0.9,18.917,4.0,0.9,7.19549,0
4.0,1.2,18.9144,4.0,1.2,7.30989,0
4.0,1.8,18.8985,4.0,1.8,7.39957,0
5.0,0.06,23.517,5.0,0.06,8.6637,0
5.0,0.24,23.5478,5.0,0.24,8.69358,0
5.0,0.48,23.6333,5.0,0.48,8.92478,0
5.0,0.9,23.5747,5.0,0.9,8.88931,0
5.0,1.2,23.601,5.0,1.2,8.91471,0
5.0,1.8,23.5591,5.0,1.8,9.03415,0
0.1,0.06,0.498539,0.1,0.06,0.251596,0
0.1,0.24,0.496469,0.1,0.24,0.256025,0
0.1,0.48,0.51281,0.1,0.48,0.302944,0
0.1,0.9,0.595242,0.1,0.9,0.40678,0
0.1,1.2,0.644542,0.1,1.2,0.465976,0
0.1,1.8,0.791057,0.1,1.8,0.685016,0
0.5,0.06,2.38376,0.5,0.06,1.24716,0
0.5,0.24,2.44574,0.5,0.24,1.21443,0
0.5,0.48,2.37928,0.5,0.48,1.19813,0
0.5,0.9,2.38189,0.5,0.9,1.21399,0
0.5,1.2,2.38317,0.5,1.2,1.23418,0
0.5,1.8,2.42644,0.5,1.8,1.39708,0
1.2,0.06,5.71977,1.2,0.06,2.90866,0
1.2,0.24,5.79221,1.2,0.24,2.86116,0
1.2,0.48,5.66258,1.2,0.48,3.02307,0
1.2,0.9,5.69997,1.2,0.9,2.85079,0
1.2,1.2,5.69786,1.2,1.2,2.89323,0
1.2,1.8,5.72097,1.2,1.8,2.86863,0
3.0,0.06,14.2126,3.0,0.06,7.12459,0
3.0,0.24,14.1371,3.0,0.24,7.08541,0
3.0,0.48,14.0894,3.0,0.48,7.16969,0
3.0,0.9,14.2579,3.0,0.9,7.20154,0
3.0,1.2,14.2997,3.0,1.2,7.15397,0
3.0,1.8,14.3412,3.0,1.8,7.30807,0
4.0,0.06,18.838,4.0,0.06,9.55121,0
4.0,0.24,18.8998,4.0,0.24,9.87012,0
4.0,0.48,18.9093,4.0,0.48,9.6814,0
4.0,0.9,18.917,4.0,0.9,9.52254,0
4.0,1.2,18.9144,4.0,1.2,10.1679,0
4.0,1.8,18.8985,4.0,1.8,9.51013,0
5.0,0.06,23.517,5.0,0.06,11.9643,0
5.0,0.24,23.5478,5.0,0.24,11.8391,0
5.0,0.48,23.6333,5.0,0.48,11.9334,0
5.0,0.9,23.5747,5.0,0.9,12.1352,0
5.0,1.2,23.601,5.0,1.2,11.8323,0
5.0,1.8,23.5591,5.0,1.8,11.8784,0
0.1,0.06,0.498539,0.1,0.06,0.007,0
0.1,0.24,0.496469,0.1,0.24,0.007351,0
0.1,0.48,0.51281,0.1,0.48,0.007815,0
0.1,0.9,0.595242,0.1,0.9,0.012591,0
0.1,1.2,0.644542,0.1,1.2,0.013671,0
0.1,1.8,0.791057,0.1,1.8,0.021441,0
0.5,0.06,2.38376,0.5,0.06,0.007071,0
0.5,0.24,2.44574,0.5,0.24,0.007349,0
0.5,0.48,2.37928,0.5,0.48,0.007488,0
0.5,0.9,2.38189,0.5,0.9,0.009007,0
0.5,1.2,2.38317,0.5,1.2,0.010061,0
0.5,1.8,2.42644,0.5,1.8,0.014053,0
1.2,0.06,5.71977,1.2,0.06,0.007617,0
1.2,0.24,5.79221,1.2,0.24,0.007746,0
1.2,0.48,5.66258,1.2,0.48,0.007283,0
1.2,0.9,5.69997,1.2,0.9,0.008129,0
1.2,1.2,5.69786,1.2,1.2,0.008727,0
1.2,1.8,5.72097,1.2,1.8,0.010963,0
3.0,0.06,14.2126,3.0,0.06,0.007237,0
3.0,0.24,14.1371,3.0,0.24,0.007162,0
3.0,0.48,14.0894,3.0,0.48,0.007129,0
3.0,0.9,14.2579,3.0,0.9,0.007619,0
3.0,1.2,14.2997,3.0,1.2,0.007861,0
3.0,1.8,14.3412,3.0,1.8,0.009054,0
4.0,0.06,18.838,4.0,0.06,0.007239,0
4.0,0.24,18.8998,4.0,0.24,0.007221,0
4.0,0.48,18.9093,4.0,0.48,0.007249,0
4.0,0.9,18.917,4.0,0.9,0.0076,0
4.0,1.2,18.9144,4.0,1.2,0.007764,0
4.0,1.8,18.8985,4.0,1.8,0.008532,0
5.0,0.06,23.517,5.0,0.06,0.007225,0
5.0,0.24,23.5478,5.0,0.24,0.007211,0
5.0,0.48,23.6333,5.0,0.48,0.007218,0
5.0,0.9,23.5747,5.0,0.9,0.007442,0
5.0,1.2,23.601,5.0,1.2,0.007615,0
5.0,1.8,23.5591,5.0,1.8,0.008281,0
0.1,0.06,0.498539,0.1,0.06,0.002985,0
0.1,0.24,0.496469,0.1,0.24,0.002674,0
3.0,0.9,10.1318,3.0,0.9,0.002133,1
0.1,0.9,0.595242,0.1,0.9,0.006595,0
0.16499911290079766,0.6684818635731409,0.85516568934549,0.5234199727345826,1.4671736067268921,-0.8748237128190363,1
0.1,1.8,0.791057,0.1,1.8,0.006603,0
0.5,0.06,2.38376,0.5,0.06,0.003395,0
0.5,0.24,2.44574,0.5,0.24,0.003192,0
0.5,0.48,2.37928,0.5,0.48,0.00322,0
0.8888988154388575,0.5338502251314559,2.7725690599032573,0.5261863843637843,1.4227301202411264,-0.09630595003848676,1
0.5,1.2,2.38317,0.5,1.2,0.004625,0
0.5,1.8,2.42644,0.5,1.8,0.003196,0
1.2,0.06,5.71977,1.2,0.06,0.003248,0
1.2,0.24,5.79221,1.2,0.24,0.003231,0
1.2,0.48,5.66258,1.2,0.48,0.003534,0
1.2,0.9,5.69997,1.2,0.9,0.004074,0
1.2,1.2,5.69786,1.2,1.2,0.003849,0
1.2,1.8,5.72097,1.2,1.8,0.003228,0
3.0,0.06,14.2126,3.0,0.06,0.002966,0
3.0,0.24,14.1371,3.0,0.24,0.003194,0
3.0,0.48,14.0894,3.0,0.48,0.003211,0
3.0,0.9,14.2579,3.0,0.9,0.003435,0
3.0,1.2,14.2997,3.0,1.2,0.003591,0
3.0,1.8,14.3412,3.0,1.8,0.003401,0
4.0,0.06,18.838,4.0,0.06,0.003272,0
4.0,0.24,18.8998,4.0,0.24,0.003505,0
4.0,0.48,18.9093,4.0,0.48,0.003252,0
4.0,0.9,18.917,4.0,0.9,0.003422,0
4.0,1.2,18.9144,4.0,1.2,0.003811,0
4.0,1.8,18.8985,4.0,1.8,0.003356,0
5.0,0.06,23.517,5.0,0.06,0.003301,0
5.0,0.24,23.5478,5.0,0.24,0.002983,0
5.0,0.48,23.6333,5.0,0.48,0.003286,0
5.0,0.9,23.5747,5.0,0.9,0.003542,0
5.0,1.2,23.601,5.0,1.2,0.003179,0
5.0,1.8,23.5591,5.0,1.8,0.003354,0
0.1,0.06,0.201265,0.1,0.06,0.251596,0
0.1,0.24,0.243409,0.1,0.24,0.256025,0
0.1,0.48,0.295779,0.1,0.48,0.302944,0
0.1,0.9,0.344876,0.1,0.9,0.40678,0
0.1,1.2,0.37283,0.1,1.2,0.465976,0
0.1,1.8,0.257407,0.1,1.8,0.685016,0
0.5,0.06,0.910726,0.5,0.06,1.24716,0
0.5,0.24,0.933338,0.5,0.24,1.21443,0
0.5,0.48,0.983904,0.5,0.48,1.19813,0
0.5,0.9,1.08729,0.5,0.9,1.21399,0
0.5,1.2,1.15392,0.5,1.2,1.23418,0
0.5,1.8,1.19134,0.5,1.8,1.39708,0
1.2,0.06,2.13356,1.2,0.06,2.90866,0
1.2,0.24,2.1716,1.2,0.24,2.86116,0
1.2,0.48,2.18741,1.2,0.48,3.02307,0
1.2,0.9,2.32092,1.2,0.9,2.85079,0
1.2,1.2,2.35718,1.2,1.2,2.89323,0
0.34942976286637906,1.987031044065522,2.5408408424756868,1.2318511798828855,1.6915864748889284,2.7222510406137728,1
3.0,0.06,5.20109,3.0,0.06,7.12459,0
3.0,0.24,5.30897,3.0,0.24,7.08541,0
3.0,0.48,5.30502,3.0,0.48,7.16969,0
3.0,0.9,5.43573,3.0,0.9,7.20154,0
3.0,1.2,5.47112,3.0,1.2,7.15397,0
5.0,0.06,23.5957,5.0,0.06,0.007719,1
4.0,0.06,6.95032,4.0,0.06,9.55121,0
4.0,0.24,6.9593,4.0,0.24,9.87012,0
4.0,0.48,7.07273,4.0,0.48,9.6814,0
4.0,0.9,7.19549,4.0,0.9,9.52254,0
4.0,1.2,7.30989,4.0,1.2,10.1679,0
4.0,1.8,7.39957,4.0,1.8,9.51013,0
5.0,0.06,8.6637,5.0,0.06,11.9643,0
5.0,0.24,8.69358,5.0,0.24,11.8391,0
5.0,0.48,8.92478,5.0,0.48,11.9334,0
5.0,0.9,8.88931,5.0,0.9,12.1352,0
4.750274403557393,1.5345426051337618,9.84924325183913,4.622850933696428,0.36743735184797777,10.83142991626187,1
5.0,1.8,9.03415,5.0,1.8,11.8784,0
0.1,0.06,0.201265,0.1,0.06,0.007,0
0.1,0.24,0.243409,0.1,0.24,0.007351,0
0.1,0.48,0.295779,0.1,0.48,0.007815,0
0.1,0.9,0.344876,0.1,0.9,0.012591,0
0.1,1.2,0.37283,0.1,1.2,0.013671,0
0.1,1.8,0.257407,0.1,1.8,0.021441,0
0.5,0.06,0.910726,0.5,0.06,0.007071,0
0.5,0.24,0.933338,0.5,0.24,0.007349,0
0.5,0.48,0.983904,0.5,0.48,0.007488,0
0.5,0.9,1.08729,0.5,0.9,0.009007,0
0.5,1.2,1.15392,0.5,1.2,0.010061,0
0.5,1.8,1.19134,0.5,1.8,0.014053,0
1.2,0.06,2.13356,1.2,0.06,0.007617,0
1.2,0.24,2.1716,1.2,0.24,0.007746,0
1.2,0.48,2.18741,1.2,0.48,0.007283,0
1.2,0.9,2.32092,1.2,0.9,0.008129,0
1.2,1.2,2.35718,1.2,1.2,0.008727,0
1.2,1.8,2.4086,1.2,1.8,0.010963,0
3.0,0.06,5.20109,3.0,0.06,0.007237,0
3.0,0.24,5.30897,3.0,0.24,0.007162,0
3.0,0.48,5.30502,3.0,0.48,0.007129,0
3.0,0.9,5.43573,3.0,0.9,0.007619,0
3.0,1.2,5.47112,3.0,1.2,0.007861,0
3.0,1.8,5.59244,3.0,1.8,0.009054,0
4.0,0.06,6.95032,4.0,0.06,0.007239,0
4.0,0.24,6.9593,4.0,0.24,0.007221,0
4.0,0.48,7.07273,4.0,0.48,0.007249,0
4.0,0.9,7.19549,4.0,0.9,0.0076,0
4.0,1.2,7.30989,4.0,1.2,0.007764,0
4.0,1.8,7.39957,4.0,1.8,0.008532,0
5.0,0.06,8.6637,5.0,0.06,0.007225,0
5.0,0.24,8.69358,5.0,0.24,0.007211,0
5.0,0.48,8.92478,5.0,0.48,0.007218,0
5.0,0.9,8.88931,5.0,0.9,0.007442,0
5.0,1.2,8.91471,5.0,1.2,0.007615,0
5.0,1.8,9.03415,5.0,1.8,0.008281,0
0.1,0.06,0.201265,0.1,0.06,0.002985,0
0.1,0.24,0.243409,0.1,0.24,0.002674,0
0.1,0.48,0.295779,0.1,0.48,0.003409,0
0.1,0.9,0.344876,0.1,0.9,0.006595,0
0.1,1.2,0.37283,0.1,1.2,0.009384,0
0.1,1.8,0.257407,0.1,1.8,0.006603,0
0.5,0.06,0.910726,0.5,0.06,0.003395,0
0.5,0.24,0.933338,0.5,0.24,0.003192,0
0.5,0.48,0.983904,0.5,0.48,0.00322,0
0.5,0.9,1.08729,0.5,0.9,0.004404,0
0.5,1.2,1.15392,0.5,1.2,0.004625,0
0.5,1.8,1.19134,0.5,1.8,0.003196,0
1.2,0.06,2.13356,1.2,0.06,0.003248,0
1.2,0.24,2.1716,1.2,0.24,0.003231,0
1.2,0.48,2.18741,1.2,0.48,0.003534,0
1.2,0.9,2.32092,1.2,0.9,0.004074,0
1.2,1.2,2.35718,1.2,1.2,0.003849,0
1.2,1.8,2.4086,1.2,1.8,0.003228,0
3.0,0.06,5.20109,3.0,0.06,0.002966,0
3.0,0.24,5.30897,3.0,0.24,0.003194,0
3.0,0.48,5.30502,3.0,0.48,0.003211,0
3.0,0.9,5.43573,3.0,0.9,0.003435,0
3.0,1.2,5.47112,3.0,1.2,0.003591,0
3.0,1.8,5.59244,3.0,1.8,0.003401,0
4.0,0.06,6.95032,4.0,0.06,0.003272,0
4.0,0.24,6.9593,4.0,0.24,0.003505,0
4.0,0.48,7.07273,4.0,0.48,0.003252,0
4.0,0.9,7.19549,4.0,0.9,0.003422,0
4.0,1.2,7.30989,4.0,1.2,0.003811,0
4.0,1.8,7.39957,4.0,1.8,0.003356,0
5.0,0.06,8.6637,5.0,0.06,0.003301,0
5.0,0.24,8.69358,5.0,0.24,0.002983,0
5.0,0.48,8.92478,5.0,0.48,0.003286,0
5.0,0.9,8.88931,5.0,0.9,0.003542,0
5.0,1.2,8.91471,5.0,1.2,0.003179,0
5.0,1.8,9.03415,5.0,1.8,0.003354,0
0.1,0.06,0.251596,0.1,0.06,0.007,0
0.1,0.24,0.256025,0.1,0.24,0.007351,0
0.1,0.48,0.302944,0.1,0.48,0.007815,0
0.1,0.9,0.40678,0.1,0.9,0.012591,0
0.1,1.2,0.465976,0.1,1.2,0.013671,0
0.1,1.8,0.685016,0.1,1.8,0.021441,0
0.5,0.06,1.24716,0.5,0.06,0.007071,0
0.5,0.24,1.21443,0.5,0.24,0.007349,0
0.5,0.48,1.19813,0.5,0.48,0.007488,0
0.5,0.9,1.21399,0.5,0.9,0.009007,0
0.5,1.2,1.23418,0.5,1.2,0.010061,0
0.5,1.8,1.39708,0.5,1.8,0.014053,0
1.2,0.06,2.90866,1.2,0.06,0.007617,0
1.2,0.24,2.86116,1.2,0.24,0.007746,0
1.2,0.48,3.02307,1.2,0.48,0.007283,0
1.2,0.9,2.85079,1.2,0.9,0.008129,0
1.2,1.2,2.89323,1.2,1.2,0.008727,0
1.2,1.8,2.86863,1.2,1.8,0.010963,0
3.0,0.06,7.12459,3.0,0.06,0.007237,0
3.0,0.24,7.08541,3.0,0.24,0.007162,0
3.0,0.48,7.16969,3.0,0.48,0.007129,0
3.0,0.9,7.20154,3.0,0.9,0.007619,0
3.0,1.8,6.34771,3.0,1.8,8.39033,1
3.0,1.8,7.30807,3.0,1.8,0.009054,0
4.0,0.06,9.55121,4.0,0.06,0.007239,0
4.0,0.24,9.87012,4.0,0.24,0.007221,0
4.0,0.48,9.6814,4.0,0.48,0.007249,0
4.0,0.9,9.52254,4.0,0.9,0.0076,0
4.0,1.2,10.1679,4.0,1.2,0.007764,0
4.0,1.8,9.51013,4.0,1.8,0.008532,0
5.0,0.06,11.9643,5.0,0.06,0.007225,0
5.0,0.24,11.8391,5.0,0.24,0.007211,0
5.0,0.48,11.9334,5.0,0.48,0.007218,0
5.0,0.9,12.1352,5.0,0.9,0.007442,0
0.2,0.6,0.488308,0.2,0.6,0.564418,1
5.0,1.8,11.8784,5.0,1.8,0.008281,0
0.1,0.06,0.251596,0.1,0.06,0.002985,0
0.1,0.24,0.256025,0.1,0.24,0.002674,0
0.1,0.48,0.302944,0.1,0.48,0.003409,0
0.1,0.9,0.40678,0.1,0.9,0.006595,0
0.1,1.2,0.465976,0.1,1.2,0.009384,0
0.1,1.8,0.685016,0.1,1.8,0.006603,0
0.5,0.06,1.24716,0.5,0.06,0.003395,0
0.5,0.24,1.21443,0.5,0.24,0.003192,0
0.5,0.48,1.19813,0.5,0.48,0.00322,0
0.5,0.9,1.21399,0.5,0.9,0.004404,0
0.5,1.2,1.23418,0.5,1.2,0.004625,0
0.5,1.8,1.39708,0.5,1.8,0.003196,0
1.2,0.06,2.90866,1.2,0.06,0.003248,0
1.2,0.24,2.86116,1.2,0.24,0.003231,0
1.2,0.48,3.02307,1.2,0.48,0.003534,0
1.2,0.9,2.85079,1.2,0.9,0.004074,0
1.2,1.2,2.89323,1.2,1.2,0.003849,0
1.2,1.8,2.86863,1.2,1.8,0.003228,0
3.0,0.06,7.12459,3.0,0.06,0.002966,0
3.0,0.24,7.08541,3.0,0.24,0.003194,0
3.0,0.48,7.16969,3.0,0.48,0.003211,0
3.0,0.9,7.20154,3.0,0.9,0.003435,0
3.0,1.2,7.15397,3.0,1.2,0.003591,0
3.0,1.8,7.30807,3.0,1.8,0.003401,0
4.0,0.06,9.55121,4.0,0.06,0.003272,0
4.0,0.24,9.87012,4.0,0.24,0.003505,0
4.0,0.48,9.6814,4.0,0.48,0.003252,0
4.0,0.9,9.52254,4.0,0.9,0.003422,0
4.0,1.2,10.1679,4.0,1.2,0.003811,0
4.0,1.8,9.51013,4.0,1.8,0.003356,0
5.0,0.06,11.9643,5.0,0.06,0.003301,0
5.0,0.24,11.8391,5.0,0.24,0.002983,0
5.0,0.48,11.9334,5.0,0.48,0.003286,0
5.0,0.9,12.1352,5.0,0.9,0.003542,0
5.0,1.2,11.8323,5.0,1.2,0.003179,0
5.0,1.8,11.8784,5.0,1.8,0.003354,0
0.1,0.06,0.007,0.1,0.06,0.002985,0
0.1,0.24,0.007351,0.1,0.24,0.002674,0
0.1,0.48,0.007815,0.1,0.48,0.003409,0
0.1,0.9,0.012591,0.1,0.9,0.006595,0
0.1,1.2,0.013671,0.1,1.2,0.009384,0
0.1,1.8,0.021441,0.1,1.8,0.006603,0
0.5,0.06,0.007071,0.5,0.06,0.003395,0
0.5,0.24,0.007349,0.5,0.24,0.003192,0
0.5,0.48,0.007488,0.5,0.48,0.00322,0
0.5,0.9,0.009007,0.5,0.9,0.004404,0
0.5,1.2,0.010061,0.5,1.2,0.004625,0
0.5,1.8,0.014053,0.5,1.8,0.003196,0
1.2,0.06,0.007617,1.2,0.06,0.003248,0
1.2,0.24,0.007746,1.2,0.24,0.003231,0
1.2,0.48,0.007283,1.2,0.48,0.003534,0
1.2,0.9,0.008129,1.2,0.9,0.004074,0
12.929689101845707,7.1433788783032,58.819752405815436,14.518230625297594,6.535334035897042,69.51280956431293,1
1.2,1.8,0.010963,1.2,1.8,0.003228,0
3.0,0.06,0.007237,3.0,0.06,0.002966,0
3.0,0.24,0.007162,3.0,0.24,0.003194,0
3.0,0.48,0.007129,3.0,0.48,0.003211,0
3.0,0.9,0.007619,3.0,0.9,0.003435,0
3.0,1.2,0.007861,3.0,1.2,0.003591,0
3.0,1.8,0.009054,3.0,1.8,0.003401,0
4.0,0.06,0.007239,4.0,0.06,0.003272,0
4.0,0.24,0.007221,4.0,0.24,0.003505,0
4.0,0.48,0.007249,4.0,0.48,0.003252,0
4.0,0.9,0.0076,4.0,0.9,0.003422,0
4.0,1.2,0.007764,4.0,1.2,0.003811,0
4.0,1.8,0.008532,4.0,1.8,0.003356,0
5.0,0.06,0.007225,5.0,0.06,0.003301,0
5.0,0.24,0.007211,5.0,0.24,0.002983,0
5.0,0.48,0.007218,5.0,0.48,0.003286,0
5.0,0.9,0.007442,5.0,0.9,0.003542,0
5.0,1.2,0.007615,5.0,1.2,0.003179,0
5.0,1.8,0.008281,5.0,1.8,0.003354,0
0.1,0.06,0.342477,0.1,0.06,0.476871,0
0.1,0.48,0.474228,0.1,0.48,0.300547,1
0.1,0.48,0.360632,0.1,0.48,0.475993,0
0.1,0.9,0.298435,0.1,0.9,0.504957,0
0.1,1.2,0.317915,0.1,1.2,0.630555,0
0.1,1.8,0.376255,0.1,1.8,0.531583,0
0.02,0.42,0.153701,0.02,0.42,0.007363,1
0.5,0.24,1.58765,0.5,0.24,2.3867,0
0.5,0.48,1.61229,0.5,0.48,2.36979,0
0.5,0.9,1.52991,0.5,0.9,2.36425,0
0.5,1.2,1.52332,0.5,1.2,2.34627,0
0.5,1.8,1.42637,0.5,1.8,2.35579,0
1.2,0.06,3.7621,1.2,0.06,5.70809,0
1.2,0.24,3.76038,1.2,0.24,5.62573,0
1.2,0.48,3.76683,1.2,0.48,5.64143,0
0.5,0.9,0.033661,0.5,0.9,0.029326,1
1.0501532520335553,0.8182673483454441,3.916577507427108,0.7044544323341931,1.864897182602538,4.821139775187953,1
1.2,1.8,3.62452,1.2,1.8,5.63771,0
3.0,0.06,9.34121,3.0,0.06,14.0587,0
3.0,0.24,9.34305,3.0,0.24,14.0723,0
3.0,0.48,9.3753,3.0,0.48,13.9727,0
3.0,0.9,9.28638,3.0,0.9,13.9699,0
3.0,1.2,9.28398,3.0,1.2,14.2777,0
3.0,1.8,9.20046,3.0,1.8,14.0712,0
4.0,0.06,12.4439,4.0,0.06,18.8674,0
4.0,0.24,12.5213,4.0,0.24,18.6345,0
4.0,0.48,12.5281,4.0,0.48,18.7445,0
4.0,0.9,12.3873,4.0,0.9,18.8267,0
4.0,1.2,12.4871,4.0,1.2,18.7098,0
10.050749468437026,7.682717069511434,49.568022169011826,14.230208071906791,6.82774824208915,56.28331360238208,1
5.0,0.06,15.5866,5.0,0.06,23.3459,0
5.0,0.24,15.5192,5.0,0.24,23.6411,0
5.0,0.48,15.5633,5.0,0.48,23.6425,0
5.0,0.9,15.5382,5.0,0.9,23.6761,0
5.0,1.2,15.3758,5.0,1.2,23.5736,0
5.0,1.8,15.4509,5.0,1.8,23.6442,0
0.1,0.06,0.342477,0.1,0.06,0.243741,0
0.1,1.2,0.244978,0.1,1.2,0.006763,1
0.1,0.48,0.360632,0.1,0.48,0.222485,0
0.1,0.9,0.298435,0.1,0.9,0.231974,0
0.1,1.2,0.317915,0.1,1.2,0.311744,0
0.1,1.8,0.376255,0.1,1.8,0.305213,0
0.5,0.06,1.58329,0.5,0.06,1.06165,0
0.5,0.24,1.58765,0.5,0.24,1.07659,0
0.5,0.48,1.61229,0.5,0.48,1.04194,0
0.5,0.9,1.52991,0.5,0.9,1.04097,0
0.5,1.2,1.52332,0.5,1.2,0.98508,0
0.5,1.8,1.42637,0.5,1.8,1.13394,0
1.2,0.06,3.7621,1.2,0.06,2.49138,0
1.2,0.24,3.76038,1.2,0.24,2.49295,0
1.2,0.48,3.76683,1.2,0.48,2.45505,0
1.2,0.9,3.70468,1.2,0.9,2.47946,0
1.2,1.2,3.72485,1.2,1.2,2.41401,0
1.2,1.8,3.62452,1.2,1.8,2.55695,0
3.0,0.06,9.34121,3.0,0.06,6.15018,0
3.0,0.24,9.34305,3.0,0.24,6.2209,0
3.0,0.48,9.3753,3.0,0.48,6.17841,0
3.0,0.9,9.28638,3.0,0.9,6.11719,0
3.0,1.2,9.28398,3.0,1.2,6.06547,0
3.0,1.8,9.20046,3.0,1.8,6.25419,0
4.0,0.06,12.4439,4.0,0.06,8.16855,0
4.0,0.24,12.5213,4.0,0.24,8.1984,0
4.0,0.48,12.5281,4.0,0.48,8.14753,0
4.0,0.9,12.3873,4.0,0.9,8.2224,0
4.0,1.2,12.4871,4.0,1.2,8.15819,0
4.0,1.8,12.2938,4.0,1.8,8.24322,0
5.0,0.06,15.5866,5.0,0.06,10.2214,0
5.0,0.24,15.5192,5.0,0.24,10.3063,0
5.0,0.48,15.5633,5.0,0.48,10.2584,0
5.0,0.9,15.5382,5.0,0.9,10.2014,0
5.0,1.2,15.3758,5.0,1.2,10.1443,0
5.0,1.8,15.4509,5.0,1.8,10.3637,0
0.1,0.06,0.342477,0.1,0.06,0.283695,0
0.1,0.24,0.345128,0.1,0.24,0.281355,0
0.1,0.48,0.360632,0.1,0.48,0.318021,0
0.1,0.9,0.298435,0.1,0.9,0.388909,0
0.1,1.2,0.317915,0.1,1.2,0.341945,0
0.1,1.8,0.376255,0.1,1.8,0.453034,0
0.5,0.06,1.58329,0.5,0.06,1.41982,0
0.5,0.24,1.58765,0.5,0.24,1.44677,0
0.5,0.48,1.61229,0.5,0.48,1.43232,0
0.5,0.9,1.52991,0.5,0.9,1.39455,0
0.5,1.2,1.52332,0.5,1.2,1.39394,0
0.5,1.8,1.42637,0.5,1.8,1.38602,0
1.2,0.06,3.7621,1.2,0.06,3.3714,0
1.2,0.24,3.76038,1.2,0.24,3.48455,0
1.2,0.48,3.76683,1.2,0.48,3.45041,0
1.2,0.9,3.70468,1.2,0.9,3.38992,0
1.2,1.2,3.72485,1.2,1.2,3.37869,0
1.2,1.8,3.62452,1.2,1.8,3.41352,0
3.0,0.06,9.34121,3.0,0.06,8.36103,0
3.0,0.24,9.34305,3.0,0.24,8.43369,0
3.0,0.48,9.3753,3.0,0.48,8.43116,0
3.0,0.9,9.28638,3.0,0.9,8.46885,0
3.0,1.2,9.28398,3.0,1.2,8.48473,0
3.0,1.8,9.20046,3.0,1.8,8.4046,0
3.8321070305101252,-0.5173171693644221,11.911058651090215,3.1581337161929754,0.006310690794977314,11.924038979041228,1
4.0,0.24,12.5213,4.0,0.24,11.364,0
4.0,0.48,12.5281,4.0,0.48,11.2122,0
4.0,0.9,12.3873,4.0,0.9,11.2474,0
4.0,1.2,12.4871,4.0,1.2,11.217,0
4.0,1.8,12.2938,4.0,1.8,11.2433,0
5.0,0.06,15.5866,5.0,0.06,13.8552,0
5.0,0.24,15.5192,5.0,0.24,13.9649,0
5.0,0.48,15.5633,5.0,0.48,13.9556,0
5.0,0.9,15.5382,5.0,0.9,14.0067,0
5.0,1.2,15.3758,5.0,1.2,14.0855,0
5.0,1.8,15.4509,5.0,1.8,13.9566,0
0.1,0.06,0.342477,0.1,0.06,0.002389,0
0.1,0.24,0.345128,0.1,0.24,0.005221,0
0.1,0.48,0.360632,0.1,0.48,0.009045,0
0.1,0.9,0.298435,0.1,0.9,0.012966,0
0.1,1.2,0.317915,0.1,1.2,0.007726,0
0.1,1.8,0.376255,0.1,1.8,0.02926,0
0.5,0.06,1.58329,0.5,0.06,0.002306,0
0.5,0.24,1.58765,0.5,0.24,0.005015,0
0.5,0.48,1.61229,0.5,0.48,0.008526,0
0.5,0.9,1.52991,0.5,0.9,0.013591,0
0.5,1.2,1.52332,0.5,1.2,0.007831,0
0.5,1.8,1.42637,0.5,1.8,0.027659,0
1.2,0.06,3.7621,1.2,0.06,0.002328,0
3.0,1.2,0.00832,3.0,1.2,0.004334,1
1.2,0.48,3.76683,1.2,0.48,0.008606,0
1.2,0.9,3.70468,1.2,0.9,0.013401,0
1.2,1.2,3.72485,1.2,1.2,0.007816,0
1.2,1.8,3.62452,1.2,1.8,0.030526,0
3.0,0.06,9.34121,3.0,0.06,0.001802,0
3.0,0.24,9.34305,3.0,0.24,0.004854,0
3.0,0.48,9.3753,3.0,0.48,0.008598,0
3.0,0.9,9.28638,3.0,0.9,0.012869,0
3.0,1.2,9.28398,3.0,1.2,0.007473,0
3.0,1.8,9.20046,3.0,1.8,0.030119,0
4.0,0.06,12.4439,4.0,0.06,0.001746,0
4.0,0.24,12.5213,4.0,0.24,0.004344,0
4.0,0.48,12.5281,4.0,0.48,0.007847,0
4.0,0.9,12.3873,4.0,0.9,0.012688,0
4.0,1.2,12.4871,4.0,1.2,0.007499,0
4.0,1.8,12.2938,4.0,1.8,0.029899,0
5.0,0.06,15.5866,5.0,0.06,0.001427,0
5.0,0.24,15.5192,5.0,0.24,0.004226,0
5.0,0.48,15.5633,5.0,0.48,0.007646,0
5.0,0.9,15.5382,5.0,0.9,0.012612,0
5.0,1.2,15.3758,5.0,1.2,0.007205,0
5.0,1.8,15.4509,5.0,1.8,0.02969,0
0.1,0.06,0.342477,0.1,0.06,0.004788,0
0.1,0.24,0.345128,0.1,0.24,0.007715,0
0.1,0.48,0.360632,0.1,0.48,0.007859,0
0.1,0.9,0.298435,0.1,0.9,0.014656,0
0.1,1.2,0.317915,0.1,1.2,0.022474,0
0.1,1.8,0.376255,0.1,1.8,0.030539,0
0.5,0.06,1.58329,0.5,0.06,0.004607,0
0.5,0.24,1.58765,0.5,0.24,0.007443,0
0.5,0.48,1.61229,0.5,0.48,0.008067,0
0.5,0.9,1.52991,0.5,0.9,0.014586,0
0.5,1.2,1.52332,0.5,1.2,0.015175,0
16.362358681551346,6.269163552863075,62.462147722827766,15.65728022113304,5.355451588509361,37.699446850993404,1
1.2,0.06,3.7621,1.2,0.06,0.004499,0
1.2,0.24,3.76038,1.2,0.24,0.007951,0
1.2,0.48,3.76683,1.2,0.48,0.00815,0
1.2,0.9,3.70468,1.2,0.9,0.014853,0
8.431172866383353,5.256836361430944,45.193065426862255,9.440006762871253,5.00224521928471,40.55853871261817,1
1.2,1.8,3.62452,1.2,1.8,0.029472,0
8.569824518065982,6.833255620963309,46.062306067639014,11.64116421686978,6.47969165383259,43.856126167226414,1
3.0,0.24,9.34305,3.0,0.24,0.008287,0
3.0,0.48,9.3753,3.0,0.48,0.008312,0
3.0,0.9,9.28638,3.0,0.9,0.014998,0
3.0,1.2,9.28398,3.0,1.2,0.01618,0
3.0,1.8,9.20046,3.0,1.8,0.02965,0
4.0,0.06,12.4439,4.0,0.06,0.005953,0
4.0,0.24,12.5213,4.0,0.24,0.008601,0
4.0,0.48,12.5281,4.0,0.48,0.008569,0
4.0,0.9,12.3873,4.0,0.9,0.015142,0
4.0,1.2,12.4871,4.0,1.2,0.01655,0
4.0,1.8,12.2938,4.0,1.8,0.029879,0
5.0,0.06,15.5866,5.0,0.06,0.004688,0
5.0,0.24,15.5192,5.0,0.24,0.008097,0
5.0,0.48,15.5633,5.0,0.48,0.008804,0
5.0,0.9,15.5382,5.0,0.9,0.01517,0
5.0,1.2,15.3758,5.0,1.2,0.016526,0
5.0,1.8,15.4509,5.0,1.8,0.03012,0
0.1,0.06,0.476871,0.1,0.06,0.243741,0
0.1,0.24,0.473367,0.1,0.24,0.257708,0
0.1,0.48,0.475993,0.1,0.48,0.222485,0
0.1,0.9,0.504957,0.1,0.9,0.231974,0
0.1,1.2,0.630555,0.1,1.2,0.311744,0
0.1,1.8,0.531583,0.1,1.8,0.305213,0
0.5,0.06,2.35129,0.5,0.06,1.06165,0
0.5,0.24,2.3867,0.5,0.24,1.07659,0
0.5,0.48,2.36979,0.5,0.48,1.04194,0
0.5,0.9,2.36425,0.5,0.9,1.04097,0
0.5,1.2,2.34627,0.5,1.2,0.98508,0
0.5,1.8,2.35579,0.5,1.8,1.13394,0
1.2,0.06,5.70809,1.2,0.06,2.49138,0
1.2,0.24,5.62573,1.2,0.24,2.49295,0
1.2,0.48,5.64143,1.2,0.48,2.45505,0
1.2,0.9,5.6007,1.2,0.9,2.47946,0
1.2,1.2,5.65893,1.2,1.2,2.41401,0
1.2,1.8,5.63771,1.2,1.8,2.55695,0
3.0,0.06,14.0587,3.0,0.06,6.15018,0
3.0,0.24,14.0723,3.0,0.24,6.2209,0
3.0,0.48,13.9727,3.0,0.48,6.17841,0
3.0,0.9,13.9699,3.0,0.9,6.11719,0
3.0,1.2,14.2777,3.0,1.2,6.06547,0
3.0,1.8,14.0712,3.0,1.8,6.25419,0
4.0,0.06,18.8674,4.0,0.06,8.16855,0
4.0,0.24,18.6345,4.0,0.24,8.1984,0
4.0,0.48,18.7445,4.0,0.48,8.14753,0
4.0,0.9,18.8267,4.0,0.9,8.2224,0
4.0,1.2,18.7098,4.0,1.2,8.15819,0
4.0,1.8,18.9181,4.0,1.8,8.24322,0
5.0,0.06,23.3459,5.0,0.06,10.2214,0
5.0,0.24,23.6411,5.0,0.24,10.3063,0
5.0,0.48,23.6425,5.0,0.48,10.2584,0
5.0,0.9,23.6761,5.0,0.9,10.2014,0
5.0,1.2,23.5736,5.0,1.2,10.1443,0
5.0,1.8,23.6442,5.0,1.8,10.3637,0
0.1,0.06,0.476871,0.1,0.06,0.283695,0
0.1,0.24,0.473367,0.1,0.24,0.281355,0
0.1,0.48,0.475993,0.1,0.48,0.318021,0
0.1,0.9,0.504957,0.1,0.9,0.388909,0
0.1,1.2,0.630555,0.1,1.2,0.341945,0
0.1,1.8,0.531583,0.1,1.8,0.453034,0
0.5,0.06,2.35129,0.5,0.06,1.41982,0
0.5,0.24,2.3867,0.5,0.24,1.44677,0
0.5,0.48,2.36979,0.5,0.48,1.43232,0
0.5,0.9,2.36425,0.5,0.9,1.39455,0
0.5,1.2,2.34627,0.5,1.2,1.39394,0
0.5,1.8,2.35579,0.5,1.8,1.38602,0
1.2,0.06,5.70809,1.2,0.06,3.3714,0
1.2,0.24,5.62573,1.2,0.24,3.48455,0
1.2,0.48,5.64143,1.2,0.48,3.45041,0
8.59583828423806,6.766976882052059,71.30577824644138,16.548587399858867,4.95289996127884,47.855887487918096,1
1.2,1.2,5.65893,1.2,1.2,3.37869,0
1.2,1.8,5.63771,1.2,1.8,3.41352,0
3.0,0.06,14.0587,3.0,0.06,8.36103,0
3.0,0.24,14.0723,3.0,0.24,8.43369,0
3.0,0.48,13.9727,3.0,0.48,8.43116,0
3.0,0.9,13.9699,3.0,0.9,8.46885,0
3.0,1.2,14.2777,3.0,1.2,8.48473,0
3.0,1.8,14.0712,3.0,1.8,8.4046,0
4.0,0.06,18.8674,4.0,0.06,11.1212,0
4.0,0.24,18.6345,4.0,0.24,11.364,0
4.0,0.48,18.7445,4.0,0.48,11.2122,0
4.0,0.9,18.8267,4.0,0.9,11.2474,0
4.0,1.2,18.7098,4.0,1.2,11.217,0
4.0,1.8,18.9181,4.0,1.8,11.2433,0
5.0,0.06,23.3459,5.0,0.06,13.8552,0
4.846376887169134,0.9245472913814257,23.591739552772165,5.413211162095883,0.1273242574779001,14.798231629613761,1
5.0,0.48,23.6425,5.0,0.48,13.9556,0
5.0,0.9,23.6761,5.0,0.9,14.0067,0
5.0,1.2,23.5736,5.0,1.2,14.0855,0
5.0,1.8,23.6442,5.0,1.8,13.9566,0
0.1,0.06,0.476871,0.1,0.06,0.002389,0
0.1,0.24,0.473367,0.1,0.24,0.005221,0
0.1,0.48,0.475993,0.1,0.48,0.009045,0
0.1,0.9,0.504957,0.1,0.9,0.012966,0
0.1,1.2,0.630555,0.1,1.2,0.007726,0
0.1,1.8,0.531583,0.1,1.8,0.02926,0
0.5,0.06,2.35129,0.5,0.06,0.002306,0
3.0,1.8,0.065778,3.0,1.8,0.078245,1
0.5,0.48,2.36979,0.5,0.48,0.008526,0
0.5,0.9,2.36425,0.5,0.9,0.013591,0
0.5,1.2,2.34627,0.5,1.2,0.007831,0
0.5,1.8,2.35579,0.5,1.8,0.027659,0
1.2,0.06,5.70809,1.2,0.06,0.002328,0
1.2,0.24,5.62573,1.2,0.24,0.005062,0
1.2,0.48,5.64143,1.2,0.48,0.008606,0
1.2,0.9,5.6007,1.2,0.9,0.013401,0
1.2,1.2,5.65893,1.2,1.2,0.007816,0
1.2,1.8,5.63771,1.2,1.8,0.030526,0
3.0,0.06,14.0587,3.0,0.06,0.001802,0
3.0,0.24,14.0723,3.0,0.24,0.004854,0
3.0,0.48,13.9727,3.0,0.48,0.008598,0
3.0,0.9,13.9699,3.0,0.9,0.012869,0
3.0,1.2,14.2777,3.0,1.2,0.007473,0
3.0,1.8,14.0712,3.0,1.8,0.030119,0
4.0,0.06,18.8674,4.0,0.06,0.001746,0
4.0,0.24,18.6345,4.0,0.24,0.004344,0
4.0,0.48,18.7445,4.0,0.48,0.007847,0
4.0,0.9,18.8267,4.0,0.9,0.012688,0
4.0,1.2,18.7098,4.0,1.2,0.007499,0
4.0,1.8,18.9181,4.0,1.8,0.029899,0
5.0,0.06,23.3459,5.0,0.06,0.001427,0
5.0,0.24,23.6411,5.0,0.24,0.004226,0
5.0,0.48,23.6425,5.0,0.48,0.007646,0
5.0,0.9,23.6761,5.0,0.9,0.012612,0
5.0,1.2,23.5736,5.0,1.2,0.007205,0
5.0,1.8,23.6442,5.0,1.8,0.02969,0
0.1,0.06,0.476871,0.1,0.06,0.004788,0
0.1,0.24,0.473367,0.1,0.24,0.007715,0
0.1,0.48,0.475993,0.1,0.48,0.007859,0
0.1,0.9,0.504957,0.1,0.9,0.014656,0
0.1,1.2,0.630555,0.1,1.2,0.022474,0
0.1,1.8,0.531583,0.1,1.8,0.030539,0
0.5,0.06,2.35129,0.5,0.06,0.004607,0
0.5,0.24,2.3867,0.5,0.24,0.007443,0
0.5,0.48,2.36979,0.5,0.48,0.008067,0
0.5,0.9,2.36425,0.5,0.9,0.014586,0
0.5,1.2,2.34627,0.5,1.2,0.015175,0
0.5,1.8,2.35579,0.5,1.8,0.030588,0
1.2,0.06,5.70809,1.2,0.06,0.004499,0
1.2,0.24,5.62573,1.2,0.24,0.007951,0
1.2,0.48,5.64143,1.2,0.48,0.00815,0
1.2,0.9,5.6007,1.2,0.9,0.014853,0
1.2,1.2,5.65893,1.2,1.2,0.015239,0
1.2,1.8,5.63771,1.2,1.8,0.029472,0
3.0,0.06,14.0587,3.0,0.06,0.004564,0
3.0,0.24,14.0723,3.0,0.24,0.008287,0
3.0,0.48,13.9727,3.0,0.48,0.008312,0
3.0,0.9,13.9699,3.0,0.9,0.014998,0
3.0,1.2,14.2777,3.0,1.2,0.01618,0
3.0,1.8,14.0712,3.0,1.8,0.02965,0
4.0,0.06,18.8674,4.0,0.06,0.005953,0
4.0,0.24,18.6345,4.0,0.24,0.008601,0
4.0,0.48,18.7445,4.0,0.48,0.008569,0
4.0,0.9,18.8267,4.0,0.9,0.015142,0
4.0,1.2,18.7098,4.0,1.2,0.01655,0
4.0,1.8,18.9181,4.0,1.8,0.029879,0
5.0,0.06,23.3459,5.0,0.06,0.004688,0
5.0,0.24,23.6411,5.0,0.24,0.008097,0
5.0,0.48,23.6425,5.0,0.48,0.008804,0
5.0,0.9,23.6761,5.0,0.9,0.01517,0
5.0,1.2,23.5736,5.0,1.2,0.016526,0
5.0,1.8,23.6442,5.0,1.8,0.03012,0
0.1,0.06,0.243741,0.1,0.06,0.283695,0
0.1,0.24,0.257708,0.1,0.24,0.281355,0
0.1,0.48,0.222485,0.1,0.48,0.318021,0
0.1,0.9,0.231974,0.1,0.9,0.388909,0
0.1,1.2,0.311744,0.1,1.2,0.341945,0
0.1,1.8,0.305213,0.1,1.8,0.453034,0
0.5,0.06,1.06165,0.5,0.06,1.41982,0
0.5,0.24,1.07659,0.5,0.24,1.44677,0
0.5,0.48,1.04194,0.5,0.48,1.43232,0
13.107159378934742,7.616368253643206,68.40355942920789,12.480865217001412,5.477163256410553,44.52266982989153,1
0.5,1.2,0.98508,0.5,1.2,1.39394,0
0.5,1.8,1.13394,0.5,1.8,1.38602,0
1.2,0.06,2.49138,1.2,0.06,3.3714,0
1.2,0.24,2.49295,1.2,0.24,3.48455,0
1.2,0.48,2.45505,1.2,0.48,3.45041,0
1.2,0.9,2.47946,1.2,0.9,3.38992,0
1.2,1.2,2.41401,1.2,1.2,3.37869,0
1.2,1.8,2.55695,1.2,1.8,3.41352,0
3.0,0.06,6.15018,3.0,0.06,8.36103,0
3.0,0.24,6.2209,3.0,0.24,8.43369,0
3.0,0.48,6.17841,3.0,0.48,8.43116,0
3.1803778773319173,0.9361441735624347,6.395103013787564,2.886736263808581,0.6847861505996421,9.47308650549085,1
3.0,1.2,6.06547,3.0,1.2,8.48473,0
3.0,1.8,6.25419,3.0,1.8,8.4046,0
4.0,0.06,8.16855,4.0,0.06,11.1212,0
4.0,0.24,8.1984,4.0,0.24,11.364,0
4.0,0.48,8.14753,4.0,0.48,11.2122,0
4.0,0.9,8.2224,4.0,0.9,11.2474,0
4.0,1.2,8.15819,4.0,1.2,11.217,0
4.0,1.8,8.24322,4.0,1.8,11.2433,0
5.0,0.06,10.2214,5.0,0.06,13.8552,0
5.0,0.24,10.3063,5.0,0.24,13.9649,0
5.0,0.48,10.2584,5.0,0.48,13.9556,0
5.0,0.9,10.2014,5.0,0.9,14.0067,0
5.0,1.2,10.1443,5.0,1.2,14.0855,0
5.0,1.8,10.3637,5.0,1.8,13.9566,0
0.1,0.06,0.243741,0.1,0.06,0.002389,0
0.1,0.24,0.257708,0.1,0.24,0.005221,0
0.1,0.48,0.222485,0.1,0.48,0.009045,0
0.1,0.9,0.231974,0.1,0.9,0.012966,0
0.1,1.2,0.311744,0.1,1.2,0.007726,0
0.1,1.8,0.305213,0.1,1.8,0.02926,0
0.5,0.06,1.06165,0.5,0.06,0.002306,0
0.5,0.24,1.07659,0.5,0.24,0.005015,0
0.5,0.48,1.04194,0.5,0.48,0.008526,0
0.5,0.9,1.04097,0.5,0.9,0.013591,0
0.5,1.2,0.98508,0.5,1.2,0.007831,0
0.5,1.8,1.13394,0.5,1.8,0.027659,0
1.2,0.06,2.49138,1.2,0.06,0.002328,0
1.2,0.24,2.49295,1.2,0.24,0.005062,0
1.2,0.48,2.45505,1.2,0.48,0.008606,0
1.2,0.9,2.47946,1.2,0.9,0.013401,0
1.2,1.2,2.41401,1.2,1.2,0.007816,0
1.2,1.8,2.55695,1.2,1.8,0.030526,0
3.0,0.06,6.15018,3.0,0.06,0.001802,0
3.0,0.24,6.2209,3.0,0.24,0.004854,0
3.0,0.48,6.17841,3.0,0.48,0.008598,0
3.0,0.9,6.11719,3.0,0.9,0.012869,0
3.0,1.2,6.06547,3.0,1.2,0.007473,0
3.0,1.8,6.25419,3.0,1.8,0.030119,0
4.0,0.06,8.16855,4.0,0.06,0.001746,0
4.0,0.24,8.1984,4.0,0.24,0.004344,0
4.0,0.48,8.14753,4.0,0.48,0.007847,0
4.0,0.9,8.2224,4.0,0.9,0.012688,0
4.0,1.2,8.15819,4.0,1.2,0.007499,0
3.405529440973326,2.0208803248247396,8.331021774902187,3.924024438264007,2.2046293140616493,0.646063302607332,1
5.0,0.06,10.2214,5.0,0.06,0.001427,0
5.0,0.24,10.3063,5.0,0.24,0.004226,0
5.0,0.48,10.2584,5.0,0.48,0.007646,0
5.0,0.9,10.2014,5.0,0.9,0.012612,0
5.0,1.2,10.1443,5.0,1.2,0.007205,0
5.0,1.8,10.3637,5.0,1.8,0.02969,0
0.1,0.06,0.243741,0.1,0.06,0.004788,0
0.1,0.24,0.257708,0.1,0.24,0.007715,0
0.1,0.48,0.222485,0.1,0.48,0.007859,0
0.1,0.9,0.231974,0.1,0.9,0.014656,0
0.1,1.2,0.311744,0.1,1.2,0.022474,0
0.1,1.8,0.305213,0.1,1.8,0.030539,0
0.5,0.06,1.06165,0.5,0.06,0.004607,0
0.5,0.24,1.07659,0.5,0.24,0.007443,0
0.5,0.48,1.04194,0.5,0.48,0.008067,0
0.5,0.9,1.04097,0.5,0.9,0.014586,0
0.5,1.2,0.98508,0.5,1.2,0.015175,0
0.5,1.8,1.13394,0.5,1.8,0.030588,0
1.2,0.06,2.49138,1.2,0.06,0.004499,0
1.2,0.24,2.49295,1.2,0.24,0.007951,0
1.2,0.48,2.45505,1.2,0.48,0.00815,0
1.2,0.9,2.47946,1.2,0.9,0.014853,0
1.2,1.2,2.41401,1.2,1.2,0.015239,0
8.752194755995799,4.673810156993199,43.17430614607873,11.150083664386095,5.534079253921073,49.05497822793703,1
3.0,0.06,6.15018,3.0,0.06,0.004564,0
3.0,0.24,6.2209,3.0,0.24,0.008287,0
3.0,0.48,6.17841,3.0,0.48,0.008312,0
3.0,0.9,6.11719,3.0,0.9,0.014998,0
3.0,1.2,6.06547,3.0,1.2,0.01618,0
3.0,1.8,6.25419,3.0,1.8,0.02965,0
4.0,0.06,8.16855,4.0,0.06,0.005953,0
4.0,0.24,8.1984,4.0,0.24,0.008601,0
4.0,0.48,8.14753,4.0,0.48,0.008569,0
4.0,0.9,8.2224,4.0,0.9,0.015142,0
4.0,1.2,8.15819,4.0,1.2,0.01655,0
4.0,1.8,8.24322,4.0,1.8,0.029879,0
5.0,0.06,10.2214,5.0,0.06,0.004688,0
5.0,0.24,10.3063,5.0,0.24,0.008097,0
5.0,0.48,10.2584,5.0,0.48,0.008804,0
5.0,0.9,10.2014,5.0,0.9,0.01517,0
5.0,1.2,10.1443,5.0,1.2,0.016526,0
5.0,1.8,10.3637,5.0,1.8,0.03012,0
0.1,0.06,0.283695,0.1,0.06,0.002389,0
0.1,0.24,0.281355,0.1,0.24,0.005221,0
0.1,0.48,0.318021,0.1,0.48,0.009045,0
0.1,0.9,0.388909,0.1,0.9,0.012966,0
0.1,1.2,0.341945,0.1,1.2,0.007726,0
0.1,1.8,0.453034,0.1,1.8,0.02926,0
0.5,0.06,1.41982,0.5,0.06,0.002306,0
0.5,0.24,1.44677,0.5,0.24,0.005015,0
0.5,0.48,1.43232,0.5,0.48,0.008526,0
0.5,0.9,1.39455,0.5,0.9,0.013591,0
0.5,1.2,1.39394,0.5,1.2,0.007831,0
0.5,1.8,1.38602,0.5,1.8,0.027659,0
5.0,0.9,23.6473,5.0,0.9,0.00498,1
1.2,0.24,3.48455,1.2,0.24,0.005062,0
1.2,0.48,3.45041,1.2,0.48,0.008606,0
1.2,0.9,3.38992,1.2,0.9,0.013401,0
1.2,1.2,3.37869,1.2,1.2,0.007816,0
1.2,1.8,3.41352,1.2,1.8,0.030526,0
3.0,0.06,8.36103,3.0,0.06,0.001802,0
3.0,0.24,8.43369,3.0,0.24,0.004854,0
3.0,0.48,8.43116,3.0,0.48,0.008598,0
3.0,0.9,8.46885,3.0,0.9,0.012869,0
3.0,1.2,8.48473,3.0,1.2,0.007473,0
3.0,1.8,8.4046,3.0,1.8,0.030119,0
4.0,0.06,11.1212,4.0,0.06,0.001746,0
4.0,0.24,11.364,4.0,0.24,0.004344,0
4.0,0.48,11.2122,4.0,0.48,0.007847,0
4.0,0.9,11.2474,4.0,0.9,0.012688,0
4.0,1.2,11.217,4.0,1.2,0.007499,0
4.0,1.8,11.2433,4.0,1.8,0.029899,0
5.0,0.06,13.8552,5.0,0.06,0.001427,0
5.0,0.24,13.9649,5.0,0.24,0.004226,0
5.0,0.48,13.9556,5.0,0.48,0.007646,0
5.0,0.9,14.0067,5.0,0.9,0.012612,0
5.0,1.2,14.0855,5.0,1.2,0.007205,0
11.661509781527633,6.924417538149495,62.78756484956814,9.415200582712831,6.706996713365004,40.763782465909465,1
0.1,0.06,0.283695,0.1,0.06,0.004788,0
0.1,0.24,0.281355,0.1,0.24,0.007715,0
0.1,0.48,0.318021,0.1,0.48,0.007859,0
0.1,0.9,0.388909,0.1,0.9,0.014656,0
0.1,1.2,0.341945,0.1,1.2,0.022474,0
0.1,1.8,0.453034,0.1,1.8,0.030539,0
0.5,0.06,1.41982,0.5,0.06,0.004607,0
0.5,0.24,1.44677,0.5,0.24,0.007443,0
0.5,0.48,1.43232,0.5,0.48,0.008067,0
0.5,0.9,1.39455,0.5,0.9,0.014586,0
0.5,1.2,1.39394,0.5,1.2,0.015175,0
0.5,1.8,1.38602,0.5,1.8,0.030588,0
1.2,0.06,3.3714,1.2,0.06,0.004499,0
1.2,0.24,3.48455,1.2,0.24,0.007951,0
1.2,0.48,3.45041,1.2,0.48,0.00815,0
1.2,0.9,3.38992,1.2,0.9,0.014853,0
1.2,1.2,3.37869,1.2,1.2,0.015239,0
1.2,1.8,3.41352,1.2,1.8,0.029472,0
3.0,0.06,8.36103,3.0,0.06,0.004564,0
3.0,0.24,8.43369,3.0,0.24,0.008287,0
3.0,0.48,8.43116,3.0,0.48,0.008312,0
3.0,0.9,8.46885,3.0,0.9,0.014998,0
3.0,1.2,8.48473,3.0,1.2,0.01618,0
3.0,1.8,8.4046,3.0,1.8,0.02965,0
4.0,0.06,11.1212,4.0,0.06,0.005953,0
4.0,0.24,11.364,4.0,0.24,0.008601,0
4.0,0.48,11.2122,4.0,0.48,0.008569,0
4.0,0.9,11.2474,4.0,0.9,0.015142,0
4.0,1.2,11.217,4.0,1.2,0.01655,0
4.0,1.8,11.2433,4.0,1.8,0.029879,0
5.00325,1.2,9.0375,5.00325,1.2,0.016784,1
5.0,0.24,13.9649,5.0,0.24,0.008097,0
5.0,0.48,13.9556,5.0,0.48,0.008804,0
5.0,0.9,14.0067,5.0,0.9,0.01517,0
5.0,1.2,14.0855,5.0,1.2,0.016526,0
5.0,1.8,13.9566,5.0,1.8,0.03012,0
0.1,0.06,0.002389,0.1,0.06,0.004788,0
0.1,0.24,0.005221,0.1,0.24,0.007715,0
0.1,0.48,0.009045,0.1,0.48,0.007859,0
0.1,0.9,0.012966,0.1,0.9,0.014656,0
0.1,1.2,0.007726,0.1,1.2,0.022474,0
0.1,1.8,0.02926,0.1,1.8,0.030539,0
0.5,0.06,0.002306,0.5,0.06,0.004607,0
0.5,0.24,0.005015,0.5,0.24,0.007443,0
0.5,0.48,0.008526,0.5,0.48,0.008067,0
0.5,0.9,0.013591,0.5,0.9,0.014586,0
0.5344530665604861,1.1336979608797515,0.5963313183951686,-0.15623365172427495,1.468194609423788,-0.8203985823976744,1
0.5,1.8,0.027659,0.5,1.8,0.030588,0
1.2,0.06,0.002328,1.2,0.06,0.004499,0
15.832125843507619,6.172904149268136,64.74648704832582,11.096307365692693,7.116981308773987,68.60852768123819,1
1.2,0.48,0.008606,1.2,0.48,0.00815,0
1.2,0.9,0.013401,1.2,0.9,0.014853,0
0.5612816980773286,1.7782908257971197,0.6426226312999215,0.5774247120199572,1.8788098165250697,-0.05655179435606719,1
1.2,1.8,0.030526,1.2,1.8,0.029472,0
3.0,0.06,0.001802,3.0,0.06,0.004564,0
3.0,0.24,0.004854,3.0,0.24,0.008287,0
3.0,0.48,0.008598,3.0,0.48,0.008312,0
3.0,0.9,0.012869,3.0,0.9,0.014998,0
3.0,1.2,0.007473,3.0,1.2,0.01618,0
3.0,1.8,0.030119,3.0,1.8,0.02965,0
4.0,0.06,0.001746,4.0,0.06,0.005953,0
4.0,0.24,0.004344,4.0,0.24,0.008601,0
4.0,0.48,0.007847,4.0,0.48,0.008569,0
4.0,0.9,0.012688,4.0,0.9,0.015142,0
4.0,1.2,0.007499,4.0,1.2,0.01655,0
4.0,1.8,0.029899,4.0,1.8,0.029879,0
5.0,0.06,0.001427,5.0,0.06,0.004688,0
5.0,0.24,0.004226,5.0,0.24,0.008097,0
5.0,0.48,0.007646,5.0,0.48,0.008804,0
5.0,0.9,0.012612,5.0,0.9,0.01517,0
5.0,1.2,0.007205,5.0,1.2,0.016526,0
5.0,1.8,0.02969,5.0,1.8,0.03012,0
0.103178,0.06,0.356689,0.103178,0.06,0.505032,0
0.103178,0.24,0.35351,0.103178,0.24,0.492026,0
0.103178,0.48,0.299678,0.103178,0.48,0.495125,0
0.103178,0.9,0.292022,0.103178,0.9,0.505378,0
0.103178,1.2,0.344985,0.103178,1.2,0.528904,0
0.103178,1.8,0.325822,0.103178,1.8,0.536338,0
0.503178,0.06,1.66918,0.503178,0.06,2.4259,0
0.503178,0.24,1.6778,0.503178,0.24,2.49583,0
0.503178,0.48,1.60089,0.503178,0.48,2.41778,0
0.503178,0.9,1.58255,0.503178,0.9,2.39404,0
0.503178,1.2,1.61688,0.503178,1.2,2.36587,0
0.503178,1.8,1.38075,0.503178,1.8,2.37135,0
1.20318,0.06,3.96872,1.20318,0.06,5.6954,0
1.20318,0.24,3.90938,1.20318,0.24,5.70993,0
1.20318,0.48,3.93256,1.20318,0.48,5.68287,0
1.20318,0.9,3.8645,1.20318,0.9,5.69905,0
1.20318,1.2,3.93541,1.20318,1.2,5.71207,0
1.20318,1.8,3.66373,1.20318,1.8,5.67225,0
3.00318,0.06,9.7318,3.00318,0.06,14.1965,0
3.00318,0.24,9.70757,3.00318,0.24,14.195,0
3.00318,0.48,9.68712,3.00318,0.48,14.2096,0
3.00318,0.9,9.68658,3.00318,0.9,14.2015,0
3.00318,1.2,9.66874,3.00318,1.2,14.2396,0
3.00318,1.8,9.5514,3.00318,1.8,14.3176,0
4.00318,0.06,12.9393,4.00318,0.06,18.7955,0
4.00318,0.24,13.1653,4.00318,0.24,18.9865,0
4.00318,0.48,13.0947,4.00318,0.48,18.9567,0
4.00318,0.9,13.0739,4.00318,0.9,18.922,0
4.00318,1.2,13.1339,4.00318,1.2,18.9504,0
4.00318,1.8,12.8487,4.00318,1.8,18.8835,0
5.00318,0.06,16.2648,5.00318,0.06,23.4523,0
5.00318,0.24,16.221,5.00318,0.24,23.5872,0
5.00318,0.48,16.2061,5.00318,0.48,23.5555,0
5.00318,0.9,16.2054,5.00318,0.9,23.5544,0
5.00318,1.2,16.1994,5.00318,1.2,23.5132,0
5.00318,1.8,16.0298,5.00318,1.8,23.5694,0
0.103178,0.06,0.356689,0.103246,0.06,0.195231,0
0.103178,0.24,0.35351,0.103246,0.24,0.239912,0
0.103178,0.48,0.299678,0.103246,0.48,0.286316,0
0.103178,0.9,0.292022,0.103246,0.9,0.338742,0
0.103178,1.2,0.344985,0.103246,1.2,0.338449,0
0.103178,1.8,0.325822,0.103246,1.8,0.25976,0
0.503178,0.06,1.66918,0.503246,0.06,0.906194,0
0.503178,0.24,1.6778,0.503246,0.24,0.948046,0
0.503178,0.48,1.60089,0.503246,0.48,0.987185,0
0.503178,0.9,1.58255,0.503246,0.9,1.10414,0
0.503178,1.2,1.61688,0.503246,1.2,1.17838,0
0.503178,1.8,1.38075,0.503246,1.8,1.29135,0
1.20318,0.06,3.96872,1.20325,0.06,2.13441,0
1.20318,0.24,3.90938,1.20325,0.24,2.17002,0
1.20318,0.48,3.93256,1.20325,0.48,2.21517,0
1.20318,0.9,3.8645,1.20325,0.9,2.32045,0
1.20318,1.2,3.93541,1.20325,1.2,2.37727,0
1.20318,1.8,3.66373,1.20325,1.8,2.49493,0
3.00318,0.06,9.7318,3.00325,0.06,5.28908,0
3.00318,0.24,9.70757,3.00325,0.24,5.32949,0
3.00318,0.48,9.68712,3.00325,0.48,5.29347,0
3.00318,0.9,9.68658,3.00325,0.9,5.44834,0
3.00318,1.2,9.66874,3.00325,1.2,5.54773,0
3.00318,1.8,9.5514,3.00325,1.8,5.64832,0
4.00318,0.06,12.9393,4.00325,0.06,7.05909,0
4.00318,0.24,13.1653,4.00325,0.24,7.02433,0
4.00318,0.48,13.0947,4.00325,0.48,7.12311,0
4.00318,0.9,13.0739,4.00325,0.9,7.15315,0
4.00318,1.2,13.1339,4.00325,1.2,7.20253,0
4.00318,1.8,12.8487,4.00325,1.8,7.30617,0
5.00318,0.06,16.2648,5.00325,0.06,8.65815,0
5.00318,0.24,16.221,5.00325,0.24,8.68996,0
5.00318,0.48,16.2061,5.00325,0.48,8.77989,0
5.00318,0.9,16.2054,5.00325,0.9,8.97165,0
5.00318,1.2,16.1994,5.00325,1.2,9.0375,0
5.00318,1.8,16.0298,5.00325,1.8,9.19168,0
0.103178,0.06,0.356689,0.103246,0.06,0.251988,0
0.103178,0.24,0.35351,0.103246,0.24,0.261431,0
0.103178,0.48,0.299678,0.103246,0.48,0.343735,0
0.103178,0.9,0.292022,0.103246,0.9,0.4489,0
0.103178,1.2,0.344985,0.103246,1.2,0.59529,0
0.103178,1.8,0.325822,0.103246,1.8,0.836313,0
0.503178,0.06,1.66918,0.503246,0.06,1.26154,0
0.503178,0.24,1.6778,0.503246,0.24,1.24664,0
0.503178,0.48,1.60089,0.503246,0.48,1.23455,0
0.503178,0.9,1.58255,0.503246,0.9,1.21683,0
0.503178,1.2,1.61688,0.503246,1.2,1.28578,0
0.503178,1.8,1.38075,0.503246,1.8,1.4429,0
1.20318,0.06,3.96872,1.20325,0.06,2.97352,0
1.20318,0.24,3.90938,1.20325,0.24,2.97828,0
1.20318,0.48,3.93256,1.20325,0.48,2.87303,0
1.20318,0.9,3.8645,1.20325,0.9,2.92147,0
1.20318,1.2,3.93541,1.20325,1.2,2.89009,0
1.20318,1.8,3.66373,1.20325,1.8,2.89514,0
3.00318,0.06,9.7318,3.00325,0.06,7.48509,0
3.00318,0.24,9.70757,3.00325,0.24,7.34969,0
3.00318,0.48,9.68712,3.00325,0.48,7.19145,0
3.00318,0.9,9.68658,3.00325,0.9,7.10986,0
3.00318,1.2,9.66874,3.00325,1.2,7.13603,0
3.00318,1.8,9.5514,3.00325,1.8,7.11613,0
4.00318,0.06,12.9393,4.00325,0.06,9.47752,0
4.00318,0.24,13.1653,4.00325,0.24,9.47261,0
4.00318,0.48,13.0947,4.00325,0.48,9.55829,0
4.00318,0.9,13.0739,4.00325,0.9,9.65283,0
4.00318,1.2,13.1339,4.00325,1.2,9.54092,0
4.00318,1.8,12.8487,4.00325,1.8,9.61964,0
5.00318,0.06,16.2648,5.00325,0.06,11.9126,0
5.00318,0.24,16.221,5.00325,0.24,12.2933,0
5.00318,0.48,16.2061,5.00325,0.48,11.879,0
5.00318,0.9,16.2054,5.00325,0.9,11.8292,0
5.00318,1.2,16.1994,5.00325,1.2,11.9455,0
5.00318,1.8,16.0298,5.00325,1.8,11.9347,0
0.103178,0.06,0.356689,0.103178,0.06,0.004836,0
0.103178,0.24,0.35351,0.103178,0.24,0.007065,0
0.103178,0.48,0.299678,0.103178,0.48,0.00816,0
0.103178,0.9,0.292022,0.103178,0.9,0.013975,0
0.103178,1.2,0.344985,0.103178,1.2,0.01849,0
0.103178,1.8,0.325822,0.103178,1.8,0.026407,0
0.503178,0.06,1.66918,0.503178,0.06,0.005355,0
0.503178,0.24,1.6778,0.503178,0.24,0.008039,0
0.503178,0.48,1.60089,0.503178,0.48,0.009268,0
0.503178,0.9,1.58255,0.503178,0.9,0.014966,0
0.503178,1.2,1.61688,0.503178,1.2,0.01959,0
0.503178,1.8,1.38075,0.503178,1.8,0.02546,0
1.20318,0.06,3.96872,1.20318,0.06,0.006128,0
1.20318,0.24,3.90938,1.20318,0.24,0.008797,0
1.20318,0.48,3.93256,1.20318,0.48,0.010239,0
1.20318,0.9,3.8645,1.20318,0.9,0.015814,0
11.956283855555725,6.642592706829149,71.83267939057632,16.822878770781898,5.6931047272676985,72.07120092994238,1
1.20318,1.8,3.66373,1.20318,1.8,0.026923,0
3.00318,0.06,9.7318,3.00318,0.06,0.007898,0
3.00318,0.24,9.70757,3.00318,0.24,0.010485,0
3.00318,0.48,9.68712,3.00318,0.48,0.01231,0
3.00318,0.9,9.68658,3.00318,0.9,0.018189,0
3.00318,1.2,9.66874,3.00318,1.2,0.022929,0
3.00318,1.8,9.5514,3.00318,1.8,0.029182,0
4.00318,0.06,12.9393,4.00318,0.06,0.0095,0
4.00318,0.24,13.1653,4.00318,0.24,0.012365,0
4.00318,0.48,13.0947,4.00318,0.48,0.014031,0
4.00318,0.9,13.0739,4.00318,0.9,0.019018,0
4.00318,1.2,13.1339,4.00318,1.2,0.02362,0
4.00318,1.8,12.8487,4.00318,1.8,0.030072,0
5.00318,0.06,16.2648,5.00318,0.06,0.011055,0
5.00318,0.24,16.221,5.00318,0.24,0.013031,0
5.00318,0.48,16.2061,5.00318,0.48,0.014882,0
5.00318,0.9,16.2054,5.00318,0.9,0.020461,0
5.00318,1.2,16.1994,5.00318,1.2,0.025195,0
5.00318,1.8,16.0298,5.00318,1.8,0.031544,0
0.103178,0.06,0.356689,0.103246,0.06,0.00421,0
0.103178,0.24,0.35351,0.103246,0.24,0.006163,0
0.103178,0.48,0.299678,0.103246,0.48,0.004587,0
0.103178,0.9,0.292022,0.103246,0.9,0.013624,0
0.103178,1.2,0.344985,0.103246,1.2,0.015576,0
0.103178,1.8,0.325822,0.103246,1.8,0.019371,0
0.503178,0.06,1.66918,0.503246,0.06,0.00476,0
0.503178,0.24,1.6778,0.503246,0.24,0.007016,0
0.503178,0.48,1.60089,0.503246,0.48,0.005466,0
0.503178,0.9,1.58255,0.503246,0.9,0.014058,0
0.503178,1.2,1.61688,0.503246,1.2,0.016062,0
0.503178,1.8,1.38075,0.503246,1.8,0.016305,0
1.20318,0.06,3.96872,1.20325,0.06,0.00438,0
1.20318,0.24,3.90938,1.20325,0.24,0.007011,0
1.20318,0.48,3.93256,1.20325,0.48,0.005605,0
1.20318,0.9,3.8645,1.20325,0.9,0.014494,0
1.20318,1.2,3.93541,1.20325,1.2,0.016559,0
1.20318,1.8,3.66373,1.20325,1.8,0.016844,0
3.00318,0.06,9.7318,3.00325,0.06,0.004257,0
3.00318,0.24,9.70757,3.00325,0.24,0.007066,0
3.00318,0.48,9.68712,3.00325,0.48,0.005771,0
3.00318,0.9,9.68658,3.00325,0.9,0.014444,0
3.00318,1.2,9.66874,3.00325,1.2,0.016695,0
3.00318,1.8,9.5514,3.00325,1.8,0.017196,0
4.00318,0.06,12.9393,4.00325,0.06,0.004449,0
4.00318,0.24,13.1653,4.00325,0.24,0.006858,0
4.00318,0.48,13.0947,4.00325,0.48,0.005705,0
4.00318,0.9,13.0739,4.00325,0.9,0.014532,0
4.00318,1.2,13.1339,4.00325,1.2,0.01682,0
4.00318,1.8,12.8487,4.00325,1.8,0.017262,0
5.00318,0.06,16.2648,5.00325,0.06,0.004571,0
5.00318,0.24,16.221,5.00325,0.24,0.006874,0
5.00318,0.48,16.2061,5.00325,0.48,0.005614,0
5.00318,0.9,16.2054,5.00325,0.9,0.014447,0
5.00318,1.2,16.1994,5.00325,1.2,0.016784,0
5.00318,1.8,16.0298,5.00325,1.8,0.017264,0
0.103178,0.06,0.505032,0.103246,0.06,0.195231,0
0.103178,0.24,0.492026,0.103246,0.24,0.239912,0
0.103178,0.48,0.495125,0.103246,0.48,0.286316,0
0.103178,0.9,0.505378,0.103246,0.9,0.338742,0
0.103178,1.2,0.528904,0.103246,1.2,0.338449,0
0.103178,1.8,0.536338,0.103246,1.8,0.25976,0
0.503178,0.06,2.4259,0.503246,0.06,0.906194,0
0.503178,0.24,2.49583,0.503246,0.24,0.948046,0
0.503178,0.48,2.41778,0.503246,0.48,0.987185,0
0.503178,0.9,2.39404,0.503246,0.9,1.10414,0
0.503178,1.2,2.36587,0.503246,1.2,1.17838,0
0.503178,1.8,2.37135,0.503246,1.8,1.29135,0
1.20318,0.06,5.6954,1.20325,0.06,2.13441,0
1.20318,0.24,5.70993,1.20325,0.24,2.17002,0
1.20318,0.48,5.68287,1.20325,0.48,2.21517,0
1.20318,0.9,5.69905,1.20325,0.9,2.32045,0
1.20318,1.2,5.71207,1.20325,1.2,2.37727,0
1.20318,1.8,5.67225,1.20325,1.8,2.49493,0
3.00318,0.06,14.1965,3.00325,0.06,5.28908,0
3.00318,0.24,14.195,3.00325,0.24,5.32949,0
3.00318,0.48,14.2096,3.00325,0.48,5.29347,0
3.00318,0.9,14.2015,3.00325,0.9,5.44834,0
3.00318,1.2,14.2396,3.00325,1.2,5.54773,0
3.00318,1.8,14.3176,3.00325,1.8,5.64832,0
4.00318,0.06,18.7955,4.00325,0.06,7.05909,0
4.00318,0.24,18.9865,4.00325,0.24,7.02433,0
4.00318,0.48,18.9567,4.00325,0.48,7.12311,0
4.00318,0.9,18.922,4.00325,0.9,7.15315,0
4.00318,1.2,18.9504,4.00325,1.2,7.20253,0
4.00318,1.8,18.8835,4.00325,1.8,7.30617,0
5.00318,0.06,23.4523,5.00325,0.06,8.65815,0
5.00318,0.24,23.5872,5.00325,0.24,8.68996,0
5.00318,0.48,23.5555,5.00325,0.48,8.77989,0
5.00318,0.9,23.5544,5.00325,0.9,8.97165,0
5.00318,1.2,23.5132,5.00325,1.2,9.0375,0
5.00318,1.8,23.5694,5.00325,1.8,9.19168,0
0.103178,0.06,0.505032,0.103246,0.06,0.251988,0
0.103178,0.24,0.492026,0.103246,0.24,0.261431,0
0.103178,0.48,0.495125,0.103246,0.48,0.343735,0
0.103178,0.9,0.505378,0.103246,0.9,0.4489,0
0.103178,1.2,0.528904,0.103246,1.2,0.59529,0
0.103178,1.8,0.536338,0.103246,1.8,0.836313,0
0.503178,0.06,2.4259,0.503246,0.06,1.26154,0
0.503178,0.24,2.49583,0.503246,0.24,1.24664,0
0.503178,0.48,2.41778,0.503246,0.48,1.23455,0
0.503178,0.9,2.39404,0.503246,0.9,1.21683,0
0.503178,1.2,2.36587,0.503246,1.2,1.28578,0
0.503178,1.8,2.37135,0.503246,1.8,1.4429,0
1.20318,0.06,5.6954,1.20325,0.06,2.97352,0
1.20318,0.24,5.70993,1.20325,0.24,2.97828,0
1.20318,0.48,5.68287,1.20325,0.48,2.87303,0
1.20318,0.9,5.69905,1.20325,0.9,2.92147,0
1.20318,1.2,5.71207,1.20325,1.2,2.89009,0
1.20318,1.8,5.67225,1.20325,1.8,2.89514,0
3.00318,0.06,14.1965,3.00325,0.06,7.48509,0
3.00318,0.24,14.195,3.00325,0.24,7.34969,0
3.00318,0.48,14.2096,3.00325,0.48,7.19145,0
2.4898672585579105,0.6709315050791402,14.15392593846134,2.8090100466142593,0.7919992892134433,7.276842574838096,1
3.00318,1.2,14.2396,3.00325,1.2,7.13603,0
3.00318,1.8,14.3176,3.00325,1.8,7.11613,0
4.00318,0.06,18.7955,4.00325,0.06,9.47752,0
4.00318,0.24,18.9865,4.00325,0.24,9.47261,0
4.00318,0.48,18.9567,4.00325,0.48,9.55829,0
4.00318,0.9,18.922,4.00325,0.9,9.65283,0
4.00318,1.2,18.9504,4.00325,1.2,9.54092,0
4.00318,1.8,18.8835,4.00325,1.8,9.61964,0
5.00318,0.06,23.4523,5.00325,0.06,11.9126,0
5.00318,0.24,23.5872,5.00325,0.24,12.2933,0
5.00318,0.48,23.5555,5.00325,0.48,11.879,0
5.00318,0.9,23.5544,5.00325,0.9,11.8292,0
5.00318,1.2,23.5132,5.00325,1.2,11.9455,0
5.00318,1.8,23.5694,5.00325,1.8,11.9347,0
0.103178,0.06,0.505032,0.103178,0.06,0.004836,0
0.103178,0.24,0.492026,0.103178,0.24,0.007065,0
0.103178,0.48,0.495125,0.103178,0.48,0.00816,0
0.103178,0.9,0.505378,0.103178,0.9,0.013975,0
0.103178,1.2,0.528904,0.103178,1.2,0.01849,0
0.103178,1.8,0.536338,0.103178,1.8,0.026407,0
0.503178,0.06,2.4259,0.503178,0.06,0.005355,0
0.503178,0.24,2.49583,0.503178,0.24,0.008039,0
0.503178,0.48,2.41778,0.503178,0.48,0.009268,0
0.503178,0.9,2.39404,0.503178,0.9,0.014966,0
0.503178,1.2,2.36587,0.503178,1.2,0.01959,0
0.503178,1.8,2.37135,0.503178,1.8,0.02546,0
1.20318,0.06,5.6954,1.20318,0.06,0.006128,0
1.20318,0.24,5.70993,1.20318,0.24,0.008797,0
1.20318,0.48,5.68287,1.20318,0.48,0.010239,0
1.20318,0.9,5.69905,1.20318,0.9,0.015814,0
1.20318,1.2,5.71207,1.20318,1.2,0.020508,0
1.20318,1.8,5.67225,1.20318,1.8,0.026923,0
3.00318,0.06,14.1965,3.00318,0.06,0.007898,0
3.00318,0.24,14.195,3.00318,0.24,0.010485,0
3.00318,0.48,14.2096,3.00318,0.48,0.01231,0
3.00318,0.9,14.2015,3.00318,0.9,0.018189,0
3.00318,1.2,14.2396,3.00318,1.2,0.022929,0
3.00318,1.8,14.3176,3.00318,1.8,0.029182,0
4.00318,0.06,18.7955,4.00318,0.06,0.0095,0
4.00318,0.24,18.9865,4.00318,0.24,0.012365,0
4.00318,0.48,18.9567,4.00318,0.48,0.014031,0
4.00318,0.9,18.922,4.00318,0.9,0.019018,0
4.00318,1.2,18.9504,4.00318,1.2,0.02362,0
4.00318,1.8,18.8835,4.00318,1.8,0.030072,0
5.00318,0.06,23.4523,5.00318,0.06,0.011055,0
5.00318,0.24,23.5872,5.00318,0.24,0.013031,0
5.00318,0.48,23.5555,5.00318,0.48,0.014882,0
5.00318,0.9,23.5544,5.00318,0.9,0.020461,0
5.00318,1.2,23.5132,5.00318,1.2,0.025195,0
5.00318,1.8,23.5694,5.00318,1.8,0.031544,0
0.103178,0.06,0.505032,0.103246,0.06,0.00421,0
0.103178,0.24,0.492026,0.103246,0.24,0.006163,0
0.103178,0.48,0.495125,0.103246,0.48,0.004587,0
0.103178,0.9,0.505378,0.103246,0.9,0.013624,0
0.103178,1.2,0.528904,0.103246,1.2,0.015576,0
0.103178,1.8,0.536338,0.103246,1.8,0.019371,0
0.503178,0.06,2.4259,0.503246,0.06,0.00476,0
0.503178,0.24,2.49583,0.503246,0.24,0.007016,0
0.503178,0.48,2.41778,0.503246,0.48,0.005466,0
0.503178,0.9,2.39404,0.503246,0.9,0.014058,0
0.503178,1.2,2.36587,0.503246,1.2,0.016062,0
0.503178,1.8,2.37135,0.503246,1.8,0.016305,0
1.20318,0.06,5.6954,1.20325,0.06,0.00438,0
2.096799982302334,0.023004768892021493,6.4577158682412135,1.8424674789828575,-0.2605047722414071,0.5236059321815739,1
1.20318,0.48,5.68287,1.20325,0.48,0.005605,0
1.20318,0.9,5.69905,1.20325,0.9,0.014494,0
1.20318,1.2,5.71207,1.20325,1.2,0.016559,0
1.20318,1.8,5.67225,1.20325,1.8,0.016844,0
3.00318,0.06,14.1965,3.00325,0.06,0.004257,0
3.00318,0.24,14.195,3.00325,0.24,0.007066,0
3.00318,0.48,14.2096,3.00325,0.48,0.005771,0
3.00318,0.9,14.2015,3.00325,0.9,0.014444,0
3.00318,1.2,14.2396,3.00325,1.2,0.016695,0
3.00318,1.8,14.3176,3.00325,1.8,0.017196,0
4.00318,0.06,18.7955,4.00325,0.06,0.004449,0
4.00318,0.24,18.9865,4.00325,0.24,0.006858,0
4.00318,0.48,18.9567,4.00325,0.48,0.005705,0
4.00318,0.9,18.922,4.00325,0.9,0.014532,0
4.00318,1.2,18.9504,4.00325,1.2,0.01682,0
4.00318,1.8,18.8835,4.00325,1.8,0.017262,0
5.00318,0.06,23.4523,5.00325,0.06,0.004571,0
5.00318,0.24,23.5872,5.00325,0.24,0.006874,0
5.00318,0.48,23.5555,5.00325,0.48,0.005614,0
5.00318,0.9,23.5544,5.00325,0.9,0.014447,0
5.00318,1.2,23.5132,5.00325,1.2,0.016784,0
5.00318,1.8,23.5694,5.00325,1.8,0.017264,0
0.103246,0.06,0.195231,0.103246,0.06,0.251988,0
0.103246,0.24,0.239912,0.103246,0.24,0.261431,0
0.103246,0.48,0.286316,0.103246,0.48,0.343735,0
13.116948012829752,7.200255464570444,72.66013156712867,13.401842817545294,5.7048571671013235,42.773221522582595,1
0.103246,1.2,0.338449,0.103246,1.2,0.59529,0
0.103246,1.8,0.25976,0.103246,1.8,0.836313,0
0.6079204286673443,0.03747794099453802,0.689864243301704,0.69947400923526,-0.40308163174160416,0.6568223355204708,1
0.503246,0.24,0.948046,0.503246,0.24,1.24664,0
0.503246,0.48,0.987185,0.503246,0.48,1.23455,0
0.503246,0.9,1.10414,0.503246,0.9,1.21683,0
0.503246,1.2,1.17838,0.503246,1.2,1.28578,0
0.503246,1.8,1.29135,0.503246,1.8,1.4429,0
1.20325,0.06,2.13441,1.20325,0.06,2.97352,0
1.20325,0.24,2.17002,1.20325,0.24,2.97828,0
1.20325,0.48,2.21517,1.20325,0.48,2.87303,0
1.20325,0.9,2.32045,1.20325,0.9,2.92147,0
1.20325,1.2,2.37727,1.20325,1.2,2.89009,0
1.20325,1.8,2.49493,1.20325,1.8,2.89514,0
3.00325,0.06,5.28908,3.00325,0.06,7.48509,0
3.00325,0.24,5.32949,3.00325,0.24,7.34969,0
3.00325,0.48,5.29347,3.00325,0.48,7.19145,0
3.00325,0.9,5.44834,3.00325,0.9,7.10986,0
3.00325,1.2,5.54773,3.00325,1.2,7.13603,0
3.00325,1.8,5.64832,3.00325,1.8,7.11613,0
4.00325,0.06,7.05909,4.00325,0.06,9.47752,0
4.00325,0.24,7.02433,4.00325,0.24,9.47261,0
4.00325,0.48,7.12311,4.00325,0.48,9.55829,0
4.00325,0.9,7.15315,4.00325,0.9,9.65283,0
4.00325,1.2,7.20253,4.00325,1.2,9.54092,0
4.00325,1.8,7.30617,4.00325,1.8,9.61964,0
5.00325,0.06,8.65815,5.00325,0.06,11.9126,0
5.00325,0.24,8.68996,5.00325,0.24,12.2933,0
5.00325,0.48,8.77989,5.00325,0.48,11.879,0
5.00325,0.9,8.97165,5.00325,0.9,11.8292,0
5.00325,1.2,9.0375,5.00325,1.2,11.9455,0
5.00325,1.8,9.19168,5.00325,1.8,11.9347,0
0.103246,0.06,0.195231,0.103178,0.06,0.004836,0
0.103246,0.24,0.239912,0.103178,0.24,0.007065,0
0.103246,0.48,0.286316,0.103178,0.48,0.00816,0
0.103246,0.9,0.338742,0.103178,0.9,0.013975,0
0.103246,1.2,0.338449,0.103178,1.2,0.01849,0
0.103246,1.8,0.25976,0.103178,1.8,0.026407,0
0.503246,0.06,0.906194,0.503178,0.06,0.005355,0
0.503246,0.24,0.948046,0.503178,0.24,0.008039,0
0.503246,0.48,0.987185,0.503178,0.48,0.009268,0
0.503246,0.9,1.10414,0.503178,0.9,0.014966,0
0.503246,1.2,1.17838,0.503178,1.2,0.01959,0
0.503246,1.8,1.29135,0.503178,1.8,0.02546,0
1.20325,0.06,2.13441,1.20318,0.06,0.006128,0
1.20325,0.24,2.17002,1.20318,0.24,0.008797,0
1.20325,0.48,2.21517,1.20318,0.48,0.010239,0
1.20325,0.9,2.32045,1.20318,0.9,0.015814,0
1.20325,1.2,2.37727,1.20318,1.2,0.020508,0
1.20325,1.8,2.49493,1.20318,1.8,0.026923,0
3.00325,0.06,5.28908,3.00318,0.06,0.007898,0
3.00325,0.24,5.32949,3.00318,0.24,0.010485,0
3.00325,0.48,5.29347,3.00318,0.48,0.01231,0
3.00325,0.9,5.44834,3.00318,0.9,0.018189,0
3.00325,1.2,5.54773,3.00318,1.2,0.022929,0
3.00325,1.8,5.64832,3.00318,1.8,0.029182,0
4.00325,0.06,7.05909,4.00318,0.06,0.0095,0
4.00325,0.24,7.02433,4.00318,0.24,0.012365,0
4.00325,0.48,7.12311,4.00318,0.48,0.014031,0
3.2404187953565793,0.6015139860494423,7.56322179706153,3.7693106580707094,0.5008969618209229,0.5282867138251973,1
4.00325,1.2,7.20253,4.00318,1.2,0.02362,0
4.00325,1.8,7.30617,4.00318,1.8,0.030072,0
5.00325,0.06,8.65815,5.00318,0.06,0.011055,0
5.00325,0.24,8.68996,5.00318,0.24,0.013031,0
5.00325,0.48,8.77989,5.00318,0.48,0.014882,0
5.00325,0.9,8.97165,5.00318,0.9,0.020461,0
5.00325,1.2,9.0375,5.00318,1.2,0.025195,0
5.00325,1.8,9.19168,5.00318,1.8,0.031544,0
0.103246,0.06,0.195231,0.103246,0.06,0.00421,0
0.103246,0.24,0.239912,0.103246,0.24,0.006163,0
0.103246,0.48,0.286316,0.103246,0.48,0.004587,0
0.103246,0.9,0.338742,0.103246,0.9,0.013624,0
0.103246,1.2,0.338449,0.103246,1.2,0.015576,0
0.103246,1.8,0.25976,0.103246,1.8,0.019371,0
0.503246,0.06,0.906194,0.503246,0.06,0.00476,0
0.503246,0.24,0.948046,0.503246,0.24,0.007016,0
0.503246,0.48,0.987185,0.503246,0.48,0.005466,0
0.503246,0.9,1.10414,0.503246,0.9,0.014058,0
0.503246,1.2,1.17838,0.503246,1.2,0.016062,0
0.503246,1.8,1.29135,0.503246,1.8,0.016305,0
1.20325,0.06,2.13441,1.20325,0.06,0.00438,0
1.20325,0.24,2.17002,1.20325,0.24,0.007011,0
1.20325,0.48,2.21517,1.20325,0.48,0.005605,0
1.20325,0.9,2.32045,1.20325,0.9,0.014494,0
1.20325,1.2,2.37727,1.20325,1.2,0.016559,0
1.20325,1.8,2.49493,1.20325,1.8,0.016844,0
3.00325,0.06,5.28908,3.00325,0.06,0.004257,0
3.00325,0.24,5.32949,3.00325,0.24,0.007066,0
3.00325,0.48,5.29347,3.00325,0.48,0.005771,0
3.00325,0.9,5.44834,3.00325,0.9,0.014444,0
3.00325,1.2,5.54773,3.00325,1.2,0.016695,0
3.00325,1.8,5.64832,3.00325,1.8,0.017196,0
4.00325,0.06,7.05909,4.00325,0.06,0.004449,0
4.00325,0.24,7.02433,4.00325,0.24,0.006858,0
4.00325,0.48,7.12311,4.00325,0.48,0.005705,0
4.00325,0.9,7.15315,4.00325,0.9,0.014532,0
4.00325,1.2,7.20253,4.00325,1.2,0.01682,0
4.00325,1.8,7.30617,4.00325,1.8,0.017262,0
5.00325,0.06,8.65815,5.00325,0.06,0.004571,0
5.00325,0.24,8.68996,5.00325,0.24,0.006874,0
5.00325,0.48,8.77989,5.00325,0.48,0.005614,0
5.00325,0.9,8.97165,5.00325,0.9,0.014447,0
5.00325,1.2,9.0375,5.00325,1.2,0.016784,0
5.00325,1.8,9.19168,5.00325,1.8,0.017264,0
0.103246,0.06,0.251988,0.103178,0.06,0.004836,0
0.103246,0.24,0.261431,0.103178,0.24,0.007065,0
0.103246,0.48,0.343735,0.103178,0.48,0.00816,0
0.103246,0.9,0.4489,0.103178,0.9,0.013975,0
0.103246,1.2,0.59529,0.103178,1.2,0.01849,0
0.103246,1.8,0.836313,0.103178,1.8,0.026407,0
0.503246,0.06,1.26154,0.503178,0.06,0.005355,0
0.503246,0.24,1.24664,0.503178,0.24,0.008039,0
0.503246,0.48,1.23455,0.503178,0.48,0.009268,0
0.503246,0.9,1.21683,0.503178,0.9,0.014966,0
0.503246,1.2,1.28578,0.503178,1.2,0.01959,0
0.503246,1.8,1.4429,0.503178,1.8,0.02546,0
1.20325,0.06,2.97352,1.20318,0.06,0.006128,0
1.20325,0.24,2.97828,1.20318,0.24,0.008797,0
1.20325,0.48,2.87303,1.20318,0.48,0.010239,0
1.20325,0.9,2.92147,1.20318,0.9,0.015814,0
1.20325,1.2,2.89009,1.20318,1.2,0.020508,0
1.20325,1.8,2.89514,1.20318,1.8,0.026923,0
3.00325,0.06,7.48509,3.00318,0.06,0.007898,0
3.00325,0.24,7.34969,3.00318,0.24,0.010485,0
3.00325,0.48,7.19145,3.00318,0.48,0.01231,0
3.00325,0.9,7.10986,3.00318,0.9,0.018189,0
3.00325,1.2,7.13603,3.00318,1.2,0.022929,0
3.00325,1.8,7.11613,3.00318,1.8,0.029182,0
4.00325,0.06,9.47752,4.00318,0.06,0.0095,0
4.00325,0.24,9.47261,4.00318,0.24,0.012365,0
4.00325,0.48,9.55829,4.00318,0.48,0.014031,0
11.961161503249956,7.215978550582577,64.48979383686962,9.460870036485598,6.8750078559748795,44.555845504571344,1
4.00325,1.2,9.54092,4.00318,1.2,0.02362,0
4.00325,1.8,9.61964,4.00318,1.8,0.030072,0
5.00325,0.06,11.9126,5.00318,0.06,0.011055,0
5.00325,0.24,12.2933,5.00318,0.24,0.013031,0
5.00325,0.48,11.879,5.00318,0.48,0.014882,0
5.00325,0.9,11.8292,5.00318,0.9,0.020461,0
5.00325,1.2,11.9455,5.00318,1.2,0.025195,0
5.00325,1.8,11.9347,5.00318,1.8,0.031544,0
0.103246,0.06,0.251988,0.103246,0.06,0.00421,0
0.103246,0.24,0.261431,0.103246,0.24,0.006163,0
0.103246,0.48,0.343735,0.103246,0.48,0.004587,0
0.103246,0.9,0.4489,0.103246,0.9,0.013624,0
0.103246,1.2,0.59529,0.103246,1.2,0.015576,0
0.103246,1.8,0.836313,0.103246,1.8,0.019371,0
0.503246,0.06,1.26154,0.503246,0.06,0.00476,0
0.503246,0.24,1.24664,0.503246,0.24,0.007016,0
0.503246,0.48,1.23455,0.503246,0.48,0.005466,0
0.503246,0.9,1.21683,0.503246,0.9,0.014058,0
0.503246,1.2,1.28578,0.503246,1.2,0.016062,0
0.503246,1.8,1.4429,0.503246,1.8,0.016305,0
1.20325,0.06,2.97352,1.20325,0.06,0.00438,0
1.20325,0.24,2.97828,1.20325,0.24,0.007011,0
1.20325,0.48,2.87303,1.20325,0.48,0.005605,0
1.20325,0.9,2.92147,1.20325,0.9,0.014494,0
1.20325,1.2,2.89009,1.20325,1.2,0.016559,0
3.0,1.2,2.14298,3.0,1.2,0.131025,1
3.00325,0.06,7.48509,3.00325,0.06,0.004257,0
3.00325,0.24,7.34969,3.00325,0.24,0.007066,0
3.00325,0.48,7.19145,3.00325,0.48,0.005771,0
3.00325,0.9,7.10986,3.00325,0.9,0.014444,0
3.00325,1.2,7.13603,3.00325,1.2,0.016695,0
3.00325,1.8,7.11613,3.00325,1.8,0.017196,0
4.00325,0.06,9.47752,4.00325,0.06,0.004449,0
4.00325,0.24,9.47261,4.00325,0.24,0.006858,0
4.00325,0.48,9.55829,4.00325,0.48,0.005705,0
4.00325,0.9,9.65283,4.00325,0.9,0.014532,0
4.00325,1.2,9.54092,4.00325,1.2,0.01682,0
4.00325,1.8,9.61964,4.00325,1.8,0.017262,0
5.00325,0.06,11.9126,5.00325,0.06,0.004571,0
5.00325,0.24,12.2933,5.00325,0.24,0.006874,0
5.00325,0.48,11.879,5.00325,0.48,0.005614,0
5.00325,0.9,11.8292,5.00325,0.9,0.014447,0
5.00325,1.2,11.9455,5.00325,1.2,0.016784,0
5.00325,1.8,11.9347,5.00325,1.8,0.017264,0
0.103178,0.06,0.004836,0.103246,0.06,0.00421,0
0.103178,0.24,0.007065,0.103246,0.24,0.006163,0
0.103178,0.48,0.00816,0.103246,0.48,0.004587,0
0.103178,0.9,0.013975,0.103246,0.9,0.013624,0
0.103178,1.2,0.01849,0.103246,1.2,0.015576,0
0.103178,1.8,0.026407,0.103246,1.8,0.019371,0
0.503178,0.06,0.005355,0.503246,0.06,0.00476,0
0.503178,0.24,0.008039,0.503246,0.24,0.007016,0
0.503178,0.48,0.009268,0.503246,0.48,0.005466,0
0.503178,0.9,0.014966,0.503246,0.9,0.014058,0
0.503178,1.2,0.01959,0.503246,1.2,0.016062,0
0.503178,1.8,0.02546,0.503246,1.8,0.016305,0
1.20318,0.06,0.006128,1.20325,0.06,0.00438,0
1.20318,0.24,0.008797,1.20325,0.24,0.007011,0
1.20318,0.48,0.010239,1.20325,0.48,0.005605,0
1.20318,0.9,0.015814,1.20325,0.9,0.014494,0
1.20318,1.2,0.020508,1.20325,1.2,0.016559,0
1.20318,1.8,0.026923,1.20325,1.8,0.016844,0
3.00318,0.06,0.007898,3.00325,0.06,0.004257,0
3.00318,0.24,0.010485,3.00325,0.24,0.007066,0
3.00318,0.48,0.01231,3.00325,0.48,0.005771,0
3.00318,0.9,0.018189,3.00325,0.9,0.014444,0
3.00318,1.2,0.022929,3.00325,1.2,0.016695,0
3.00318,1.8,0.029182,3.00325,1.8,0.017196,0
4.00318,0.06,0.0095,4.00325,0.06,0.004449,0
4.00318,0.24,0.012365,4.00325,0.24,0.006858,0
4.00318,0.48,0.014031,4.00325,0.48,0.005705,0
4.00318,0.9,0.019018,4.00325,0.9,0.014532,0
4.00318,1.2,0.02362,4.00325,1.2,0.01682,0
4.00318,1.8,0.030072,4.00325,1.8,0.017262,0
5.00318,0.06,0.011055,5.00325,0.06,0.004571,0
5.00318,0.24,0.013031,5.00325,0.24,0.006874,0
5.00318,0.48,0.014882,5.00325,0.48,0.005614,0
5.00318,0.9,0.020461,5.00325,0.9,0.014447,0
5.00318,1.2,0.025195,5.00325,1.2,0.016784,0
5.2413950833585625,1.7233697233003473,0.7391462633509117,5.924157804693304,1.7273252888430575,0.190962743217381,1
0.1,0.06,0.371926,0.1,0.06,0.50741,0
0.1,0.24,0.39212,0.1,0.24,0.501715,0
0.1,0.48,0.387911,0.1,0.48,0.509591,0
0.1,0.9,0.434928,0.1,0.9,0.543143,0
3.00318,0.9,9.68658,3.00325,0.9,0.014444,1
0.1,1.8,0.557165,0.1,1.8,0.607152,0
0.5,0.06,1.67325,0.5,0.06,2.42976,0
0.5,0.24,1.70107,0.5,0.24,2.41822,0
0.5,0.48,1.68972,0.5,0.48,2.41894,0
0.5,0.9,1.73232,0.5,0.9,2.39406,0
0.5,1.2,1.80063,0.5,1.2,2.38836,0
0.5,1.8,1.72426,0.5,1.8,2.40436,0
1.2,0.06,3.9321,1.2,0.06,5.70701,0
1.2,0.24,3.97385,1.2,0.24,5.67764,0
1.2,0.48,3.94962,1.2,0.48,5.69954,0
1.2,0.9,4.03392,1.2,0.9,5.6884,0
1.2,1.2,4.05871,1.2,1.2,5.74399,0
1.2,1.8,4.01686,1.2,1.8,5.68974,0
3.0,0.06,9.75148,3.0,0.06,14.2272,0
3.0,0.24,9.8074,3.0,0.24,14.1638,0
3.0,0.48,9.76039,3.0,0.48,14.1591,0
3.0,0.9,9.78973,3.0,0.9,14.158,0
3.0,1.2,9.90526,3.0,1.2,14.1596,0
3.0,1.8,9.84665,3.0,1.8,14.1491,0
3.0,1.8,5.62917,3.0,1.8,0.008843,1
4.0,0.24,13.0094,4.0,0.24,18.9409,0
4.0,0.48,12.9678,4.0,0.48,18.8162,0
4.0,0.9,13.0571,4.0,0.9,18.8933,0
4.0,1.2,13.0885,4.0,1.2,18.8498,0
4.0,1.8,13.0,4.0,1.8,18.851,0
5.0,0.06,16.145,5.0,0.06,23.6188,0
5.0,0.24,16.2289,5.0,0.24,23.4681,0
5.0,0.48,16.2432,5.0,0.48,23.536,0
5.0,0.9,16.2984,5.0,0.9,23.5451,0
5.0,1.2,16.3117,5.0,1.2,23.5463,0
5.0,1.8,16.2881,5.0,1.8,23.4791,0
0.1,0.06,0.371926,0.1,0.06,0.210513,0
0.1,0.24,0.39212,0.1,0.24,0.232516,0
0.1,0.48,0.387911,0.1,0.48,0.23333,0
0.1,0.9,0.434928,0.1,0.9,0.260834,0
0.1,1.2,0.509635,0.1,1.2,0.323686,0
0.1,1.8,0.557165,0.1,1.8,0.387926,0
0.5,0.06,1.67325,0.5,0.06,0.917739,0
0.5,0.24,1.70107,0.5,0.24,0.930149,0
0.5,0.48,1.68972,0.5,0.48,0.927008,0
0.5,0.9,1.73232,0.5,0.9,0.971195,0
0.5,1.2,1.80063,0.5,1.2,1.00091,0
0.5,1.8,1.72426,0.5,1.8,1.17274,0
1.2,0.06,3.9321,1.2,0.06,2.12867,0
1.2,0.24,3.97385,1.2,0.24,2.1482,0
1.2,0.48,3.94962,1.2,0.48,2.16177,0
1.2,0.9,4.03392,1.2,0.9,2.17968,0
1.2,1.2,4.05871,1.2,1.2,2.21385,0
1.2,1.8,4.01686,1.2,1.8,2.37937,0
3.0,0.06,9.75148,3.0,0.06,5.21627,0
3.0,0.24,9.8074,3.0,0.24,5.26173,0
3.0,0.48,9.76039,3.0,0.48,5.22692,0
3.0,0.9,9.78973,3.0,0.9,5.30103,0
3.0,1.2,9.90526,3.0,1.2,5.33897,0
3.0,1.8,9.84665,3.0,1.8,5.50132,0
4.0,0.06,12.9877,4.0,0.06,6.93414,0
4.0,0.24,13.0094,4.0,0.24,6.95543,0
4.0,0.48,12.9678,4.0,0.48,6.97446,0
4.0,0.9,13.0571,4.0,0.9,7.01924,0
4.0,1.2,13.0885,4.0,1.2,7.03691,0
4.0,1.8,13.0,4.0,1.8,7.23908,0
5.0,0.06,16.145,5.0,0.06,8.67367,0
5.0,0.24,16.2289,5.0,0.24,8.70854,0
5.0,0.48,16.2432,5.0,0.48,8.66768,0
5.0,0.9,16.2984,5.0,0.9,8.73472,0
5.0,1.2,16.3117,5.0,1.2,8.77814,0
5.0,1.8,16.2881,5.0,1.8,8.91483,0
0.1,0.06,0.371926,0.1,0.06,0.254757,0
0.1,0.24,0.39212,0.1,0.24,0.254055,0
0.1,0.48,0.387911,0.1,0.48,0.29235,0
0.1,0.9,0.434928,0.1,0.9,0.35851,0
0.1,1.2,0.509635,0.1,1.2,0.361071,0
0.1,1.8,0.557165,0.1,1.8,0.490998,0
0.5,0.06,1.67325,0.5,0.06,1.24541,0
0.5,0.24,1.70107,0.5,0.24,1.22339,0
0.5,0.48,1.68972,0.5,0.48,1.19969,0
0.5,0.9,1.73232,0.5,0.9,1.20077,0
0.5,1.2,1.80063,0.5,1.2,1.22262,0
0.5,1.8,1.72426,0.5,1.8,1.24348,0
1.2,0.06,3.9321,1.2,0.06,2.88564,0
1.2,0.24,3.97385,1.2,0.24,2.90366,0
1.2,0.48,3.94962,1.2,0.48,2.93057,0
1.2,0.9,4.03392,1.2,0.9,2.87248,0
1.2,1.2,4.05871,1.2,1.2,2.85398,0
1.2,1.8,4.01686,1.2,1.8,2.84876,0
3.0,0.06,9.75148,3.0,0.06,7.13435,0
3.0,0.24,9.8074,3.0,0.24,7.09454,0
3.0,0.48,9.76039,3.0,0.48,7.16885,0
3.0,0.9,9.78973,3.0,0.9,7.13532,0
3.0,1.2,9.90526,3.0,1.2,7.15696,0
3.0,1.8,9.84665,3.0,1.8,7.22744,0
4.0,0.06,12.9877,4.0,0.06,9.51322,0
4.0,0.24,13.0094,4.0,0.24,9.50673,0
4.0,0.48,12.9678,4.0,0.48,9.49249,0
4.0,0.9,13.0571,4.0,0.9,9.47124,0
4.0,1.2,13.0885,4.0,1.2,9.53839,0
4.0,1.8,13.0,4.0,1.8,9.48584,0
5.0,0.06,16.145,5.0,0.06,11.8267,0
5.0,0.24,16.2289,5.0,0.24,11.8063,0
5.0,0.48,16.2432,5.0,0.48,11.836,0
5.0,0.9,16.2984,5.0,0.9,11.8309,0
5.0,1.2,16.3117,5.0,1.2,11.802,0
5.0,1.8,16.2881,5.0,1.8,11.7882,0
0.1,0.06,0.371926,0.1,0.06,0.0088185,0
0.1,0.24,0.39212,0.1,0.24,0.014069,0
0.1,0.48,0.387911,0.1,0.48,0.0183105,0
0.1,0.9,0.434928,0.1,0.9,0.031545,0
0.1,1.2,0.509635,0.1,1.2,0.04284,0
0.1,1.8,0.557165,0.1,1.8,0.0644745,0
0.5,0.06,1.67325,0.5,0.06,0.008836,0
0.5,0.24,1.70107,0.5,0.24,0.014045,0
0.5,0.48,1.68972,0.5,0.48,0.0184385,0
0.5,0.9,1.73232,0.5,0.9,0.0305035,0
0.5,1.2,1.80063,0.5,1.2,0.039469,0
0.5,1.8,1.72426,0.5,1.8,0.0559815,0
1.2,0.06,3.9321,1.2,0.06,0.008801,0
1.2,0.24,3.97385,1.2,0.24,0.0139835,0
1.2,0.48,3.94962,1.2,0.48,0.018219,0
1.2,0.9,4.03392,1.2,0.9,0.030196,0
1.2,1.2,4.05871,1.2,1.2,0.038384,0
1.2,1.8,4.01686,1.2,1.8,0.054649,0
3.0,0.06,9.75148,3.0,0.06,0.0084235,0
3.0,0.24,9.8074,3.0,0.24,0.013697,0
3.0,0.48,9.76039,3.0,0.48,0.0179625,0
3.0,0.9,9.78973,3.0,0.9,0.0295125,0
3.0,1.2,9.90526,3.0,1.2,0.037427,0
3.0,1.8,9.84665,3.0,1.8,0.056132,0
4.0,0.06,12.9877,4.0,0.06,0.0082025,0
4.0,0.24,13.0094,4.0,0.24,0.0135095,0
4.0,0.48,12.9678,4.0,0.48,0.0177495,0
4.0,0.9,13.0571,4.0,0.9,0.0293155,0
4.0,1.2,13.0885,4.0,1.2,0.0370815,0
4.0,1.8,13.0,4.0,1.8,0.055796,0
5.0,0.06,16.145,5.0,0.06,0.0082205,0
5.0,0.24,16.2289,5.0,0.24,0.0134215,0
5.0,0.48,16.2432,5.0,0.48,0.0175465,0
5.0,0.9,16.2984,5.0,0.9,0.029309,0
5.0,1.2,16.3117,5.0,1.2,0.036915,0
5.0,1.8,16.2881,5.0,1.8,0.05559,0
0.1,0.06,0.371926,0.1,0.06,0.00947,0
0.1,0.24,0.39212,0.1,0.24,0.013799,0
0.1,0.48,0.387911,0.1,0.48,0.016329,0
0.1,0.9,0.434928,0.1,0.9,0.0293065,0
0.1,1.2,0.509635,0.1,1.2,0.041371,0
0.1,1.8,0.557165,0.1,1.8,0.063882,0
0.5,0.06,1.67325,0.5,0.06,0.0099245,0
9.83263538842691,6.724954930277825,43.09168923982555,13.431429210748767,4.6363917206662135,69.28271402923527,1
0.5,0.48,1.68972,0.5,0.48,0.01677,0
0.5,0.9,1.73232,0.5,0.9,0.0288385,0
0.5,1.2,1.80063,0.5,1.2,0.028787,0
0.5,1.8,1.72426,0.5,1.8,0.060193,0
1.2,0.06,3.9321,1.2,0.06,0.0097905,0
1.2,0.24,3.97385,1.2,0.24,0.0144795,0
1.2,0.48,3.94962,1.2,0.48,0.0174365,0
1.2,0.9,4.03392,1.2,0.9,0.029331,0
1.2,1.2,4.05871,1.2,1.2,0.028784,0
1.2,1.8,4.01686,1.2,1.8,0.058527,0
3.0,0.06,9.75148,3.0,0.06,0.0098215,0
3.0,0.24,9.8074,3.0,0.24,0.0146135,0
3.0,0.48,9.76039,3.0,0.48,0.017417,0
3.0,0.9,9.78973,3.0,0.9,0.0293885,0
3.0,1.2,9.90526,3.0,1.2,0.0289515,0
3.0,1.8,9.84665,3.0,1.8,0.0585885,0
4.0,0.06,12.9877,4.0,0.06,0.0100625,0
4.0,0.24,13.0094,4.0,0.24,0.0145585,0
4.0,0.48,12.9678,4.0,0.48,0.017613,0
1.2,0.9,1.39919,1.2,0.9,0.073655,1
4.0,1.2,13.0885,4.0,1.2,0.0291715,0
4.0,1.8,13.0,4.0,1.8,0.058201,0
5.0,0.06,16.145,5.0,0.06,0.009979,0
5.0,0.24,16.2289,5.0,0.24,0.014699,0
5.0,0.48,16.2432,5.0,0.48,0.017475,0
5.0,0.9,16.2984,5.0,0.9,0.029609,0
5.0,1.2,16.3117,5.0,1.2,0.02905,0
5.0,1.8,16.2881,5.0,1.8,0.058078,0
0.1,0.06,0.50741,0.1,0.06,0.210513,0
0.1,0.24,0.501715,0.1,0.24,0.232516,0
0.1,0.48,0.509591,0.1,0.48,0.23333,0
0.1,0.9,0.543143,0.1,0.9,0.260834,0
0.1,1.2,0.56142,0.1,1.2,0.323686,0
0.1,1.8,0.607152,0.1,1.8,0.387926,0
0.5,0.06,2.42976,0.5,0.06,0.917739,0
0.5,0.24,2.41822,0.5,0.24,0.930149,0
0.5,0.48,2.41894,0.5,0.48,0.927008,0
0.5,0.9,2.39406,0.5,0.9,0.971195,0
0.5,1.2,2.38836,0.5,1.2,1.00091,0
0.5,1.8,2.40436,0.5,1.8,1.17274,0
1.2,0.06,5.70701,1.2,0.06,2.12867,0
1.2,0.24,5.67764,1.2,0.24,2.1482,0
3.0,1.2,12.3936,3.0,1.2,0.007887,1
1.2,0.9,5.6884,1.2,0.9,2.17968,0
1.2,1.2,5.74399,1.2,1.2,2.21385,0
1.2,1.8,5.68974,1.2,1.8,2.37937,0
3.0,0.06,14.2272,3.0,0.06,5.21627,0
3.0,0.24,14.1638,3.0,0.24,5.26173,0
3.0,0.48,14.1591,3.0,0.48,5.22692,0
3.0,0.9,14.158,3.0,0.9,5.30103,0
3.0,1.2,14.1596,3.0,1.2,5.33897,0
3.0,1.8,14.1491,3.0,1.8,5.50132,0
4.0,0.06,18.8305,4.0,0.06,6.93414,0
4.0,0.24,18.9409,4.0,0.24,6.95543,0
4.0,0.48,18.8162,4.0,0.48,6.97446,0
4.0,0.9,18.8933,4.0,0.9,7.01924,0
4.0,1.2,18.8498,4.0,1.2,7.03691,0
4.0,1.8,18.851,4.0,1.8,7.23908,0
5.0,0.06,23.6188,5.0,0.06,8.67367,0
5.0,0.24,23.4681,5.0,0.24,8.70854,0
5.0,0.48,23.536,5.0,0.48,8.66768,0
5.0,0.9,23.5451,5.0,0.9,8.73472,0
5.0,1.2,23.5463,5.0,1.2,8.77814,0
5.0,1.8,23.4791,5.0,1.8,8.91483,0
0.1,0.06,0.50741,0.1,0.06,0.254757,0
0.1,0.24,0.501715,0.1,0.24,0.254055,0
0.1,0.48,0.509591,0.1,0.48,0.29235,0
0.1,0.9,0.543143,0.1,0.9,0.35851,0
0.1,1.2,0.56142,0.1,1.2,0.361071,0
0.1,1.8,0.607152,0.1,1.8,0.490998,0
0.5,0.06,2.42976,0.5,0.06,1.24541,0
0.5,0.24,2.41822,0.5,0.24,1.22339,0
0.5,0.48,2.41894,0.5,0.48,1.19969,0
0.5,0.9,2.39406,0.5,0.9,1.20077,0
0.5,1.2,2.38836,0.5,1.2,1.22262,0
0.5,1.8,2.40436,0.5,1.8,1.24348,0
1.2,0.06,5.70701,1.2,0.06,2.88564,0
1.2,0.24,5.67764,1.2,0.24,2.90366,0
1.2,0.48,5.69954,1.2,0.48,2.93057,0
1.2,0.9,5.6884,1.2,0.9,2.87248,0
1.2,1.2,5.74399,1.2,1.2,2.85398,0
1.2,1.8,5.68974,1.2,1.8,2.84876,0
3.0,0.06,14.2272,3.0,0.06,7.13435,0
3.0,0.24,14.1638,3.0,0.24,7.09454,0
3.0,0.48,14.1591,3.0,0.48,7.16885,0
3.0,0.9,14.158,3.0,0.9,7.13532,0
3.0,1.2,14.1596,3.0,1.2,7.15696,0
3.0,1.8,14.1491,3.0,1.8,7.22744,0
4.0,0.06,18.8305,4.0,0.06,9.51322,0
4.0,0.24,18.9409,4.0,0.24,9.50673,0
4.0,0.48,18.8162,4.0,0.48,9.49249,0
3.263822969244611,1.2669752391821192,18.605999070908304,3.832110691129789,0.7414485837130171,9.069522862914372,1
4.0,1.2,18.8498,4.0,1.2,9.53839,0
4.0,1.8,18.851,4.0,1.8,9.48584,0
5.0,0.06,23.6188,5.0,0.06,11.8267,0
5.0,0.24,23.4681,5.0,0.24,11.8063,0
5.0,0.48,23.536,5.0,0.48,11.836,0
5.0,0.9,23.5451,5.0,0.9,11.8309,0
5.0,1.2,23.5463,5.0,1.2,11.802,0
5.0,1.8,23.4791,5.0,1.8,11.7882,0
0.1,0.06,0.50741,0.1,0.06,0.0088185,0
0.1,0.24,0.501715,0.1,0.24,0.014069,0
0.1,0.48,0.509591,0.1,0.48,0.0183105,0
0.1,0.9,0.543143,0.1,0.9,0.031545,0
0.1,1.2,0.56142,0.1,1.2,0.04284,0
0.1,1.8,0.607152,0.1,1.8,0.0644745,0
0.5,0.06,2.42976,0.5,0.06,0.008836,0
0.5,0.24,2.41822,0.5,0.24,0.014045,0
0.5,0.48,2.41894,0.5,0.48,0.0184385,0
0.5,0.9,2.39406,0.5,0.9,0.0305035,0
0.5,1.2,2.38836,0.5,1.2,0.039469,0
0.5,1.8,2.40436,0.5,1.8,0.0559815,0
1.2,0.06,5.70701,1.2,0.06,0.008801,0
1.2,0.24,5.67764,1.2,0.24,0.0139835,0
1.2,0.48,5.69954,1.2,0.48,0.018219,0
1.2,0.9,5.6884,1.2,0.9,0.030196,0
1.2,1.2,5.74399,1.2,1.2,0.038384,0
1.2,1.8,5.68974,1.2,1.8,0.054649,0
3.0,0.06,14.2272,3.0,0.06,0.0084235,0
3.0,0.24,14.1638,3.0,0.24,0.013697,0
3.0,0.48,14.1591,3.0,0.48,0.0179625,0
3.0,0.9,14.158,3.0,0.9,0.0295125,0
3.0,1.2,14.1596,3.0,1.2,0.037427,0
3.0,1.8,14.1491,3.0,1.8,0.056132,0
4.0,0.06,18.8305,4.0,0.06,0.0082025,0
4.0,0.24,18.9409,4.0,0.24,0.0135095,0
4.0,0.48,18.8162,4.0,0.48,0.0177495,0
4.0,0.9,18.8933,4.0,0.9,0.0293155,0
4.0,1.2,18.8498,4.0,1.2,0.0370815,0
4.0,1.8,18.851,4.0,1.8,0.055796,0
5.0,0.06,23.6188,5.0,0.06,0.0082205,0
5.0,0.24,23.4681,5.0,0.24,0.0134215,0
5.0,0.48,23.536,5.0,0.48,0.0175465,0
5.0,0.9,23.5451,5.0,0.9,0.029309,0
5.0,1.2,23.5463,5.0,1.2,0.036915,0
5.0,1.2,23.5381,5.0,1.2,0.036939,1
0.1,0.06,0.50741,0.1,0.06,0.00947,0
0.1,0.24,0.501715,0.1,0.24,0.013799,0
0.1,0.48,0.509591,0.1,0.48,0.016329,0
0.1,0.9,0.543143,0.1,0.9,0.0293065,0
0.1,1.2,0.56142,0.1,1.2,0.041371,0
0.1,1.8,0.607152,0.1,1.8,0.063882,0
0.5,0.06,2.42976,0.5,0.06,0.0099245,0
0.5,0.24,2.41822,0.5,0.24,0.0144805,0
0.5,0.48,2.41894,0.5,0.48,0.01677,0
0.5,0.9,2.39406,0.5,0.9,0.0288385,0
0.5,1.2,2.38836,0.5,1.2,0.028787,0
0.5,1.8,2.40436,0.5,1.8,0.060193,0
1.2,0.06,5.70701,1.2,0.06,0.0097905,0
1.2,0.24,5.67764,1.2,0.24,0.0144795,0
15.082529757091164,7.634049470514519,51.94590012438816,13.4420676732972,4.863652535934207,55.94275393160318,1
1.2,0.9,5.6884,1.2,0.9,0.029331,0
1.2,1.2,5.74399,1.2,1.2,0.028784,0
1.2,1.8,5.68974,1.2,1.8,0.058527,0
9.617006430297717,4.285668382439656,40.48787530078341,13.979187096654199,7.552909699881711,49.29308843830005,1
3.0,0.24,14.1638,3.0,0.24,0.0146135,0
3.0,0.48,14.1591,3.0,0.48,0.017417,0
3.0,0.9,14.158,3.0,0.9,0.0293885,0
3.0,1.2,14.1596,3.0,1.2,0.0289515,0
3.0,1.8,14.1491,3.0,1.8,0.0585885,0
4.0,0.06,18.8305,4.0,0.06,0.0100625,0
4.0,0.24,18.9409,4.0,0.24,0.0145585,0
4.0,0.48,18.8162,4.0,0.48,0.017613,0
4.0,0.9,18.8933,4.0,0.9,0.029364,0
4.0,1.2,18.8498,4.0,1.2,0.0291715,0
4.0,1.8,18.851,4.0,1.8,0.058201,0
0.5,1.2,1.90678,0.5,1.2,1.22175,1
5.0,0.24,23.4681,5.0,0.24,0.014699,0
5.0,0.48,23.536,5.0,0.48,0.017475,0
5.0,0.9,23.5451,5.0,0.9,0.029609,0
5.0,1.2,23.5463,5.0,1.2,0.02905,0
5.0,1.8,23.4791,5.0,1.8,0.058078,0
0.1,0.06,0.210513,0.1,0.06,0.254757,0
0.1,0.24,0.232516,0.1,0.24,0.254055,0
0.1,0.48,0.23333,0.1,0.48,0.29235,0
0.1,0.9,0.260834,0.1,0.9,0.35851,0
0.1,1.2,0.323686,0.1,1.2,0.361071,0
0.1,1.8,0.387926,0.1,1.8,0.490998,0
0.5,0.06,0.917739,0.5,0.06,1.24541,0
0.5,0.24,0.930149,0.5,0.24,1.22339,0
0.5,0.48,0.927008,0.5,0.48,1.19969,0
0.5,0.9,0.971195,0.5,0.9,1.20077,0
0.5,1.2,1.00091,0.5,1.2,1.22262,0
0.5,1.8,1.17274,0.5,1.8,1.24348,0
1.2,0.06,2.12867,1.2,0.06,2.88564,0
1.2,0.24,2.1482,1.2,0.24,2.90366,0
1.2,0.48,2.16177,1.2,0.48,2.93057,0
1.2,0.9,2.17968,1.2,0.9,2.87248,0
1.2,1.2,2.21385,1.2,1.2,2.85398,0
1.2,1.8,2.37937,1.2,1.8,2.84876,0
3.0,0.06,5.21627,3.0,0.06,7.13435,0
3.0,0.24,5.26173,3.0,0.24,7.09454,0
3.0,0.48,5.22692,3.0,0.48,7.16885,0
3.0,0.9,5.30103,3.0,0.9,7.13532,0
3.0,1.2,5.33897,3.0,1.2,7.15696,0
3.0,1.8,5.50132,3.0,1.8,7.22744,0
4.0,0.06,6.93414,4.0,0.06,9.51322,0
4.0,0.24,6.95543,4.0,0.24,9.50673,0
4.0,0.48,6.97446,4.0,0.48,9.49249,0
4.0,0.9,7.01924,4.0,0.9,9.47124,0
4.0,1.2,7.03691,4.0,1.2,9.53839,0
4.0,1.8,7.23908,4.0,1.8,9.48584,0
5.0,0.06,8.67367,5.0,0.06,11.8267,0
5.0,0.24,8.70854,5.0,0.24,11.8063,0
5.0,0.48,8.66768,5.0,0.48,11.836,0
5.0,0.9,8.73472,5.0,0.9,11.8309,0
5.0,1.2,8.77814,5.0,1.2,11.802,0
5.0,1.8,8.91483,5.0,1.8,11.7882,0
0.1,0.06,0.210513,0.1,0.06,0.0088185,0
0.1,0.24,0.232516,0.1,0.24,0.014069,0
0.1,0.48,0.23333,0.1,0.48,0.0183105,0
0.1,0.9,0.260834,0.1,0.9,0.031545,0
0.1,1.2,0.323686,0.1,1.2,0.04284,0
0.1,1.8,0.387926,0.1,1.8,0.0644745,0
0.5,0.06,0.917739,0.5,0.06,0.008836,0
0.5,0.24,0.930149,0.5,0.24,0.014045,0
0.5,0.48,0.927008,0.5,0.48,0.0184385,0
0.5,0.9,0.971195,0.5,0.9,0.0305035,0
0.5,1.2,1.00091,0.5,1.2,0.039469,0
0.5,1.8,1.17274,0.5,1.8,0.0559815,0
1.2,0.06,2.12867,1.2,0.06,0.008801,0
1.2,0.24,2.1482,1.2,0.24,0.0139835,0
1.2,0.48,2.16177,1.2,0.48,0.018219,0
1.2,0.9,2.17968,1.2,0.9,0.030196,0
1.2,1.2,2.21385,1.2,1.2,0.038384,0
1.2,1.8,2.37937,1.2,1.8,0.054649,0
4.0,1.8,4.6342,4.0,1.8,2.75014,1
3.0,0.24,5.26173,3.0,0.24,0.013697,0
3.0,0.48,5.22692,3.0,0.48,0.0179625,0
3.0,0.9,5.30103,3.0,0.9,0.0295125,0
3.0,1.2,5.33897,3.0,1.2,0.037427,0
3.0,1.8,5.50132,3.0,1.8,0.056132,0
13.91740581242587,7.764906837449404,70.54241830396555,8.924285420693796,7.995931174610679,38.466296649442995,1
4.0,0.24,6.95543,4.0,0.24,0.0135095,0
4.0,0.48,6.97446,4.0,0.48,0.0177495,0
5.0,1.2,11.5382,5.0,1.2,6.79392,1
4.0,1.2,7.03691,4.0,1.2,0.0370815,0
4.0,1.8,7.23908,4.0,1.8,0.055796,0
5.0,0.06,8.67367,5.0,0.06,0.0082205,0
5.0,0.24,8.70854,5.0,0.24,0.0134215,0
5.0,0.48,8.66768,5.0,0.48,0.0175465,0
5.0,0.9,8.73472,5.0,0.9,0.029309,0
5.0,1.2,8.77814,5.0,1.2,0.036915,0
5.0,1.8,8.91483,5.0,1.8,0.05559,0
0.1,0.06,0.210513,0.1,0.06,0.00947,0
0.1,0.24,0.232516,0.1,0.24,0.013799,0
0.1,0.48,0.23333,0.1,0.48,0.016329,0
0.1,0.9,0.260834,0.1,0.9,0.0293065,0
0.1,1.2,0.323686,0.1,1.2,0.041371,0
0.1,1.8,0.387926,0.1,1.8,0.063882,0
0.5,0.06,0.917739,0.5,0.06,0.0099245,0
0.5,0.24,0.930149,0.5,0.24,0.0144805,0
0.5,0.48,0.927008,0.5,0.48,0.01677,0
0.5,0.9,0.971195,0.5,0.9,0.0288385,0
0.5,1.2,1.00091,0.5,1.2,0.028787,0
0.5,1.8,1.17274,0.5,1.8,0.060193,0
1.2,0.06,2.12867,1.2,0.06,0.0097905,0
1.2,0.24,2.1482,1.2,0.24,0.0144795,0
1.2,0.48,2.16177,1.2,0.48,0.0174365,0
1.2,0.9,2.17968,1.2,0.9,0.029331,0
1.2,1.2,2.21385,1.2,1.2,0.028784,0
1.2,1.8,2.37937,1.2,1.8,0.058527,0
3.0,0.06,5.21627,3.0,0.06,0.0098215,0
3.0,0.24,5.26173,3.0,0.24,0.0146135,0
3.0,0.48,5.22692,3.0,0.48,0.017417,0
3.0,0.9,5.30103,3.0,0.9,0.0293885,0
3.0,1.2,5.33897,3.0,1.2,0.0289515,0
3.0,1.8,5.50132,3.0,1.8,0.0585885,0
4.0,0.06,6.93414,4.0,0.06,0.0100625,0
3.9144103151018004,0.20694380302399648,6.100816800398702,4.195849008005236,0.195398351154166,0.8197049902414355,1
4.0,0.48,6.97446,4.0,0.48,0.017613,0
4.0,0.9,7.01924,4.0,0.9,0.029364,0
4.0,1.2,7.03691,4.0,1.2,0.0291715,0
4.0,1.8,7.23908,4.0,1.8,0.058201,0
5.0,0.06,8.67367,5.0,0.06,0.009979,0
5.0,0.24,8.70854,5.0,0.24,0.014699,0
5.0,0.48,8.66768,5.0,0.48,0.017475,0
5.0,0.9,8.73472,5.0,0.9,0.029609,0
5.0,1.2,8.77814,5.0,1.2,0.02905,0
5.0,1.8,8.91483,5.0,1.8,0.058078,0
0.1,0.06,0.254757,0.1,0.06,0.0088185,0
0.1,0.24,0.254055,0.1,0.24,0.014069,0
0.1,0.48,0.29235,0.1,0.48,0.0183105,0
0.5343991691527746,0.9115521730003655,-0.13045941777631936,-0.2062114454504341,-0.08950934674485611,1.0449535580211962,1
0.1,1.2,0.361071,0.1,1.2,0.04284,0
0.1,1.8,0.490998,0.1,1.8,0.0644745,0
0.5,0.06,1.24541,0.5,0.06,0.008836,0
0.5,0.24,1.22339,0.5,0.24,0.014045,0
0.5,0.48,1.19969,0.5,0.48,0.0184385,0
0.5,0.9,1.20077,0.5,0.9,0.0305035,0
0.5,1.2,1.22262,0.5,1.2,0.039469,0
0.5,1.8,1.24348,0.5,1.8,0.0559815,0
1.2,0.06,2.88564,1.2,0.06,0.008801,0
1.2,0.24,2.90366,1.2,0.24,0.0139835,0
1.2,0.48,2.93057,1.2,0.48,0.018219,0
1.2,0.9,2.87248,1.2,0.9,0.030196,0
1.2,1.2,2.85398,1.2,1.2,0.038384,0
1.2,1.8,2.84876,1.2,1.8,0.054649,0
3.0,0.06,7.13435,3.0,0.06,0.0084235,0
3.0,0.24,7.09454,3.0,0.24,0.013697,0
3.0,0.48,7.16885,3.0,0.48,0.0179625,0
3.0,0.9,7.13532,3.0,0.9,0.0295125,0
3.0,1.2,7.15696,3.0,1.2,0.037427,0
3.0,1.8,7.22744,3.0,1.8,0.056132,0
4.0,0.06,9.51322,4.0,0.06,0.0082025,0
4.0,0.24,9.50673,4.0,0.24,0.0135095,0
4.0,0.48,9.49249,4.0,0.48,0.0177495,0
4.0,0.9,9.47124,4.0,0.9,0.0293155,0
4.0,1.2,9.53839,4.0,1.2,0.0370815,0
4.0,1.8,9.48584,4.0,1.8,0.055796,0
5.0,0.06,11.8267,5.0,0.06,0.0082205,0
5.0,0.24,11.8063,5.0,0.24,0.0134215,0
5.0,0.48,11.836,5.0,0.48,0.0175465,0
5.0,0.9,11.8309,5.0,0.9,0.029309,0
5.0,1.2,11.802,5.0,1.2,0.036915,0
5.0,1.8,11.7882,5.0,1.8,0.05559,0
0.1,0.06,0.254757,0.1,0.06,0.00947,0
0.1,0.24,0.254055,0.1,0.24,0.013799,0
0.1,0.48,0.29235,0.1,0.48,0.016329,0
0.1,0.9,0.35851,0.1,0.9,0.0293065,0
0.1,1.2,0.361071,0.1,1.2,0.041371,0
0.1,1.8,0.490998,0.1,1.8,0.063882,0
0.5,0.06,1.24541,0.5,0.06,0.0099245,0
0.5,0.24,1.22339,0.5,0.24,0.0144805,0
0.5,0.48,1.19969,0.5,0.48,0.01677,0
0.5,0.9,1.20077,0.5,0.9,0.0288385,0
0.5,1.2,1.22262,0.5,1.2,0.028787,0
0.5,1.8,1.24348,0.5,1.8,0.060193,0
1.2,0.06,2.88564,1.2,0.06,0.0097905,0
1.2,0.24,2.90366,1.2,0.24,0.0144795,0
1.2,0.48,2.93057,1.2,0.48,0.0174365,0
1.2,0.9,2.87248,1.2,0.9,0.029331,0
1.2,1.2,2.85398,1.2,1.2,0.028784,0
1.2,1.8,2.84876,1.2,1.8,0.058527,0
3.0,0.06,7.13435,3.0,0.06,0.0098215,0
3.0,0.24,7.09454,3.0,0.24,0.0146135,0
3.0,0.48,7.16885,3.0,0.48,0.017417,0
3.0,0.9,7.13532,3.0,0.9,0.0293885,0
3.0,1.2,7.15696,3.0,1.2,0.0289515,0
3.0,1.8,7.22744,3.0,1.8,0.0585885,0
4.0,0.06,9.51322,4.0,0.06,0.0100625,0
4.0,0.24,9.50673,4.0,0.24,0.0145585,0
4.0,0.48,9.49249,4.0,0.48,0.017613,0
4.0,0.9,9.47124,4.0,0.9,0.029364,0
4.0,1.2,9.53839,4.0,1.2,0.0291715,0
4.0,1.8,9.48584,4.0,1.8,0.058201,0
5.0,0.06,11.8267,5.0,0.06,0.009979,0
5.0,0.24,11.8063,5.0,0.24,0.014699,0
5.0,0.48,11.836,5.0,0.48,0.017475,0
5.0,0.9,11.8309,5.0,0.9,0.029609,0
5.0,1.2,11.802,5.0,1.2,0.02905,0
5.0,1.8,11.7882,5.0,1.8,0.058078,0
0.1,0.06,0.0088185,0.1,0.06,0.00947,0
0.1,0.24,0.014069,0.1,0.24,0.013799,0
0.1,0.48,0.0183105,0.1,0.48,0.016329,0
0.1,0.9,0.031545,0.1,0.9,0.0293065,0
0.1,1.2,0.04284,0.1,1.2,0.041371,0
0.1,1.8,0.0644745,0.1,1.8,0.063882,0
5.0,1.8,16.7554,5.0,1.8,9.1109,1
0.5,0.24,0.014045,0.5,0.24,0.0144805,0
0.5,0.48,0.0184385,0.5,0.48,0.01677,0
0.5,0.9,0.0305035,0.5,0.9,0.0288385,0
0.5,1.2,0.039469,0.5,1.2,0.028787,0
0.5,1.8,0.0559815,0.5,1.8,0.060193,0
1.2,0.06,0.008801,1.2,0.06,0.0097905,0
1.2,0.24,0.0139835,1.2,0.24,0.0144795,0
1.2,0.48,0.018219,1.2,0.48,0.0174365,0
1.2,0.9,0.030196,1.2,0.9,0.029331,0
1.2,1.2,0.038384,1.2,1.2,0.028784,0
1.2,1.8,0.054649,1.2,1.8,0.058527,0
3.0,0.06,0.0084235,3.0,0.06,0.0098215,0
3.0,0.24,0.013697,3.0,0.24,0.0146135,0
3.0,0.48,0.0179625,3.0,0.48,0.017417,0
3.0,0.9,0.0295125,3.0,0.9,0.0293885,0
3.0,1.2,0.037427,3.0,1.2,0.0289515,0
3.0,1.8,0.056132,3.0,1.8,0.0585885,0
4.0,0.06,0.0082025,4.0,0.06,0.0100625,0
4.0,0.24,0.0135095,4.0,0.24,0.0145585,0
4.0,0.48,0.0177495,4.0,0.48,0.017613,0
4.0,0.9,0.0293155,4.0,0.9,0.029364,0
3.9853241489421527,1.3976536263246655,0.05359315359651662,4.673470622194498,1.5870113870355262,0.025431101629626692,1
4.0,1.8,0.055796,4.0,1.8,0.058201,0
5.0,0.06,0.0082205,5.0,0.06,0.009979,0
5.0,0.24,0.0134215,5.0,0.24,0.014699,0
5.0,0.48,0.0175465,5.0,0.48,0.017475,0
5.0,0.9,0.029309,5.0,0.9,0.029609,0
5.0,1.2,0.036915,5.0,1.2,0.02905,0
5.0,1.8,0.05559,5.0,1.8,0.058078,0
0.1,0.06,0.372179,0.1,0.06,0.507773,0
0.1,0.24,0.391837,0.1,0.24,0.501228,0
0.1,0.48,0.387369,0.1,0.48,0.509654,0
0.1,0.9,0.434455,0.1,0.9,0.542061,0
0.1,1.2,0.509434,0.1,1.2,0.560947,0
0.1,1.8,0.556856,0.1,1.8,0.606514,0
0.5,0.06,1.67491,0.5,0.06,2.41792,0
0.5,0.24,1.7049,0.5,0.24,2.41456,0
0.5,0.48,1.69131,0.5,0.48,2.41296,0
0.5,0.9,1.73111,0.5,0.9,2.39363,0
0.5,1.2,1.79996,0.5,1.2,2.3898,0
0.5,1.8,1.72185,0.5,1.8,2.40379,0
1.2,0.06,3.93085,1.2,0.06,5.70456,0
1.2,0.24,3.97693,1.2,0.24,5.67613,0
1.2,0.48,3.95505,1.2,0.48,5.68788,0
1.2,0.9,4.02843,1.2,0.9,5.68554,0
1.2,1.2,4.05586,1.2,1.2,5.74229,0
1.2,1.8,4.01426,1.2,1.8,5.6919,0
3.0,0.06,9.75282,3.0,0.06,14.2214,0
3.0,0.24,9.8058,3.0,0.24,14.1628,0
3.0,0.48,9.77258,3.0,0.48,14.1609,0
3.0,0.9,9.79907,3.0,0.9,14.1676,0
3.0,1.2,9.90999,3.0,1.2,14.1632,0
3.0,1.8,9.83823,3.0,1.8,14.1406,0
4.0,0.06,12.9882,4.0,0.06,18.8335,0
4.0,0.24,13.0073,4.0,0.24,18.942,0
4.0,0.48,12.9638,4.0,0.48,18.8187,0
4.0,0.9,13.0512,4.0,0.9,18.8942,0
4.0,1.2,13.0959,4.0,1.2,18.856,0
4.0,1.8,12.999,4.0,1.8,18.8489,0
5.0,0.06,16.1572,5.0,0.06,23.5378,0
5.0,0.24,16.2249,5.0,0.24,23.4521,0
5.0,0.48,16.2341,5.0,0.48,23.4997,0
5.0,0.9,16.3046,5.0,0.9,23.5368,0
5.0,1.2,16.3033,5.0,1.2,23.5381,0
5.0,1.8,16.2864,5.0,1.8,23.4786,0
0.1,0.06,0.372179,0.1,0.06,0.210108,0
0.1,0.24,0.391837,0.1,0.24,0.232387,0
0.1,0.48,0.387369,0.1,0.48,0.231811,0
0.1,0.9,0.434455,0.1,0.9,0.314533,0
0.1,1.2,0.509434,0.1,1.2,0.323246,0
0.1,1.8,0.556856,0.1,1.8,0.389009,0
0.5,0.06,1.67491,0.5,0.06,0.91696,0
0.5,0.24,1.7049,0.5,0.24,0.929384,0
0.5,0.48,1.69131,0.5,0.48,0.925979,0
3.0,0.06,13.9664,3.0,0.06,6.18353,1
0.5,1.2,1.79996,0.5,1.2,1.00036,0
0.5,1.8,1.72185,0.5,1.8,1.17354,0
1.2,0.06,3.93085,1.2,0.06,2.12447,0
9.354599963206363,4.620464576883921,54.756601044970594,16.43186585258735,5.240218473203289,69.79761691981587,1
1.2,0.48,3.95505,1.2,0.48,2.16104,0
1.2,0.9,4.02843,1.2,0.9,2.17914,0
1.2,1.2,4.05586,1.2,1.2,2.21318,0
1.2,1.8,4.01426,1.2,1.8,2.38012,0
3.0,0.06,9.75282,3.0,0.06,5.21643,0
3.0,0.24,9.8058,3.0,0.24,5.26003,0
3.0,0.48,9.77258,3.0,0.48,5.22463,0
3.0,0.9,9.79907,3.0,0.9,5.3009,0
3.0,1.2,9.90999,3.0,1.2,5.33885,0
3.0,1.8,9.83823,3.0,1.8,5.5026,0
4.0,0.06,12.9882,4.0,0.06,6.92682,0
4.0,0.24,13.0073,4.0,0.24,6.94664,0
4.0,0.48,12.9638,4.0,0.48,6.97241,0
4.0,0.9,13.0512,4.0,0.9,7.02021,0
4.0,1.2,13.0959,4.0,1.2,7.0396,0
4.0,1.8,12.999,4.0,1.8,7.24074,0
5.0,0.06,16.1572,5.0,0.06,8.66816,0
5.0,0.24,16.2249,5.0,0.24,8.71225,0
5.0,0.48,16.2341,5.0,0.48,8.66596,0
5.0,0.9,16.3046,5.0,0.9,8.73493,0
5.0,1.2,16.3033,5.0,1.2,8.77533,0
5.0,1.8,16.2864,5.0,1.8,8.91205,0
0.1,0.06,0.372179,0.1,0.06,0.254034,0
0.1,0.24,0.391837,0.1,0.24,0.253793,0
0.1,0.48,0.387369,0.1,0.48,0.291381,0
0.1,0.9,0.434455,0.1,0.9,0.316283,0
0.1,1.2,0.509434,0.1,1.2,0.360651,0
0.1,1.8,0.556856,0.1,1.8,0.489764,0
0.5,0.06,1.67491,0.5,0.06,1.25686,0
0.5,0.24,1.7049,0.5,0.24,1.22666,0
0.5,0.48,1.69131,0.5,0.48,1.1999,0
0.5,0.9,1.73111,0.5,0.9,1.19644,0
0.5,1.2,1.79996,0.5,1.2,1.22227,0
0.013918891028337488,1.8397897732782804,2.4389385182601635,-0.3697126221161391,1.3998886323000481,0.9671035231082514,1
1.2,0.06,3.93085,1.2,0.06,2.87516,0
1.2,0.24,3.97693,1.2,0.24,2.90549,0
1.2,0.48,3.95505,1.2,0.48,2.93071,0
1.2,0.9,4.02843,1.2,0.9,2.87296,0
1.2,1.2,4.05586,1.2,1.2,2.85518,0
1.2,1.8,4.01426,1.2,1.8,2.84848,0
3.0,0.06,9.75282,3.0,0.06,7.14248,0
3.0,0.24,9.8058,3.0,0.24,7.08414,0
3.0,0.48,9.77258,3.0,0.48,7.17294,0
12.261091390604967,5.169743307001391,42.16342411566997,10.375696662633331,7.047888664588033,55.92107827551554,1
3.0,1.2,9.90999,3.0,1.2,7.1603,0
3.0,1.8,9.83823,3.0,1.8,7.23513,0
4.0,0.06,12.9882,4.0,0.06,9.53126,0
4.0,0.24,13.0073,4.0,0.24,9.54016,0
4.0,0.48,12.9638,4.0,0.48,9.49378,0
4.0,0.9,13.0512,4.0,0.9,9.46901,0
4.0,1.2,13.0959,4.0,1.2,9.53634,0
4.0,1.8,12.999,4.0,1.8,9.48484,0
5.0,0.06,16.1572,5.0,0.06,11.8138,0
5.0,0.24,16.2249,5.0,0.24,11.8121,0
5.0,0.48,16.2341,5.0,0.48,11.8346,0
5.0,0.9,16.3046,5.0,0.9,11.8249,0
3.0,0.06,1.59582,3.0,0.06,0.020503,1
5.0,1.8,16.2864,5.0,1.8,11.7951,0
0.1,0.06,0.372179,0.1,0.06,0.0088675,0
0.1,0.24,0.391837,0.1,0.24,0.014126,0
0.1,0.48,0.387369,0.1,0.48,0.018361,0
0.1,0.9,0.434455,0.1,0.9,0.0316505,0
0.1,1.2,0.509434,0.1,1.2,0.0429365,0
0.1,1.8,0.556856,0.1,1.8,0.0646025,0
0.5,0.06,1.67491,0.5,0.06,0.0088365,0
0.5,0.24,1.7049,0.5,0.24,0.014042,0
0.5,0.48,1.69131,0.5,0.48,0.018477,0
0.5,0.9,1.73111,0.5,0.9,0.0305685,0
0.5,1.2,1.79996,0.5,1.2,0.039528,0
0.5,1.8,1.72185,0.5,1.8,0.05603,0
1.2,0.06,3.93085,1.2,0.06,0.008735,0
1.2,0.24,3.97693,1.2,0.24,0.013978,0
1.2,0.48,3.95505,1.2,0.48,0.0182495,0
1.2,0.9,4.02843,1.2,0.9,0.030251,0
1.2,1.2,4.05586,1.2,1.2,0.0384465,0
1.2,1.8,4.01426,1.2,1.8,0.054732,0
3.0,0.06,9.75282,3.0,0.06,0.0084885,0
3.0,0.24,9.8058,3.0,0.24,0.013725,0
3.0,0.48,9.77258,3.0,0.48,0.0180005,0
3.0,0.9,9.79907,3.0,0.9,0.0295835,0
3.0,1.2,9.90999,3.0,1.2,0.0374135,0
3.0,1.8,9.83823,3.0,1.8,0.0562065,0
4.0,0.06,12.9882,4.0,0.06,0.008298,0
4.0,0.24,13.0073,4.0,0.24,0.0136815,0
4.0,0.48,12.9638,4.0,0.48,0.017728,0
4.0,0.9,13.0512,4.0,0.9,0.029426,0
4.0,1.2,13.0959,4.0,1.2,0.0370815,0
4.0,1.8,12.999,4.0,1.8,0.0558225,0
5.0,0.06,16.1572,5.0,0.06,0.0082215,0
5.0,0.24,16.2249,5.0,0.24,0.013501,0
5.0,0.48,16.2341,5.0,0.48,0.0176655,0
16.587388699536454,7.703355195510575,60.24439182011166,16.70707287928011,5.148273511655139,71.12781145697187,1
5.0,1.2,16.3033,5.0,1.2,0.036939,0
5.0,1.8,16.2864,5.0,1.8,0.055639,0
0.1,0.06,0.372179,0.1,0.06,0.00926,0
0.1,0.24,0.391837,0.1,0.24,0.0135855,0
0.1,0.48,0.387369,0.1,0.48,0.0163925,0
0.1,0.9,0.434455,0.1,0.9,0.0328135,0
0.1,1.2,0.509434,0.1,1.2,0.04119,0
0.1,1.8,0.556856,0.1,1.8,0.063788,0
0.5,0.06,1.67491,0.5,0.06,0.0096705,0
0.5,0.24,1.7049,0.5,0.24,0.014322,0
0.5,0.48,1.69131,0.5,0.48,0.0167345,0
0.5,0.9,1.73111,0.5,0.9,0.0286945,0
0.5,1.2,1.79996,0.5,1.2,0.028624,0
0.5,1.8,1.72185,0.5,1.8,0.060146,0
1.2,0.06,3.93085,1.2,0.06,0.00961,0
1.2,0.24,3.97693,1.2,0.24,0.0142875,0
1.2,0.48,3.95505,1.2,0.48,0.0174515,0
1.2,0.9,4.02843,1.2,0.9,0.029225,0
1.2,1.2,4.05586,1.2,1.2,0.0286675,0
1.2,1.8,4.01426,1.2,1.8,0.058488,0
3.0,0.06,9.75282,3.0,0.06,0.0097155,0
3.0,0.24,9.8058,3.0,0.24,0.014398,0
3.0,0.48,9.77258,3.0,0.48,0.0173825,0
3.0,0.9,9.79907,3.0,0.9,0.029262,0
3.0,1.2,9.90999,3.0,1.2,0.028831,0
3.0,1.8,9.83823,3.0,1.8,0.058569,0
4.0,0.06,12.9882,4.0,0.06,0.0096925,0
4.0,0.24,13.0073,4.0,0.24,0.014386,0
4.0,0.48,12.9638,4.0,0.48,0.017627,0
4.0,0.9,13.0512,4.0,0.9,0.029225,0
4.0,1.2,13.0959,4.0,1.2,0.0290385,0
4.0,1.8,12.999,4.0,1.8,0.058168,0
5.0,0.06,16.1572,5.0,0.06,0.009735,0
5.0,0.24,16.2249,5.0,0.24,0.0145125,0
5.0,0.48,16.2341,5.0,0.48,0.017469,0
5.0,0.9,16.3046,5.0,0.9,0.0295155,0
5.0,1.2,16.3033,5.0,1.2,0.028903,0
5.0,1.8,16.2864,5.0,1.8,0.0580455,0
0.1,0.06,0.507773,0.1,0.06,0.210108,0
0.1,0.24,0.501228,0.1,0.24,0.232387,0
0.1,0.48,0.509654,0.1,0.48,0.231811,0
0.1,0.9,0.542061,0.1,0.9,0.314533,0
0.1,1.2,0.560947,0.1,1.2,0.323246,0
0.1,1.8,0.606514,0.1,1.8,0.389009,0
0.5,0.06,2.41792,0.5,0.06,0.91696,0
0.5,0.24,2.41456,0.5,0.24,0.929384,0
0.5,0.48,2.41296,0.5,0.48,0.925979,0
0.5,0.9,2.39363,0.5,0.9,0.970889,0
0.5,1.2,2.3898,0.5,1.2,1.00036,0
0.5,1.8,2.40379,0.5,1.8,1.17354,0
1.2,0.06,5.70456,1.2,0.06,2.12447,0
1.2,0.24,5.67613,1.2,0.24,2.14948,0
1.2,0.48,5.68788,1.2,0.48,2.16104,0
1.2,0.9,5.68554,1.2,0.9,2.17914,0
1.2,1.2,5.74229,1.2,1.2,2.21318,0
0.5,0.48,0.925979,0.5,0.48,1.1999,1
3.0,0.06,14.2214,3.0,0.06,5.21643,0
3.0,0.24,14.1628,3.0,0.24,5.26003,0
3.0,0.48,14.1609,3.0,0.48,5.22463,0
3.0,0.9,14.1676,3.0,0.9,5.3009,0
3.0,1.2,14.1632,3.0,1.2,5.33885,0
3.0,1.8,14.1406,3.0,1.8,5.5026,0
4.0,0.06,18.8335,4.0,0.06,6.92682,0
4.0,0.24,18.942,4.0,0.24,6.94664,0
4.0,0.48,18.8187,4.0,0.48,6.97241,0
4.0,0.9,18.8942,4.0,0.9,7.02021,0
4.0,1.2,18.856,4.0,1.2,7.0396,0
4.0,1.8,18.8489,4.0,1.8,7.24074,0
5.0,0.06,23.5378,5.0,0.06,8.66816,0
5.0,0.24,23.4521,5.0,0.24,8.71225,0
5.0,0.48,23.4997,5.0,0.48,8.66596,0
5.0,0.9,23.5368,5.0,0.9,8.73493,0
5.0,1.2,23.5381,5.0,1.2,8.77533,0
5.0,1.8,23.4786,5.0,1.8,8.91205,0
0.1,0.06,0.507773,0.1,0.06,0.254034,0
0.1,0.24,0.501228,0.1,0.24,0.253793,0
0.1,0.48,0.509654,0.1,0.48,0.291381,0
0.1,0.9,0.542061,0.1,0.9,0.316283,0
0.1,1.2,0.560947,0.1,1.2,0.360651,0
0.1,1.8,0.606514,0.1,1.8,0.489764,0
0.5,0.06,2.41792,0.5,0.06,1.25686,0
0.5,0.24,2.41456,0.5,0.24,1.22666,0
0.5,0.48,2.41296,0.5,0.48,1.1999,0
0.5,0.9,2.39363,0.5,0.9,1.19644,0
0.5,1.2,2.3898,0.5,1.2,1.22227,0
0.5,1.8,2.40379,0.5,1.8,1.24345,0
1.2,0.06,5.70456,1.2,0.06,2.87516,0
1.2,0.24,5.67613,1.2,0.24,2.90549,0
1.2,0.48,5.68788,1.2,0.48,2.93071,0
1.2,0.9,5.68554,1.2,0.9,2.87296,0
1.2,1.2,5.74229,1.2,1.2,2.85518,0
1.2,1.8,5.6919,1.2,1.8,2.84848,0
3.0,0.06,14.2214,3.0,0.06,7.14248,0
3.0,0.24,14.1628,3.0,0.24,7.08414,0
3.0,0.48,14.1609,3.0,0.48,7.17294,0
3.0,0.9,14.1676,3.0,0.9,7.13433,0
3.0,1.2,14.1632,3.0,1.2,7.1603,0
3.0,1.8,14.1406,3.0,1.8,7.23513,0
4.0,0.06,18.8335,4.0,0.06,9.53126,0
4.0,0.24,18.942,4.0,0.24,9.54016,0
4.0,0.48,18.8187,4.0,0.48,9.49378,0
4.0,0.9,18.8942,4.0,0.9,9.46901,0
4.0,1.2,18.856,4.0,1.2,9.53634,0
4.0,1.8,18.8489,4.0,1.8,9.48484,0
5.0,0.06,23.5378,5.0,0.06,11.8138,0
5.0,0.24,23.4521,5.0,0.24,11.8121,0
5.0,0.48,23.4997,5.0,0.48,11.8346,0
5.0,0.9,23.5368,5.0,0.9,11.8249,0
5.0,1.2,23.5381,5.0,1.2,11.7941,0
5.0,1.8,23.4786,5.0,1.8,11.7951,0
0.1,0.06,0.507773,0.1,0.06,0.0088675,0
0.1,0.24,0.501228,0.1,0.24,0.014126,0
0.1,0.48,0.509654,0.1,0.48,0.018361,0
0.1,0.9,0.542061,0.1,0.9,0.0316505,0
0.1,1.2,0.560947,0.1,1.2,0.0429365,0
0.1,1.8,0.606514,0.1,1.8,0.0646025,0
0.5,0.06,2.41792,0.5,0.06,0.0088365,0
0.5,0.24,2.41456,0.5,0.24,0.014042,0
0.5,0.48,2.41296,0.5,0.48,0.018477,0
0.5,0.9,2.39363,0.5,0.9,0.0305685,0
0.5,1.2,2.3898,0.5,1.2,0.039528,0
0.5,1.8,2.40379,0.5,1.8,0.05603,0
1.2,0.06,5.70456,1.2,0.06,0.008735,0
1.2,0.24,5.67613,1.2,0.24,0.013978,0
1.2,0.48,5.68788,1.2,0.48,0.0182495,0
1.2,0.9,5.68554,1.2,0.9,0.030251,0
1.2,1.2,5.74229,1.2,1.2,0.0384465,0
1.2,1.8,5.6919,1.2,1.8,0.054732,0
3.0,0.06,14.2214,3.0,0.06,0.0084885,0
3.0,0.24,14.1628,3.0,0.24,0.013725,0
3.0,0.48,14.1609,3.0,0.48,0.0180005,0
3.0,0.9,14.1676,3.0,0.9,0.0295835,0
3.0,1.2,14.1632,3.0,1.2,0.0374135,0
3.0,1.8,14.1406,3.0,1.8,0.0562065,0
3.0,0.06,4.06345,3.0,0.06,0.007243,1
4.0,0.24,18.942,4.0,0.24,0.0136815,0
4.0,0.48,18.8187,4.0,0.48,0.017728,0
4.0,0.9,18.8942,4.0,0.9,0.029426,0
4.0,1.2,18.856,4.0,1.2,0.0370815,0
4.0,1.8,18.8489,4.0,1.8,0.0558225,0
4.00325,1.2,7.20253,4.00318,1.2,0.02362,1
5.0,0.24,23.4521,5.0,0.24,0.013501,0
5.0,0.48,23.4997,5.0,0.48,0.0176655,0
5.0,0.9,23.5368,5.0,0.9,0.0293985,0
5.0,1.2,23.5381,5.0,1.2,0.036939,0
5.0,1.8,23.4786,5.0,1.8,0.055639,0
0.1,0.06,0.507773,0.1,0.06,0.00926,0
0.1,0.24,0.501228,0.1,0.24,0.0135855,0
0.1,0.48,0.509654,0.1,0.48,0.0163925,0
0.1,0.9,0.542061,0.1,0.9,0.0328135,0
0.1,1.2,0.560947,0.1,1.2,0.04119,0
0.1,1.8,0.606514,0.1,1.8,0.063788,0
0.5,0.06,2.41792,0.5,0.06,0.0096705,0
0.5,0.24,2.41456,0.5,0.24,0.014322,0
0.5,0.48,2.41296,0.5,0.48,0.0167345,0
0.5,0.9,2.39363,0.5,0.9,0.0286945,0
0.5,1.2,2.3898,0.5,1.2,0.028624,0
0.5,1.8,2.40379,0.5,1.8,0.060146,0
1.2,0.06,5.70456,1.2,0.06,0.00961,0
1.2,0.24,5.67613,1.2,0.24,0.0142875,0
1.2,0.48,5.68788,1.2,0.48,0.0174515,0
1.2,0.9,5.68554,1.2,0.9,0.029225,0
1.2,1.2,5.74229,1.2,1.2,0.0286675,0
1.2,1.8,5.6919,1.2,1.8,0.058488,0
3.0,0.06,14.2214,3.0,0.06,0.0097155,0
3.0,0.24,14.1628,3.0,0.24,0.014398,0
3.0,0.48,14.1609,3.0,0.48,0.0173825,0
3.0,0.9,14.1676,3.0,0.9,0.029262,0
3.0,1.2,14.1632,3.0,1.2,0.028831,0
3.0,1.8,14.1406,3.0,1.8,0.058569,0
4.0,0.06,18.8335,4.0,0.06,0.0096925,0
4.0,0.24,18.942,4.0,0.24,0.014386,0
4.0,0.48,18.8187,4.0,0.48,0.017627,0
4.0,0.9,18.8942,4.0,0.9,0.029225,0
4.0,1.2,18.856,4.0,1.2,0.0290385,0
4.0,1.8,18.8489,4.0,1.8,0.058168,0
5.0,0.06,23.5378,5.0,0.06,0.009735,0
5.0,0.24,23.4521,5.0,0.24,0.0145125,0
5.0,0.48,23.4997,5.0,0.48,0.017469,0
5.0,0.9,23.5368,5.0,0.9,0.0295155,0
5.0,1.2,23.5381,5.0,1.2,0.028903,0
5.0,1.8,23.4786,5.0,1.8,0.0580455,0
0.1,0.06,0.210108,0.1,0.06,0.254034,0
0.1,0.24,0.232387,0.1,0.24,0.253793,0
0.1,0.48,0.231811,0.1,0.48,0.291381,0
0.1,0.9,0.314533,0.1,0.9,0.316283,0
13.393372056254837,6.7491176187663715,55.148681065546974,16.119490980835568,7.303465773838015,58.252626735121645,1
0.1,1.8,0.389009,0.1,1.8,0.489764,0
0.5,0.06,0.91696,0.5,0.06,1.25686,0
0.5,0.24,0.929384,0.5,0.24,1.22666,0
0.5,0.48,0.925979,0.5,0.48,1.1999,0
0.5,0.9,0.970889,0.5,0.9,1.19644,0
0.5,1.2,1.00036,0.5,1.2,1.22227,0
0.5,1.8,1.17354,0.5,1.8,1.24345,0
1.2,0.06,2.12447,1.2,0.06,2.87516,0
1.2,0.24,2.14948,1.2,0.24,2.90549,0
1.2,0.48,2.16104,1.2,0.48,2.93071,0
1.2,0.9,2.17914,1.2,0.9,2.87296,0
1.2,1.2,2.21318,1.2,1.2,2.85518,0
1.2,1.8,2.38012,1.2,1.8,2.84848,0
3.0,0.06,5.21643,3.0,0.06,7.14248,0
3.0,0.24,5.26003,3.0,0.24,7.08414,0
3.0,0.48,5.22463,3.0,0.48,7.17294,0
3.0,0.9,5.3009,3.0,0.9,7.13433,0
3.0,1.2,5.33885,3.0,1.2,7.1603,0
3.0,1.8,5.5026,3.0,1.8,7.23513,0
4.0,0.06,6.92682,4.0,0.06,9.53126,0
4.0,0.24,6.94664,4.0,0.24,9.54016,0
4.0,0.48,6.97241,4.0,0.48,9.49378,0
4.0,0.9,7.02021,4.0,0.9,9.46901,0
4.0,1.2,7.0396,4.0,1.2,9.53634,0
3.0,0.24,7.40622,3.0,0.24,0.007535,1
5.0,0.06,8.66816,5.0,0.06,11.8138,0
5.0,0.24,8.71225,5.0,0.24,11.8121,0
5.0,0.48,8.66596,5.0,0.48,11.8346,0
5.0,0.9,8.73493,5.0,0.9,11.8249,0
5.0,1.2,8.77533,5.0,1.2,11.7941,0
5.0,1.8,8.91205,5.0,1.8,11.7951,0
0.1,0.06,0.210108,0.1,0.06,0.0088675,0
0.1,0.24,0.232387,0.1,0.24,0.014126,0
0.1,0.48,0.231811,0.1,0.48,0.018361,0
0.1,0.9,0.314533,0.1,0.9,0.0316505,0
0.1,1.2,0.323246,0.1,1.2,0.0429365,0
0.1,1.8,0.389009,0.1,1.8,0.0646025,0
0.5,0.06,0.91696,0.5,0.06,0.0088365,0
0.5,0.24,0.929384,0.5,0.24,0.014042,0
0.5,0.48,0.925979,0.5,0.48,0.018477,0
0.5,0.9,0.970889,0.5,0.9,0.0305685,0
0.5,1.2,1.00036,0.5,1.2,0.039528,0
0.5,1.8,1.17354,0.5,1.8,0.05603,0
1.2,0.06,2.12447,1.2,0.06,0.008735,0
1.2,0.24,2.14948,1.2,0.24,0.013978,0
1.2,0.48,2.16104,1.2,0.48,0.0182495,0
1.2,0.9,2.17914,1.2,0.9,0.030251,0
1.2,1.2,2.21318,1.2,1.2,0.0384465,0
1.2,1.8,2.38012,1.2,1.8,0.054732,0
3.0,0.06,5.21643,3.0,0.06,0.0084885,0
3.0,0.24,5.26003,3.0,0.24,0.013725,0
3.0,0.48,5.22463,3.0,0.48,0.0180005,0
3.0,0.9,5.3009,3.0,0.9,0.0295835,0
3.0,1.2,5.33885,3.0,1.2,0.0374135,0
3.0,1.8,5.5026,3.0,1.8,0.0562065,0
4.0,0.06,6.92682,4.0,0.06,0.008298,0
4.0,0.24,6.94664,4.0,0.24,0.0136815,0
4.0,0.48,6.97241,4.0,0.48,0.017728,0
4.0,0.9,7.02021,4.0,0.9,0.029426,0
4.0,1.2,7.0396,4.0,1.2,0.0370815,0
4.0,1.8,7.24074,4.0,1.8,0.0558225,0
5.0,0.06,8.66816,5.0,0.06,0.0082215,0
5.0,0.24,8.71225,5.0,0.24,0.013501,0
5.0,0.48,8.66596,5.0,0.48,0.0176655,0
5.0,0.9,8.73493,5.0,0.9,0.0293985,0
5.0,1.2,8.77533,5.0,1.2,0.036939,0
5.0,1.8,8.91205,5.0,1.8,0.055639,0
0.1,0.06,0.210108,0.1,0.06,0.00926,0
0.1,0.24,0.232387,0.1,0.24,0.0135855,0
12.276137562651137,6.202446789648958,46.13519358351749,14.626003853668376,8.422280945255501,37.83736916145381,1
0.1,0.9,0.314533,0.1,0.9,0.0328135,0
0.1,1.2,0.323246,0.1,1.2,0.04119,0
0.1,1.8,0.389009,0.1,1.8,0.063788,0
0.5,0.06,0.91696,0.5,0.06,0.0096705,0
0.5,0.24,0.929384,0.5,0.24,0.014322,0
0.5,0.48,0.925979,0.5,0.48,0.0167345,0
0.5,0.9,0.970889,0.5,0.9,0.0286945,0
0.5,1.2,1.00036,0.5,1.2,0.028624,0
0.5,1.8,1.17354,0.5,1.8,0.060146,0
1.2,0.06,2.12447,1.2,0.06,0.00961,0
1.2,0.24,2.14948,1.2,0.24,0.0142875,0
1.2,0.48,2.16104,1.2,0.48,0.0174515,0
1.2,0.9,2.17914,1.2,0.9,0.029225,0
1.2,1.2,2.21318,1.2,1.2,0.0286675,0
1.2,1.8,2.38012,1.2,1.8,0.058488,0
3.0,0.06,5.21643,3.0,0.06,0.0097155,0
3.0,0.24,5.26003,3.0,0.24,0.014398,0
3.0,0.48,5.22463,3.0,0.48,0.0173825,0
3.0,0.9,5.3009,3.0,0.9,0.029262,0
3.0,1.2,5.33885,3.0,1.2,0.028831,0
3.0,1.8,5.5026,3.0,1.8,0.058569,0
4.0,0.06,6.92682,4.0,0.06,0.0096925,0
4.0,0.24,6.94664,4.0,0.24,0.014386,0
4.0,0.48,6.97241,4.0,0.48,0.017627,0
4.0,0.9,7.02021,4.0,0.9,0.029225,0
4.0,1.2,7.0396,4.0,1.2,0.0290385,0
4.0,1.8,7.24074,4.0,1.8,0.058168,0
5.0,0.06,8.66816,5.0,0.06,0.009735,0
5.0,0.24,8.71225,5.0,0.24,0.0145125,0
5.0,0.48,8.66596,5.0,0.48,0.017469,0
5.0,0.9,8.73493,5.0,0.9,0.0295155,0
4.070854255887446,0.9461529358051446,7.711913256100368,5.015810986955124,1.3358417922500152,0.8243008710856263,1
5.0,1.8,8.91205,5.0,1.8,0.0580455,0
0.1,0.06,0.254034,0.1,0.06,0.0088675,0
0.1,0.24,0.253793,0.1,0.24,0.014126,0
0.1,0.48,0.291381,0.1,0.48,0.018361,0
0.1,0.9,0.316283,0.1,0.9,0.0316505,0
0.1,1.2,0.360651,0.1,1.2,0.0429365,0
0.1,1.8,0.489764,0.1,1.8,0.0646025,0
0.5,0.06,1.25686,0.5,0.06,0.0088365,0
0.5,0.24,1.22666,0.5,0.24,0.014042,0
0.5,0.48,1.1999,0.5,0.48,0.018477,0
0.5,0.9,1.19644,0.5,0.9,0.0305685,0
0.5,1.2,1.22227,0.5,1.2,0.039528,0
0.5,1.8,1.24345,0.5,1.8,0.05603,0
1.2,0.06,2.87516,1.2,0.06,0.008735,0
1.2,0.24,2.90549,1.2,0.24,0.013978,0
1.2,0.48,2.93071,1.2,0.48,0.0182495,0
1.2,0.9,2.87296,1.2,0.9,0.030251,0
1.2,1.2,2.85518,1.2,1.2,0.0384465,0
1.2,1.8,2.84848,1.2,1.8,0.054732,0
3.0,0.06,7.14248,3.0,0.06,0.0084885,0
3.0,0.24,7.08414,3.0,0.24,0.013725,0
3.0,0.48,7.17294,3.0,0.48,0.0180005,0
3.0,0.9,7.13433,3.0,0.9,0.0295835,0
3.0,1.2,7.1603,3.0,1.2,0.0374135,0
3.0,1.8,7.23513,3.0,1.8,0.0562065,0
4.0,0.06,9.53126,4.0,0.06,0.008298,0
4.0,0.24,9.54016,4.0,0.24,0.0136815,0
4.0,0.48,9.49378,4.0,0.48,0.017728,0
4.0,0.9,9.46901,4.0,0.9,0.029426,0
13.111625530840415,4.1124310218110764,42.587286945512226,11.421459786849542,5.439469189788391,60.357108765384154,1
4.0,1.8,9.48484,4.0,1.8,0.0558225,0
5.0,0.06,11.8138,5.0,0.06,0.0082215,0
5.0,0.24,11.8121,5.0,0.24,0.013501,0
5.0,0.48,11.8346,5.0,0.48,0.0176655,0
5.0,0.9,11.8249,5.0,0.9,0.0293985,0
5.0,1.2,11.7941,5.0,1.2,0.036939,0
5.0,1.8,11.7951,5.0,1.8,0.055639,0
0.1,0.06,0.254034,0.1,0.06,0.00926,0
0.1,0.24,0.253793,0.1,0.24,0.0135855,0
0.1,0.48,0.291381,0.1,0.48,0.0163925,0
0.1,0.9,0.316283,0.1,0.9,0.0328135,0
0.1,1.2,0.360651,0.1,1.2,0.04119,0
0.1,1.8,0.489764,0.1,1.8,0.063788,0
0.5,0.06,1.25686,0.5,0.06,0.0096705,0
0.5,0.24,1.22666,0.5,0.24,0.014322,0
0.5,0.48,1.1999,0.5,0.48,0.0167345,0
0.5,0.9,1.19644,0.5,0.9,0.0286945,0
0.5,1.2,1.22227,0.5,1.2,0.028624,0
0.5,1.8,1.24345,0.5,1.8,0.060146,0
1.2,0.06,2.87516,1.2,0.06,0.00961,0
1.2,0.24,2.90549,1.2,0.24,0.0142875,0
1.2,0.48,2.93071,1.2,0.48,0.0174515,0
1.2,0.9,2.87296,1.2,0.9,0.029225,0
1.2,1.2,2.85518,1.2,1.2,0.0286675,0
1.2,1.8,2.84848,1.2,1.8,0.058488,0
3.0,0.06,7.14248,3.0,0.06,0.0097155,0
3.0,0.24,7.08414,3.0,0.24,0.014398,0
3.0,0.48,7.17294,3.0,0.48,0.0173825,0
3.0,0.9,7.13433,3.0,0.9,0.029262,0
3.0,1.2,7.1603,3.0,1.2,0.028831,0
3.0,1.8,7.23513,3.0,1.8,0.058569,0
4.0,0.06,9.53126,4.0,0.06,0.0096925,0
4.0,1.8,12.0839,4.0,1.8,8.28075,1
4.0,0.48,9.49378,4.0,0.48,0.017627,0
4.0,0.9,9.46901,4.0,0.9,0.029225,0
4.0,1.2,9.53634,4.0,1.2,0.0290385,0
4.0,1.8,9.48484,4.0,1.8,0.058168,0
5.0,0.06,11.8138,5.0,0.06,0.009735,0
5.0,0.24,11.8121,5.0,0.24,0.0145125,0
5.0,0.48,11.8346,5.0,0.48,0.017469,0
5.0,0.9,11.8249,5.0,0.9,0.0295155,0
5.0,1.2,11.7941,5.0,1.2,0.028903,0
5.0,1.8,11.7951,5.0,1.8,0.0580455,0
9.44281219167838,4.330710159817064,39.03535910488318,15.49552941076848,7.259897054875714,38.1755948212419,1
0.1,0.24,0.014126,0.1,0.24,0.0135855,0
0.1,0.48,0.018361,0.1,0.48,0.0163925,0
0.1,0.9,0.0316505,0.1,0.9,0.0328135,0
0.1,1.2,0.0429365,0.1,1.2,0.04119,0
0.1,1.8,0.0646025,0.1,1.8,0.063788,0
0.5,0.06,0.0088365,0.5,0.06,0.0096705,0
0.5,0.24,0.014042,0.5,0.24,0.014322,0
0.5,0.48,0.018477,0.5,0.48,0.0167345,0
0.5,0.9,0.0305685,0.5,0.9,0.0286945,0
0.5,1.2,0.039528,0.5,1.2,0.028624,0
0.5,1.8,0.05603,0.5,1.8,0.060146,0
1.2,0.06,0.008735,1.2,0.06,0.00961,0
1.2,0.24,0.013978,1.2,0.24,0.0142875,0
1.2,0.48,0.0182495,1.2,0.48,0.0174515,0
1.2,0.9,0.030251,1.2,0.9,0.029225,0
1.2,1.2,0.0384465,1.2,1.2,0.0286675,0
1.2,1.8,0.054732,1.2,1.8,0.058488,0
3.0,0.06,0.0084885,3.0,0.06,0.0097155,0
3.0,0.24,0.013725,3.0,0.24,0.014398,0
3.0,0.48,0.0180005,3.0,0.48,0.0173825,0
0.02,0.42,0.122815,0.02,0.42,0.005487,1
3.0,1.2,0.0374135,3.0,1.2,0.028831,0
3.0,1.8,0.0562065,3.0,1.8,0.058569,0
4.0,0.06,0.008298,4.0,0.06,0.0096925,0
4.0,0.24,0.0136815,4.0,0.24,0.014386,0
4.0,0.48,0.017728,4.0,0.48,0.017627,0
4.0,0.9,0.029426,4.0,0.9,0.029225,0
4.0,1.2,0.0370815,4.0,1.2,0.0290385,0
4.0,1.8,0.0558225,4.0,1.8,0.058168,0
5.0,0.06,0.0082215,5.0,0.06,0.009735,0
5.0,0.24,0.013501,5.0,0.24,0.0145125,0
5.0,0.48,0.0176655,5.0,0.48,0.017469,0
5.0,0.9,0.0293985,5.0,0.9,0.0295155,0
5.0,1.2,0.036939,5.0,1.2,0.028903,0
5.0,1.8,0.055639,5.0,1.8,0.0580455,0
0.02,0.06,0.061801,0.02,0.06,0.051606,0
0.02,0.18,0.064944,0.02,0.18,0.062202,0
0.02,0.42,0.033717,0.02,0.42,0.128614,0
0.02,0.6,0.066745,0.02,0.6,0.260273,0
0.02,1.2,0.020837,0.02,1.2,0.131762,0
0.04,0.06,0.092058,0.04,0.06,0.096823,0
0.04,0.18,0.092784,0.04,0.18,0.099186,0
0.04,0.42,0.073222,0.04,0.42,0.149466,0
0.04,0.6,0.088465,0.04,0.6,0.276214,0
0.04,1.2,-0.063356,0.04,1.2,0.343524,0
0.08,0.06,0.153645,0.08,0.06,0.191429,0
0.08,0.18,0.152118,0.08,0.18,0.190526,0
0.08,0.42,0.135083,0.08,0.42,0.205683,0
0.08,0.6,0.142277,0.08,0.6,0.318646,0
0.08,1.2,0.05643,0.08,1.2,0.385425,0
0.2,0.06,0.341464,0.2,0.06,0.479041,0
0.2,0.18,0.338284,0.2,0.18,0.464822,0
0.2,0.42,0.315214,0.2,0.42,0.469088,0
0.2,0.6,0.32718,0.2,0.6,0.528989,0
0.2,1.2,0.256767,0.2,1.2,0.521921,0
0.02,0.06,0.061801,0.02,0.06,0.064675,0
0.02,0.18,0.064944,0.02,0.18,0.095092,0
0.02,0.42,0.033717,0.02,0.42,0.116153,0
0.02,0.6,0.066745,0.02,0.6,0.09963,0
0.02,1.2,0.020837,0.02,1.2,0.189534,0
0.04,0.06,0.092058,0.04,0.06,0.086219,0
0.04,0.18,0.092784,0.04,0.18,0.117075,0
0.04,0.42,0.073222,0.04,0.42,0.124887,0
0.04,0.6,0.088465,0.04,0.6,0.135389,0
0.04,1.2,-0.063356,0.04,1.2,0.197247,0
0.08,0.06,0.153645,0.08,0.06,0.12645,0
0.08,0.18,0.152118,0.08,0.18,0.156876,0
0.08,0.42,0.135083,0.08,0.42,0.150696,0
0.08,0.6,0.142277,0.08,0.6,0.185944,0
0.08,1.2,0.05643,0.08,1.2,0.21398,0
-0.3814694934264565,-0.11870752408534996,0.8179687491070249,0.0500612627516939,0.29020782492141206,0.17701897853604825,1
0.2,0.18,0.338284,0.2,0.18,0.276333,0
0.2,0.42,0.315214,0.2,0.42,0.29071,0
0.2,0.6,0.32718,0.2,0.6,0.333818,0
0.2,1.2,0.256767,0.2,1.2,0.278297,0
0.02,0.06,0.061801,0.02,0.06,0.034174,0
0.02,0.18,0.064944,0.02,0.18,0.060697,0
0.02,0.42,0.033717,0.02,0.42,0.205068,0
0.02,0.6,0.066745,0.02,0.6,0.125174,0
0.02,1.2,0.020837,0.02,1.2,0.539425,0
0.04,0.06,0.092058,0.04,0.06,0.059651,0
0.04,0.18,0.092784,0.04,0.18,0.071384,0
0.04,0.42,0.073222,0.04,0.42,0.211615,0
0.04,0.6,0.088465,0.04,0.6,0.153619,0
0.04,1.2,-0.063356,0.04,1.2,0.544884,0
0.08,0.06,0.153645,0.08,0.06,0.113123,0
0.08,0.18,0.152118,0.08,0.18,0.116687,0
0.08,0.42,0.135083,0.08,0.42,0.235821,0
0.08,0.6,0.142277,0.08,0.6,0.232298,0
0.08,1.2,0.05643,0.08,1.2,0.556728,0
0.2,0.06,0.341464,0.2,0.06,0.293073,0
0.2,0.18,0.338284,0.2,0.18,0.279476,0
0.2,0.42,0.315214,0.2,0.42,0.335614,0
0.2,0.6,0.32718,0.2,0.6,0.315619,0
0.2,1.2,0.256767,0.2,1.2,0.605815,0
0.02,0.06,0.061801,0.02,0.06,0.004105,0
0.02,0.18,0.064944,0.02,0.18,0.006936,0
0.02,0.42,0.033717,0.02,0.42,0.008383,0
0.02,0.6,0.066745,0.02,0.6,0.004955,0
0.02,1.2,0.020837,0.02,1.2,0.027186,0
0.04,0.06,0.092058,0.04,0.06,0.004085,0
0.04,0.18,0.092784,0.04,0.18,0.00678,0
0.04,0.42,0.073222,0.04,0.42,0.008387,0
0.04,0.6,0.088465,0.04,0.6,0.004878,0
0.04,1.2,-0.063356,0.04,1.2,0.020718,0
0.08,0.06,0.153645,0.08,0.06,0.003935,0
0.08,0.18,0.152118,0.08,0.18,0.00623,0
0.08,0.42,0.135083,0.08,0.42,0.008392,0
0.08,0.6,0.142277,0.08,0.6,0.005213,0
0.08,1.2,0.05643,0.08,1.2,0.020111,0
0.2,0.06,0.341464,0.2,0.06,0.003943,0
0.2,0.18,0.338284,0.2,0.18,0.005701,0
0.2,0.42,0.315214,0.2,0.42,0.008171,0
0.2,0.6,0.32718,0.2,0.6,0.005588,0
0.2,1.2,0.256767,0.2,1.2,0.019868,0
0.02,0.06,0.061801,0.02,0.06,0.005564,0
0.02,0.18,0.064944,0.02,0.18,0.008265,0
0.02,0.42,0.033717,0.02,0.42,0.006678,0
0.02,0.6,0.066745,0.02,0.6,0.013133,0
0.02,1.2,0.020837,0.02,1.2,0.008011,0
0.04,0.06,0.092058,0.04,0.06,0.005625,0
0.04,0.18,0.092784,0.04,0.18,0.008309,0
0.04,0.42,0.073222,0.04,0.42,0.006572,0
-0.2991673146677467,0.29292823437640764,0.8507235905579515,-0.1824731954476264,1.4005371530821962,0.4587982897974064,1
0.04,1.2,-0.063356,0.04,1.2,0.007786,0
0.08,0.06,0.153645,0.08,0.06,0.005657,0
0.08,0.18,0.152118,0.08,0.18,0.008269,0
0.08,0.42,0.135083,0.08,0.42,0.006329,0
0.08,0.6,0.142277,0.08,0.6,0.015336,0
0.08,1.2,0.05643,0.08,1.2,0.007692,0
0.2,0.06,0.341464,0.2,0.06,0.005756,0
0.2,0.18,0.338284,0.2,0.18,0.008141,0
0.2,0.42,0.315214,0.2,0.42,0.006406,0
0.2,0.6,0.32718,0.2,0.6,0.014299,0
0.2,1.2,0.256767,0.2,1.2,0.007762,0
0.02,0.06,0.051606,0.02,0.06,0.064675,0
0.02,0.18,0.062202,0.02,0.18,0.095092,0
0.02,0.42,0.128614,0.02,0.42,0.116153,0
0.02,0.6,0.260273,0.02,0.6,0.09963,0
0.02,1.2,0.131762,0.02,1.2,0.189534,0
0.04,0.06,0.096823,0.04,0.06,0.086219,0
0.04,0.18,0.099186,0.04,0.18,0.117075,0
0.04,0.42,0.149466,0.04,0.42,0.124887,0
0.04,0.6,0.276214,0.04,0.6,0.135389,0
0.04,1.2,0.343524,0.04,1.2,0.197247,0
0.08,0.06,0.191429,0.08,0.06,0.12645,0
0.08,0.18,0.190526,0.08,0.18,0.156876,0
0.08,0.42,0.205683,0.08,0.42,0.150696,0
0.08,0.6,0.318646,0.08,0.6,0.185944,0
0.08,1.2,0.385425,0.08,1.2,0.21398,0
0.2,0.06,0.479041,0.2,0.06,0.24679,0
0.2,0.18,0.464822,0.2,0.18,0.276333,0
0.2,0.42,0.469088,0.2,0.42,0.29071,0
16.392526617334827,6.682069408334749,68.49110000294274,14.561868048744,5.884907676854745,51.42451250346774,1
0.2,1.2,0.521921,0.2,1.2,0.278297,0
0.02,0.06,0.051606,0.02,0.06,0.034174,0
0.02,0.18,0.062202,0.02,0.18,0.060697,0
0.02,0.42,0.128614,0.02,0.42,0.205068,0
0.02,0.6,0.260273,0.02,0.6,0.125174,0
0.02,1.2,0.131762,0.02,1.2,0.539425,0
0.04,0.06,0.096823,0.04,0.06,0.059651,0
0.04,0.18,0.099186,0.04,0.18,0.071384,0
0.04,0.42,0.149466,0.04,0.42,0.211615,0
0.04,0.6,0.276214,0.04,0.6,0.153619,0
0.04,1.2,0.343524,0.04,1.2,0.544884,0
0.08,0.06,0.191429,0.08,0.06,0.113123,0
0.08,0.18,0.190526,0.08,0.18,0.116687,0
0.08,0.42,0.205683,0.08,0.42,0.235821,0
0.08,0.6,0.318646,0.08,0.6,0.232298,0
0.08,1.2,0.385425,0.08,1.2,0.556728,0
0.2,0.06,0.479041,0.2,0.06,0.293073,0
0.2,0.18,0.464822,0.2,0.18,0.279476,0
0.2,0.42,0.469088,0.2,0.42,0.335614,0
0.2,0.6,0.528989,0.2,0.6,0.315619,0
0.2,1.2,0.521921,0.2,1.2,0.605815,0
0.02,0.06,0.051606,0.02,0.06,0.004105,0
0.02,0.18,0.062202,0.02,0.18,0.006936,0
0.02,0.42,0.128614,0.02,0.42,0.008383,0
0.02,0.6,0.260273,0.02,0.6,0.004955,0
0.02,1.2,0.131762,0.02,1.2,0.027186,0
0.04,0.06,0.096823,0.04,0.06,0.004085,0
0.04,0.18,0.099186,0.04,0.18,0.00678,0
0.04,0.42,0.149466,0.04,0.42,0.008387,0
0.04,0.6,0.276214,0.04,0.6,0.004878,0
0.04,1.2,0.343524,0.04,1.2,0.020718,0
0.08,0.06,0.191429,0.08,0.06,0.003935,0
0.08,0.18,0.190526,0.08,0.18,0.00623,0
0.08,0.42,0.205683,0.08,0.42,0.008392,0
0.08,0.6,0.318646,0.08,0.6,0.005213,0
0.08,1.2,0.385425,0.08,1.2,0.020111,0
0.2,0.06,0.479041,0.2,0.06,0.003943,0
0.2,0.18,0.464822,0.2,0.18,0.005701,0
0.2,0.42,0.469088,0.2,0.42,0.008171,0
0.2,0.6,0.528989,0.2,0.6,0.005588,0
0.2,1.2,0.521921,0.2,1.2,0.019868,0
0.02,0.06,0.051606,0.02,0.06,0.005564,0
0.02,0.18,0.062202,0.02,0.18,0.008265,0
0.02,0.42,0.128614,0.02,0.42,0.006678,0
0.02,0.6,0.260273,0.02,0.6,0.013133,0
0.02,1.2,0.131762,0.02,1.2,0.008011,0
0.04,0.06,0.096823,0.04,0.06,0.005625,0
0.04,0.18,0.099186,0.04,0.18,0.008309,0
0.04,0.42,0.149466,0.04,0.42,0.006572,0
0.04,0.6,0.276214,0.04,0.6,0.012878,0
0.04,1.2,0.343524,0.04,1.2,0.007786,0
0.08,0.06,0.191429,0.08,0.06,0.005657,0
0.08,0.18,0.190526,0.08,0.18,0.008269,0
12.354377091447102,4.738547676020234,48.570617109364605,17.415632598734796,6.446528389069908,50.52056174580977,1
0.08,0.6,0.318646,0.08,0.6,0.015336,0
13.249510234711032,7.056810896103177,65.02708870263983,16.79592463828369,6.5850251714405985,70.96929210539622,1
0.2,0.06,0.479041,0.2,0.06,0.005756,0
0.2,0.18,0.464822,0.2,0.18,0.008141,0
0.2,0.42,0.469088,0.2,0.42,0.006406,0
0.2,0.6,0.528989,0.2,0.6,0.014299,0
0.2,1.2,0.521921,0.2,1.2,0.007762,0
0.02,0.06,0.064675,0.02,0.06,0.034174,0
0.02,0.18,0.095092,0.02,0.18,0.060697,0
0.02,0.42,0.116153,0.02,0.42,0.205068,0
0.02,0.6,0.09963,0.02,0.6,0.125174,0
0.02,1.2,0.189534,0.02,1.2,0.539425,0
0.04,0.06,0.086219,0.04,0.06,0.059651,0
0.04,0.18,0.117075,0.04,0.18,0.071384,0
0.04,0.42,0.124887,0.04,0.42,0.211615,0
0.04,0.6,0.135389,0.04,0.6,0.153619,0
0.04,1.2,0.197247,0.04,1.2,0.544884,0
0.08,0.06,0.12645,0.08,0.06,0.113123,0
0.08,0.18,0.156876,0.08,0.18,0.116687,0
0.1,1.8,0.365912,0.1,1.8,0.017246,1
0.08,0.6,0.185944,0.08,0.6,0.232298,0
0.08,1.2,0.21398,0.08,1.2,0.556728,0
0.2,0.06,0.24679,0.2,0.06,0.293073,0
0.2,0.18,0.276333,0.2,0.18,0.279476,0
0.2,0.42,0.29071,0.2,0.42,0.335614,0
0.2,0.6,0.333818,0.2,0.6,0.315619,0
0.2,1.2,0.278297,0.2,1.2,0.605815,0
0.02,0.06,0.064675,0.02,0.06,0.004105,0
0.02,0.18,0.095092,0.02,0.18,0.006936,0
0.02,0.42,0.116153,0.02,0.42,0.008383,0
0.02,0.6,0.09963,0.02,0.6,0.004955,0
0.02,1.2,0.189534,0.02,1.2,0.027186,0
0.04,0.06,0.086219,0.04,0.06,0.004085,0
0.04,0.18,0.117075,0.04,0.18,0.00678,0
0.04,0.42,0.124887,0.04,0.42,0.008387,0
0.04,0.6,0.135389,0.04,0.6,0.004878,0
0.04,1.2,0.197247,0.04,1.2,0.020718,0
0.08,0.06,0.12645,0.08,0.06,0.003935,0
0.08,0.18,0.156876,0.08,0.18,0.00623,0
0.08,0.42,0.150696,0.08,0.42,0.008392,0
0.08,0.6,0.185944,0.08,0.6,0.005213,0
0.08,1.2,0.21398,0.08,1.2,0.020111,0
0.2,0.06,0.24679,0.2,0.06,0.003943,0
0.2,0.18,0.276333,0.2,0.18,0.005701,0
0.2,0.42,0.29071,0.2,0.42,0.008171,0
0.2,0.6,0.333818,0.2,0.6,0.005588,0
0.2,1.2,0.278297,0.2,1.2,0.019868,0
0.02,0.06,0.064675,0.02,0.06,0.005564,0
0.02,0.18,0.095092,0.02,0.18,0.008265,0
0.02,0.42,0.116153,0.02,0.42,0.006678,0
0.02,0.6,0.09963,0.02,0.6,0.013133,0
0.02,1.2,0.189534,0.02,1.2,0.008011,0
0.04,0.06,0.086219,0.04,0.06,0.005625,0
0.04,0.18,0.117075,0.04,0.18,0.008309,0
0.04,0.42,0.124887,0.04,0.42,0.006572,0
0.04,0.6,0.135389,0.04,0.6,0.012878,0
0.04,1.2,0.197247,0.04,1.2,0.007786,0
0.08,0.06,0.12645,0.08,0.06,0.005657,0
0.08,0.18,0.156876,0.08,0.18,0.008269,0
0.08,0.42,0.150696,0.08,0.42,0.006329,0
12.253728239955294,4.6924075297545444,63.91316930080521,12.89691552837761,8.305844578607838,45.474964432831776,1
0.08,1.2,0.21398,0.08,1.2,0.007692,0
0.2,0.06,0.24679,0.2,0.06,0.005756,0
0.2,0.18,0.276333,0.2,0.18,0.008141,0
0.2,0.42,0.29071,0.2,0.42,0.006406,0
0.2,0.6,0.333818,0.2,0.6,0.014299,0
0.2,1.2,0.278297,0.2,1.2,0.007762,0
0.02,0.06,0.034174,0.02,0.06,0.004105,0
0.02,0.18,0.060697,0.02,0.18,0.006936,0
0.02,0.42,0.205068,0.02,0.42,0.008383,0
0.02,0.6,0.125174,0.02,0.6,0.004955,0
0.02,1.2,0.539425,0.02,1.2,0.027186,0
0.04,0.06,0.059651,0.04,0.06,0.004085,0
0.04,0.18,0.071384,0.04,0.18,0.00678,0
0.04,0.42,0.211615,0.04,0.42,0.008387,0
0.04,0.6,0.153619,0.04,0.6,0.004878,0
0.04,1.2,0.544884,0.04,1.2,0.020718,0
0.08,0.06,0.113123,0.08,0.06,0.003935,0
0.08,0.18,0.116687,0.08,0.18,0.00623,0
0.08,0.42,0.235821,0.08,0.42,0.008392,0
0.08,0.6,0.232298,0.08,0.6,0.005213,0
0.08,1.2,0.556728,0.08,1.2,0.020111,0
0.2,0.06,0.293073,0.2,0.06,0.003943,0
0.2,0.18,0.279476,0.2,0.18,0.005701,0
0.2,0.42,0.335614,0.2,0.42,0.008171,0
0.2,0.6,0.315619,0.2,0.6,0.005588,0
0.2,1.2,0.605815,0.2,1.2,0.019868,0
0.02,0.06,0.034174,0.02,0.06,0.005564,0
0.02,0.18,0.060697,0.02,0.18,0.008265,0
0.02,0.42,0.205068,0.02,0.42,0.006678,0
0.02,0.6,0.125174,0.02,0.6,0.013133,0
0.02,1.2,0.539425,0.02,1.2,0.008011,0
0.04,0.06,0.059651,0.04,0.06,0.005625,0
0.04,0.18,0.071384,0.04,0.18,0.008309,0
0.04,0.42,0.211615,0.04,0.42,0.006572,0
0.04,0.6,0.153619,0.04,0.6,0.012878,0
0.04,1.2,0.544884,0.04,1.2,0.007786,0
0.08,0.06,0.113123,0.08,0.06,0.005657,0
0.08,0.18,0.116687,0.08,0.18,0.008269,0
0.08,0.42,0.235821,0.08,0.42,0.006329,0
0.08,0.6,0.232298,0.08,0.6,0.015336,0
0.08,1.2,0.556728,0.08,1.2,0.007692,0
0.2,0.06,0.293073,0.2,0.06,0.005756,0
0.2,0.18,0.279476,0.2,0.18,0.008141,0
0.2,0.42,0.335614,0.2,0.42,0.006406,0
0.2,0.6,0.315619,0.2,0.6,0.014299,0
0.2,1.2,0.605815,0.2,1.2,0.007762,0
0.02,0.06,0.004105,0.02,0.06,0.005564,0
0.02,0.18,0.006936,0.02,0.18,0.008265,0
0.02,0.42,0.008383,0.02,0.42,0.006678,0
0.02,0.6,0.004955,0.02,0.6,0.013133,0
0.02,1.2,0.027186,0.02,1.2,0.008011,0
0.04,0.06,0.004085,0.04,0.06,0.005625,0
0.04,0.18,0.00678,0.04,0.18,0.008309,0
0.04,0.42,0.008387,0.04,0.42,0.006572,0
0.04,0.6,0.004878,0.04,0.6,0.012878,0
0.04,1.2,0.020718,0.04,1.2,0.007786,0
0.08,0.06,0.003935,0.08,0.06,0.005657,0
0.08,0.18,0.00623,0.08,0.18,0.008269,0
0.08,0.42,0.008392,0.08,0.42,0.006329,0
0.08,0.6,0.005213,0.08,0.6,0.015336,0
0.08,1.2,0.020111,0.08,1.2,0.007692,0
0.2,0.06,0.003943,0.2,0.06,0.005756,0
0.2,0.18,0.005701,0.2,0.18,0.008141,0
0.2,0.42,0.008171,0.2,0.42,0.006406,0
0.2,0.6,0.005588,0.2,0.6,0.014299,0
0.2,1.2,0.019868,0.2,1.2,0.007762,0
0.02,0.06,0.063943,0.02,0.06,0.052895,0
0.02,0.18,0.071963,0.02,0.18,0.063171,0
0.02,0.42,0.027516,0.02,0.42,0.145667,0
0.02,0.6,0.082034,0.02,0.6,0.090511,0
0.02,1.2,0.066059,0.02,1.2,0.135315,0
0.04,0.06,0.094187,0.04,0.06,0.097952,0
0.04,0.18,0.099356,0.04,0.18,0.100743,0
0.04,0.42,0.0635,0.04,0.42,0.165668,0
0.04,0.6,0.002776,0.04,0.6,0.223096,0
0.04,1.2,-0.064928,0.04,1.2,0.347827,0
0.08,0.06,0.156904,0.08,0.06,0.192592,0
0.08,0.18,0.158037,0.08,0.18,0.189413,0
0.08,0.42,0.133819,0.08,0.42,0.227832,0
0.08,0.6,0.088328,0.08,0.6,0.275388,0
0.08,1.2,-0.001681,0.08,1.2,0.40565,0
0.2,0.06,0.346685,0.2,0.06,0.47767,0
0.2,0.18,0.343572,0.2,0.18,0.465699,0
0.2,0.42,0.311057,0.2,0.42,0.473121,0
0.2,0.6,0.266532,0.2,0.6,0.485414,0
0.2,1.2,0.221543,0.2,1.2,0.578887,0
0.02,0.06,0.063943,0.02,0.06,0.061896,0
0.02,0.18,0.071963,0.02,0.18,0.087295,0
0.02,0.42,0.027516,0.02,0.42,0.122815,0
0.02,0.6,0.082034,0.02,0.6,0.05382,0
0.02,1.2,0.066059,0.02,1.2,0.114433,0
0.04,0.06,0.094187,0.04,0.06,0.083181,0
0.04,0.18,0.099356,0.04,0.18,0.109743,0
0.04,0.42,0.0635,0.04,0.42,0.132926,0
0.04,0.6,0.002776,0.04,0.6,0.06208,0
0.04,1.2,-0.064928,0.04,1.2,0.122644,0
0.08,0.06,0.156904,0.08,0.06,0.123383,0
0.08,0.18,0.158037,0.08,0.18,0.148916,0
0.08,0.42,0.133819,0.08,0.42,0.158043,0
0.08,0.6,0.088328,0.08,0.6,0.084818,0
0.08,1.2,-0.001681,0.08,1.2,0.140278,0
0.2,0.06,0.346685,0.2,0.06,0.244802,0
0.2,0.18,0.343572,0.2,0.18,0.268345,0
0.2,0.42,0.311057,0.2,0.42,0.295462,0
0.2,0.6,0.266532,0.2,0.6,0.229634,0
0.2,1.2,0.221543,0.2,1.2,0.211325,0
0.02,0.06,0.063943,0.02,0.06,0.034243,0
0.02,0.18,0.071963,0.02,0.18,0.052368,0
0.02,0.42,0.027516,0.02,0.42,0.210073,0
0.02,0.6,0.082034,0.02,0.6,0.250768,0
0.02,1.2,0.066059,0.02,1.2,0.483235,0
0.04,0.06,0.094187,0.04,0.06,0.059201,0
0.04,0.18,0.099356,0.04,0.18,0.069831,0
0.04,0.42,0.0635,0.04,0.42,0.217597,0
0.04,0.6,0.002776,0.04,0.6,0.256839,0
0.04,1.2,-0.064928,0.04,1.2,0.489242,0
0.08,0.06,0.156904,0.08,0.06,0.115169,0
0.08,0.18,0.158037,0.08,0.18,0.116317,0
0.08,0.42,0.133819,0.08,0.42,0.239017,0
0.08,0.6,0.088328,0.08,0.6,0.273588,0
0.08,1.2,-0.001681,0.08,1.2,0.502134,0
0.2,0.06,0.346685,0.2,0.06,0.28636,0
0.2,0.18,0.343572,0.2,0.18,0.28105,0
0.2,0.42,0.311057,0.2,0.42,0.33743,0
0.2,0.6,0.266532,0.2,0.6,0.369142,0
0.2,1.2,0.221543,0.2,1.2,0.563601,0
0.02,0.06,0.063943,0.02,0.06,0.003912,0
0.02,0.18,0.071963,0.02,0.18,0.006787,0
0.02,0.42,0.027516,0.02,0.42,0.005487,0
0.02,0.6,0.082034,0.02,0.6,0.013317,0
0.02,1.2,0.066059,0.02,1.2,0.023485,0
0.04,0.06,0.094187,0.04,0.06,0.003895,0
0.04,0.18,0.099356,0.04,0.18,0.006545,0
0.04,0.42,0.0635,0.04,0.42,0.005732,0
0.04,0.6,0.002776,0.04,0.6,0.007758,0
0.04,1.2,-0.064928,0.04,1.2,0.014272,0
0.08,0.06,0.156904,0.08,0.06,0.003721,0
0.08,0.18,0.158037,0.08,0.18,0.006105,0
0.08,0.42,0.133819,0.08,0.42,0.006328,0
0.08,0.6,0.088328,0.08,0.6,0.008109,0
0.08,1.2,-0.001681,0.08,1.2,0.014223,0
0.2,0.06,0.346685,0.2,0.06,0.003707,0
0.2,0.18,0.343572,0.2,0.18,0.00541,0
0.2,0.42,0.311057,0.2,0.42,0.005697,0
0.2,0.6,0.266532,0.2,0.6,0.008208,0
0.2,1.2,0.221543,0.2,1.2,0.014869,0
0.02,0.06,0.063943,0.02,0.06,0.005287,0
0.02,0.18,0.071963,0.02,0.18,0.007256,0
0.02,0.42,0.027516,0.02,0.42,0.006331,0
0.02,0.6,0.082034,0.02,0.6,0.005862,0
0.02,1.2,0.066059,0.02,1.2,0.00788,0
0.04,0.06,0.094187,0.04,0.06,0.005322,0
0.04,0.18,0.099356,0.04,0.18,0.007246,0
0.04,0.42,0.0635,0.04,0.42,0.006347,0
0.04,0.6,0.002776,0.04,0.6,0.005918,0
0.04,1.2,-0.064928,0.04,1.2,0.007895,0
0.08,0.06,0.156904,0.08,0.06,0.005297,0
0.08,0.18,0.158037,0.08,0.18,0.007186,0
0.08,0.42,0.133819,0.08,0.42,0.00612,0
0.08,0.6,0.088328,0.08,0.6,0.005841,0
0.08,1.2,-0.001681,0.08,1.2,0.007781,0
0.2,0.06,0.346685,0.2,0.06,0.00535,0
0.2,0.18,0.343572,0.2,0.18,0.007063,0
0.2,0.42,0.311057,0.2,0.42,0.006214,0
0.2,0.6,0.266532,0.2,0.6,0.006118,0
0.2,1.2,0.221543,0.2,1.2,0.007868,0
0.02,0.06,0.052895,0.02,0.06,0.061896,0
0.02,0.18,0.063171,0.02,0.18,0.087295,0
0.02,0.42,0.145667,0.02,0.42,0.122815,0
0.02,0.6,0.090511,0.02,0.6,0.05382,0
0.02,1.2,0.135315,0.02,1.2,0.114433,0
0.04,0.06,0.097952,0.04,0.06,0.083181,0
0.04,0.18,0.100743,0.04,0.18,0.109743,0
0.04,0.42,0.165668,0.04,0.42,0.132926,0
15.450059224788093,6.8440140331254415,48.09769797740265,9.801689654221974,4.545413793223331,39.46845539845662,1
0.04,1.2,0.347827,0.04,1.2,0.122644,0
0.08,0.06,0.192592,0.08,0.06,0.123383,0
0.08,0.18,0.189413,0.08,0.18,0.148916,0
0.08,0.42,0.227832,0.08,0.42,0.158043,0
0.08,0.6,0.275388,0.08,0.6,0.084818,0
0.08,1.2,0.40565,0.08,1.2,0.140278,0
0.2,0.06,0.47767,0.2,0.06,0.244802,0
0.2,0.18,0.465699,0.2,0.18,0.268345,0
0.2,0.42,0.473121,0.2,0.42,0.295462,0
0.2,0.6,0.485414,0.2,0.6,0.229634,0
0.2,1.2,0.578887,0.2,1.2,0.211325,0
0.02,0.06,0.052895,0.02,0.06,0.034243,0
0.02,0.18,0.063171,0.02,0.18,0.052368,0
0.02,0.42,0.145667,0.02,0.42,0.210073,0
0.02,0.6,0.090511,0.02,0.6,0.250768,0
0.02,1.2,0.135315,0.02,1.2,0.483235,0
0.04,0.06,0.097952,0.04,0.06,0.059201,0
0.04,0.18,0.100743,0.04,0.18,0.069831,0
0.04,0.42,0.165668,0.04,0.42,0.217597,0
0.04,0.6,0.223096,0.04,0.6,0.256839,0
0.04,1.2,0.347827,0.04,1.2,0.489242,0
0.08,0.06,0.192592,0.08,0.06,0.115169,0
0.08,0.18,0.189413,0.08,0.18,0.116317,0
0.08,0.42,0.227832,0.08,0.42,0.239017,0
0.08,0.6,0.275388,0.08,0.6,0.273588,0
0.08,1.2,0.40565,0.08,1.2,0.502134,0
0.2,0.06,0.47767,0.2,0.06,0.28636,0
0.2,0.18,0.465699,0.2,0.18,0.28105,0
0.968698365342145,1.127055195303391,-0.7706073793530647,-0.029111514628250457,1.2520960273919497,0.09939872111106654,1
0.2,0.6,0.485414,0.2,0.6,0.369142,0
0.2,1.2,0.578887,0.2,1.2,0.563601,0
0.02,0.06,0.052895,0.02,0.06,0.003912,0
0.02,0.18,0.063171,0.02,0.18,0.006787,0
0.02,0.42,0.145667,0.02,0.42,0.005487,0
0.02,0.6,0.090511,0.02,0.6,0.013317,0
0.02,1.2,0.135315,0.02,1.2,0.023485,0
0.04,0.06,0.097952,0.04,0.06,0.003895,0
0.04,0.18,0.100743,0.04,0.18,0.006545,0
0.04,0.42,0.165668,0.04,0.42,0.005732,0
0.04,0.6,0.223096,0.04,0.6,0.007758,0
0.04,1.2,0.347827,0.04,1.2,0.014272,0
0.08,0.06,0.192592,0.08,0.06,0.003721,0
0.08,0.18,0.189413,0.08,0.18,0.006105,0
0.08,0.42,0.227832,0.08,0.42,0.006328,0
0.08,0.6,0.275388,0.08,0.6,0.008109,0
16.18432046067131,6.803705341301241,60.66298592552867,14.064437676907513,6.310217705664568,42.797103945688875,1
0.2,0.06,0.47767,0.2,0.06,0.003707,0
0.2,0.18,0.465699,0.2,0.18,0.00541,0
0.2,0.42,0.473121,0.2,0.42,0.005697,0
0.2,0.6,0.485414,0.2,0.6,0.008208,0
0.2,1.2,0.578887,0.2,1.2,0.014869,0
0.02,0.06,0.052895,0.02,0.06,0.005287,0
0.02,0.18,0.063171,0.02,0.18,0.007256,0
0.02,0.42,0.145667,0.02,0.42,0.006331,0
0.02,0.6,0.090511,0.02,0.6,0.005862,0
0.02,1.2,0.135315,0.02,1.2,0.00788,0
0.04,0.06,0.097952,0.04,0.06,0.005322,0
0.04,0.18,0.100743,0.04,0.18,0.007246,0
0.04,0.42,0.165668,0.04,0.42,0.006347,0
0.04,0.6,0.223096,0.04,0.6,0.005918,0
0.04,1.2,0.347827,0.04,1.2,0.007895,0
0.08,0.06,0.192592,0.08,0.06,0.005297,0
0.08,0.18,0.189413,0.08,0.18,0.007186,0
0.08,0.42,0.227832,0.08,0.42,0.00612,0
0.08,0.6,0.275388,0.08,0.6,0.005841,0
0.08,1.2,0.40565,0.08,1.2,0.007781,0
0.2,0.06,0.47767,0.2,0.06,0.00535,0
0.2,0.18,0.465699,0.2,0.18,0.007063,0
0.2,0.42,0.473121,0.2,0.42,0.006214,0
0.2,0.6,0.485414,0.2,0.6,0.006118,0
0.2,1.2,0.578887,0.2,1.2,0.007868,0
0.02,0.06,0.061896,0.02,0.06,0.034243,0
11.948788946507563,6.279029401637953,64.13031278059904,13.735482879254356,6.902595057179486,69.80080186460624,1
0.02,0.42,0.122815,0.02,0.42,0.210073,0
0.02,0.6,0.05382,0.02,0.6,0.250768,0
0.02,1.2,0.114433,0.02,1.2,0.483235,0
0.04,0.06,0.083181,0.04,0.06,0.059201,0
0.04,0.18,0.109743,0.04,0.18,0.069831,0
0.04,0.42,0.132926,0.04,0.42,0.217597,0
0.04,0.6,0.06208,0.04,0.6,0.256839,0
0.04,1.2,0.122644,0.04,1.2,0.489242,0
0.08,0.06,0.123383,0.08,0.06,0.115169,0
0.08,0.18,0.148916,0.08,0.18,0.116317,0
0.08,0.42,0.158043,0.08,0.42,0.239017,0
0.08,0.6,0.084818,0.08,0.6,0.273588,0
0.08,1.2,0.140278,0.08,1.2,0.502134,0
0.2,0.06,0.244802,0.2,0.06,0.28636,0
0.2,0.18,0.268345,0.2,0.18,0.28105,0
0.2,0.42,0.295462,0.2,0.42,0.33743,0
0.2,0.6,0.229634,0.2,0.6,0.369142,0
0.2,1.2,0.211325,0.2,1.2,0.563601,0
0.02,0.06,0.061896,0.02,0.06,0.003912,0
0.02,0.18,0.087295,0.02,0.18,0.006787,0
0.02,0.42,0.122815,0.02,0.42,0.005487,0
0.02,0.6,0.05382,0.02,0.6,0.013317,0
0.02,1.2,0.114433,0.02,1.2,0.023485,0
0.04,0.06,0.083181,0.04,0.06,0.003895,0
0.04,0.18,0.109743,0.04,0.18,0.006545,0
0.04,0.42,0.132926,0.04,0.42,0.005732,0
4.0,0.06,4.65146,4.0,0.06,0.02284,1
0.04,1.2,0.122644,0.04,1.2,0.014272,0
0.08,0.06,0.123383,0.08,0.06,0.003721,0
0.08,0.18,0.148916,0.08,0.18,0.006105,0
0.08,0.42,0.158043,0.08,0.42,0.006328,0
0.08,0.6,0.084818,0.08,0.6,0.008109,0
0.08,1.2,0.140278,0.08,1.2,0.014223,0
0.2,0.06,0.244802,0.2,0.06,0.003707,0
0.16488818971268718,0.036445247568828554,0.4859507641448012,-0.17074912495636246,0.00812174024494497,0.06614053209977294,1
0.8082236936385401,0.49775580188178037,-0.3359703768640889,-0.41476312560869305,0.47361464420957633,-0.2442385172525161,1
0.2,0.6,0.229634,0.2,0.6,0.008208,0
0.2,1.2,0.211325,0.2,1.2,0.014869,0
0.02,0.06,0.061896,0.02,0.06,0.005287,0
0.02,0.18,0.087295,0.02,0.18,0.007256,0
0.02,0.42,0.122815,0.02,0.42,0.006331,0
0.02,0.6,0.05382,0.02,0.6,0.005862,0
0.02,1.2,0.114433,0.02,1.2,0.00788,0
0.04,0.06,0.083181,0.04,0.06,0.005322,0
0.04,0.18,0.109743,0.04,0.18,0.007246,0
0.04,0.42,0.132926,0.04,0.42,0.006347,0
0.04,0.6,0.06208,0.04,0.6,0.005918,0
0.04,1.2,0.122644,0.04,1.2,0.007895,0
0.08,0.06,0.123383,0.08,0.06,0.005297,0
0.08,0.18,0.148916,0.08,0.18,0.007186,0
0.08,0.42,0.158043,0.08,0.42,0.00612,0
0.08,0.6,0.084818,0.08,0.6,0.005841,0
0.08,1.2,0.140278,0.08,1.2,0.007781,0
0.2,0.06,0.244802,0.2,0.06,0.00535,0
0.2,0.18,0.268345,0.2,0.18,0.007063,0
0.2,0.42,0.295462,0.2,0.42,0.006214,0
0.2,0.6,0.229634,0.2,0.6,0.006118,0
0.2,1.2,0.211325,0.2,1.2,0.007868,0
0.02,0.06,0.034243,0.02,0.06,0.003912,0
0.02,0.18,0.052368,0.02,0.18,0.006787,0
0.02,0.42,0.210073,0.02,0.42,0.005487,0
0.02,0.6,0.250768,0.02,0.6,0.013317,0
0.02,1.2,0.483235,0.02,1.2,0.023485,0
0.04,0.06,0.059201,0.04,0.06,0.003895,0
0.04,0.18,0.069831,0.04,0.18,0.006545,0
0.04,0.42,0.217597,0.04,0.42,0.005732,0
13.660382272874074,6.485395226145433,56.297792262812955,10.710203702178744,7.443361882437756,65.05790658439705,1
0.04,1.2,0.489242,0.04,1.2,0.014272,0
0.08,0.06,0.115169,0.08,0.06,0.003721,0
0.08,0.18,0.116317,0.08,0.18,0.006105,0
0.08,0.42,0.239017,0.08,0.42,0.006328,0
0.08,0.6,0.273588,0.08,0.6,0.008109,0
0.08,1.2,0.502134,0.08,1.2,0.014223,0
0.2,0.06,0.28636,0.2,0.06,0.003707,0
0.2,0.18,0.28105,0.2,0.18,0.00541,0
0.2,0.42,0.33743,0.2,0.42,0.005697,0
0.2,0.6,0.369142,0.2,0.6,0.008208,0
0.2,1.2,0.563601,0.2,1.2,0.014869,0
0.02,0.06,0.034243,0.02,0.06,0.005287,0
0.02,0.18,0.052368,0.02,0.18,0.007256,0
0.02,0.42,0.210073,0.02,0.42,0.006331,0
0.02,0.6,0.250768,0.02,0.6,0.005862,0
16.435693538881264,4.98896932308706,50.310261942526495,9.700555489639768,4.717022154787592,62.28025138074763,1
0.04,0.06,0.059201,0.04,0.06,0.005322,0
0.04,0.18,0.069831,0.04,0.18,0.007246,0
0.04,0.42,0.217597,0.04,0.42,0.006347,0
0.04,0.6,0.256839,0.04,0.6,0.005918,0
0.04,1.2,0.489242,0.04,1.2,0.007895,0
0.08,0.06,0.115169,0.08,0.06,0.005297,0
0.08,0.18,0.116317,0.08,0.18,0.007186,0
0.08,0.42,0.239017,0.08,0.42,0.00612,0
0.08,0.6,0.273588,0.08,0.6,0.005841,0
0.08,1.2,0.502134,0.08,1.2,0.007781,0
0.2,0.06,0.28636,0.2,0.06,0.00535,0
0.2,0.18,0.28105,0.2,0.18,0.007063,0
0.2,0.42,0.33743,0.2,0.42,0.006214,0
0.2,0.6,0.369142,0.2,0.6,0.006118,0
0.2,1.2,0.563601,0.2,1.2,0.007868,0
0.02,0.06,0.003912,0.02,0.06,0.005287,0
0.02,0.18,0.006787,0.02,0.18,0.007256,0
0.02,0.42,0.005487,0.02,0.42,0.006331,0
0.02,0.6,0.013317,0.02,0.6,0.005862,0
0.02,1.2,0.023485,0.02,1.2,0.00788,0
0.04,0.06,0.003895,0.04,0.06,0.005322,0
0.04,0.18,0.006545,0.04,0.18,0.007246,0
0.04,0.42,0.005732,0.04,0.42,0.006347,0
0.04,0.6,0.007758,0.04,0.6,0.005918,0
0.04,1.2,0.014272,0.04,1.2,0.007895,0
0.08,0.06,0.003721,0.08,0.06,0.005297,0
0.08,0.18,0.006105,0.08,0.18,0.007186,0
0.08,0.42,0.006328,0.08,0.42,0.00612,0
0.08,0.6,0.008109,0.08,0.6,0.005841,0
0.08,1.2,0.014223,0.08,1.2,0.007781,0
0.2,0.06,0.003707,0.2,0.06,0.00535,0
0.2,0.18,0.00541,0.2,0.18,0.007063,0
0.2,0.42,0.005697,0.2,0.42,0.006214,0
0.2,0.6,0.008208,0.2,0.6,0.006118,0
0.2,1.2,0.014869,0.2,1.2,0.007868,0
0.04,0.06,0.047655,0.04,0.06,0.053373,0
0.04,0.18,0.040162,0.04,0.18,0.057762,0
0.04,0.42,0.004271,0.04,0.42,0.103657,0
0.04,0.6,-0.008412,0.04,0.6,0.087018,0
0.04,1.2,-0.090766,0.04,1.2,0.125397,0
0.08,0.06,0.078175,0.08,0.06,0.099667,0
0.08,0.18,0.068367,0.08,0.18,0.100067,0
0.08,0.42,0.037773,0.08,0.42,0.121792,0
0.08,0.6,-0.038599,0.08,0.6,0.184784,0
0.08,1.2,-0.112079,0.08,1.2,0.284625,0
0.16,0.06,0.141501,0.16,0.06,0.19399,0
0.16,0.18,0.128863,0.16,0.18,0.192821,0
0.16,0.42,0.097889,0.16,0.42,0.198212,0
0.16,0.6,0.036582,0.16,0.6,0.243291,0
0.16,1.2,-0.02314,0.16,1.2,0.321967,0
0.4,0.06,0.324269,0.4,0.06,0.485012,0
0.4,0.18,0.31461,0.4,0.18,0.467496,0
0.4,0.42,0.279858,0.4,0.42,0.477313,0
0.4,0.6,0.213857,0.4,0.6,0.471969,0
0.4,1.2,0.164217,0.4,1.2,0.495976,0
0.04,0.06,0.047655,0.04,0.06,0.069641,0
0.04,0.18,0.040162,0.04,0.18,0.100117,0
0.04,0.42,0.004271,0.04,0.42,0.187081,0
0.04,0.6,-0.008412,0.04,0.6,0.100937,0
0.04,1.2,-0.090766,0.04,1.2,0.189711,0
0.08,0.06,0.078175,0.08,0.06,0.089665,0
0.08,0.18,0.068367,0.08,0.18,0.128906,0
0.08,0.42,0.037773,0.08,0.42,0.195719,0
0.08,0.6,-0.038599,0.08,0.6,0.109619,0
0.08,1.2,-0.112079,0.08,1.2,0.197495,0
0.16,0.06,0.141501,0.16,0.06,0.129709,0
0.16,0.18,0.128863,0.16,0.18,0.169351,0
0.16,0.42,0.097889,0.16,0.42,0.216861,0
0.16,0.6,0.036582,0.16,0.6,0.130659,0
0.16,1.2,-0.02314,0.16,1.2,0.214429,0
10.749644965308095,5.744293144348568,53.54013544270149,12.337892938328467,7.721277048160556,52.340728401404576,1
0.4,0.18,0.31461,0.4,0.18,0.289075,0
0.4,0.42,0.279858,0.4,0.42,0.348891,0
0.4,0.6,0.213857,0.4,0.6,0.262047,0
0.4,1.2,0.164217,0.4,1.2,0.280288,0
0.04,0.06,0.047655,0.04,0.06,0.038092,0
0.04,0.18,0.040162,0.04,0.18,0.081078,0
0.04,0.42,0.004271,0.04,0.42,0.258003,0
0.04,0.6,-0.008412,0.04,0.6,0.28594,0
0.04,1.2,-0.090766,0.04,1.2,0.539564,0
0.08,0.06,0.078175,0.08,0.06,0.063185,0
0.08,0.18,0.068367,0.08,0.18,0.091351,0
0.08,0.42,0.037773,0.08,0.42,0.264046,0
0.08,0.6,-0.038599,0.08,0.6,0.292084,0
0.08,1.2,-0.112079,0.08,1.2,0.545074,0
0.16,0.06,0.141501,0.16,0.06,0.119424,0
0.16,0.18,0.128863,0.16,0.18,0.123136,0
0.16,0.42,0.097889,0.16,0.42,0.278837,0
0.16,0.6,0.036582,0.16,0.6,0.306975,0
0.16,1.2,-0.02314,0.16,1.2,0.557059,0
0.4,0.06,0.324269,0.4,0.06,0.289052,0
0.4,0.18,0.31461,0.4,0.18,0.285932,0
0.4,0.42,0.279858,0.4,0.42,0.360032,0
0.4,0.6,0.213857,0.4,0.6,0.390854,0
0.4,1.2,0.164217,0.4,1.2,0.608214,0
0.04,0.06,0.047655,0.04,0.06,0.008709,0
0.04,0.18,0.040162,0.04,0.18,0.014267,0
0.1,0.9,0.392102,0.1,0.9,0.018433,1
0.04,0.6,-0.008412,0.04,0.6,0.026771,0
0.04,1.2,-0.090766,0.04,1.2,0.051706,0
0.08,0.06,0.078175,0.08,0.06,0.008897,0
0.08,0.18,0.068367,0.08,0.18,0.013649,0
0.08,0.42,0.037773,0.08,0.42,0.019382,0
0.08,0.6,-0.038599,0.08,0.6,0.020186,0
0.08,1.2,-0.112079,0.08,1.2,0.043901,0
0.16,0.06,0.141501,0.16,0.06,0.008721,0
0.16,0.18,0.128863,0.16,0.18,0.013415,0
0.16,0.42,0.097889,0.16,0.42,0.019725,0
0.16,0.6,0.036582,0.16,0.6,0.021798,0
0.16,1.2,-0.02314,0.16,1.2,0.043226,0
0.4,0.06,0.324269,0.4,0.06,0.008673,0
0.4,0.18,0.31461,0.4,0.18,0.012507,0
0.4,0.42,0.279858,0.4,0.42,0.019515,0
0.4,0.6,0.213857,0.4,0.6,0.021278,0
0.4,1.2,0.164217,0.4,1.2,0.042784,0
0.04,0.06,0.047655,0.04,0.06,0.013452,0
0.04,0.18,0.040162,0.04,0.18,0.017716,0
0.04,0.42,0.004271,0.04,0.42,0.013856,0
0.04,0.6,-0.008412,0.04,0.6,0.012772,0
0.04,1.2,-0.090766,0.04,1.2,0.017029,0
0.08,0.06,0.078175,0.08,0.06,0.013436,0
0.08,0.18,0.068367,0.08,0.18,0.017869,0
0.08,0.42,0.037773,0.08,0.42,0.013816,0
0.08,0.6,-0.038599,0.08,0.6,0.012813,0
0.08,1.2,-0.112079,0.08,1.2,0.016674,0
0.16,0.06,0.141501,0.16,0.06,0.013962,0
0.16,0.18,0.128863,0.16,0.18,0.018473,0
0.16,0.42,0.097889,0.16,0.42,0.01394,0
0.16,0.6,0.036582,0.16,0.6,0.012601,0
0.16,1.2,-0.02314,0.16,1.2,0.016526,0
0.4,0.06,0.324269,0.4,0.06,0.014022,0
0.4,0.18,0.31461,0.4,0.18,0.01884,0
0.4,0.42,0.279858,0.4,0.42,0.014647,0
0.4,0.6,0.213857,0.4,0.6,0.013401,0
0.4,1.2,0.164217,0.4,1.2,0.01673,0
0.04,0.06,0.053373,0.04,0.06,0.069641,0
0.04,0.18,0.057762,0.04,0.18,0.100117,0
0.04,0.42,0.103657,0.04,0.42,0.187081,0
0.04,0.6,0.087018,0.04,0.6,0.100937,0
0.04,1.2,0.125397,0.04,1.2,0.189711,0
0.08,0.06,0.099667,0.08,0.06,0.089665,0
0.08,0.18,0.100067,0.08,0.18,0.128906,0
0.08,0.42,0.121792,0.08,0.42,0.195719,0
0.08,0.6,0.184784,0.08,0.6,0.109619,0
0.08,1.2,0.284625,0.08,1.2,0.197495,0
0.16,0.06,0.19399,0.16,0.06,0.129709,0
1.0016572879637649,0.3763841815255622,-0.351053337676834,0.09805381838239954,-0.37926174210581615,0.49077874698147383,1
0.16,0.42,0.198212,0.16,0.42,0.216861,0
0.16,0.6,0.243291,0.16,0.6,0.130659,0
0.16,1.2,0.321967,0.16,1.2,0.214429,0
0.4,0.06,0.485012,0.4,0.06,0.24971,0
0.4,0.18,0.467496,0.4,0.18,0.289075,0
0.4,0.42,0.477313,0.4,0.42,0.348891,0
0.4,0.6,0.471969,0.4,0.6,0.262047,0
0.4,1.2,0.495976,0.4,1.2,0.280288,0
0.04,0.06,0.053373,0.04,0.06,0.038092,0
0.04,0.18,0.057762,0.04,0.18,0.081078,0
0.04,0.42,0.103657,0.04,0.42,0.258003,0
0.04,0.6,0.087018,0.04,0.6,0.28594,0
0.04,1.2,0.125397,0.04,1.2,0.539564,0
0.08,0.06,0.099667,0.08,0.06,0.063185,0
0.08,0.18,0.100067,0.08,0.18,0.091351,0
0.08,0.42,0.121792,0.08,0.42,0.264046,0
0.08,0.6,0.184784,0.08,0.6,0.292084,0
0.08,1.2,0.284625,0.08,1.2,0.545074,0
0.16,0.06,0.19399,0.16,0.06,0.119424,0
0.16,0.18,0.192821,0.16,0.18,0.123136,0
0.16,0.42,0.198212,0.16,0.42,0.278837,0
0.16,0.6,0.243291,0.16,0.6,0.306975,0
0.16,1.2,0.321967,0.16,1.2,0.557059,0
0.4,0.06,0.485012,0.4,0.06,0.289052,0
0.4,0.18,0.467496,0.4,0.18,0.285932,0
0.4,0.42,0.477313,0.4,0.42,0.360032,0
0.4,0.6,0.471969,0.4,0.6,0.390854,0
0.4,1.2,0.495976,0.4,1.2,0.608214,0
0.04,0.06,0.053373,0.04,0.06,0.008709,0
0.04,0.18,0.057762,0.04,0.18,0.014267,0
0.04,0.42,0.103657,0.04,0.42,0.019029,0
0.04,0.6,0.087018,0.04,0.6,0.026771,0
0.04,1.2,0.125397,0.04,1.2,0.051706,0
0.08,0.06,0.099667,0.08,0.06,0.008897,0
0.08,0.18,0.100067,0.08,0.18,0.013649,0
0.08,0.42,0.121792,0.08,0.42,0.019382,0
0.08,0.6,0.184784,0.08,0.6,0.020186,0
0.08,1.2,0.284625,0.08,1.2,0.043901,0
0.16,0.06,0.19399,0.16,0.06,0.008721,0
0.16,0.18,0.192821,0.16,0.18,0.013415,0
0.16,0.42,0.198212,0.16,0.42,0.019725,0
0.16,0.6,0.243291,0.16,0.6,0.021798,0
0.16,1.2,0.321967,0.16,1.2,0.043226,0
0.4,0.06,0.485012,0.4,0.06,0.008673,0
0.4,0.18,0.467496,0.4,0.18,0.012507,0
0.4,0.42,0.477313,0.4,0.42,0.019515,0
0.4,0.6,0.471969,0.4,0.6,0.021278,0
0.4,1.2,0.495976,0.4,1.2,0.042784,0
0.04,0.06,0.053373,0.04,0.06,0.013452,0
0.04,0.18,0.057762,0.04,0.18,0.017716,0
0.04,0.42,0.103657,0.04,0.42,0.013856,0
0.04,0.6,0.087018,0.04,0.6,0.012772,0
0.04,1.2,0.125397,0.04,1.2,0.017029,0
0.08,0.06,0.099667,0.08,0.06,0.013436,0
0.08,0.18,0.100067,0.08,0.18,0.017869,0
0.08,0.42,0.121792,0.08,0.42,0.013816,0
0.08,0.6,0.184784,0.08,0.6,0.012813,0
0.08,1.2,0.284625,0.08,1.2,0.016674,0
0.16,0.06,0.19399,0.16,0.06,0.013962,0
0.16,0.18,0.192821,0.16,0.18,0.018473,0
0.16,0.42,0.198212,0.16,0.42,0.01394,0
11.87606102704572,4.938261023484087,72.75869026806049,9.523473370008599,4.425622054720586,43.904161646752755,1
0.16,1.2,0.321967,0.16,1.2,0.016526,0
0.4,0.06,0.485012,0.4,0.06,0.014022,0
0.4,0.18,0.467496,0.4,0.18,0.01884,0
0.4,0.42,0.477313,0.4,0.42,0.014647,0
0.4,0.6,0.471969,0.4,0.6,0.013401,0
0.4,1.2,0.495976,0.4,1.2,0.01673,0
0.04,0.06,0.069641,0.04,0.06,0.038092,0
0.04,0.18,0.100117,0.04,0.18,0.081078,0
0.04,0.42,0.187081,0.04,0.42,0.258003,0
0.04,0.6,0.100937,0.04,0.6,0.28594,0
0.04,1.2,0.189711,0.04,1.2,0.539564,0
0.08,0.06,0.089665,0.08,0.06,0.063185,0
0.08,0.18,0.128906,0.08,0.18,0.091351,0
0.08,0.42,0.195719,0.08,0.42,0.264046,0
0.08,0.6,0.109619,0.08,0.6,0.292084,0
0.08,1.2,0.197495,0.08,1.2,0.545074,0
0.16,0.06,0.129709,0.16,0.06,0.119424,0
0.16,0.18,0.169351,0.16,0.18,0.123136,0
0.16,0.42,0.216861,0.16,0.42,0.278837,0
0.46275682556208264,0.632203761215971,0.4161318473019363,-0.2472014104965953,0.8852430430398454,0.8041822641037922,1
0.16,1.2,0.214429,0.16,1.2,0.557059,0
0.4,0.06,0.24971,0.4,0.06,0.289052,0
0.4,0.18,0.289075,0.4,0.18,0.285932,0
0.4,0.42,0.348891,0.4,0.42,0.360032,0
0.4,0.6,0.262047,0.4,0.6,0.390854,0
0.4,1.2,0.280288,0.4,1.2,0.608214,0
0.04,0.06,0.069641,0.04,0.06,0.008709,0
0.04,0.18,0.100117,0.04,0.18,0.014267,0
0.04,0.42,0.187081,0.04,0.42,0.019029,0
0.04,0.6,0.100937,0.04,0.6,0.026771,0
0.04,1.2,0.189711,0.04,1.2,0.051706,0
0.08,0.06,0.089665,0.08,0.06,0.008897,0
0.08,0.18,0.128906,0.08,0.18,0.013649,0
0.08,0.42,0.195719,0.08,0.42,0.019382,0
0.08,0.6,0.109619,0.08,0.6,0.020186,0
0.08,1.2,0.197495,0.08,1.2,0.043901,0
0.16,0.06,0.129709,0.16,0.06,0.008721,0
0.16,0.18,0.169351,0.16,0.18,0.013415,0
0.16,0.42,0.216861,0.16,0.42,0.019725,0
0.16,0.6,0.130659,0.16,0.6,0.021798,0
0.16,1.2,0.214429,0.16,1.2,0.043226,0
0.4,0.06,0.24971,0.4,0.06,0.008673,0
0.4,0.18,0.289075,0.4,0.18,0.012507,0
0.4,0.42,0.348891,0.4,0.42,0.019515,0
0.4,0.6,0.262047,0.4,0.6,0.021278,0
0.4,1.2,0.280288,0.4,1.2,0.042784,0
0.04,0.06,0.069641,0.04,0.06,0.013452,0
0.04,0.18,0.100117,0.04,0.18,0.017716,0
0.04,0.42,0.187081,0.04,0.42,0.013856,0
0.04,0.6,0.100937,0.04,0.6,0.012772,0
0.04,1.2,0.189711,0.04,1.2,0.017029,0
0.08,0.06,0.089665,0.08,0.06,0.013436,0
0.08,0.18,0.128906,0.08,0.18,0.017869,0
0.08,0.42,0.195719,0.08,0.42,0.013816,0
0.08,0.6,0.109619,0.08,0.6,0.012813,0
0.08,1.2,0.197495,0.08,1.2,0.016674,0
0.16,0.06,0.129709,0.16,0.06,0.013962,0
0.16,0.18,0.169351,0.16,0.18,0.018473,0
0.16,0.42,0.216861,0.16,0.42,0.01394,0
1.2,0.48,3.94962,1.2,0.48,2.93057,1
0.16,1.2,0.214429,0.16,1.2,0.016526,0
0.4,0.06,0.24971,0.4,0.06,0.014022,0
0.4,0.18,0.289075,0.4,0.18,0.01884,0
0.4,0.42,0.348891,0.4,0.42,0.014647,0
0.4,0.6,0.262047,0.4,0.6,0.013401,0
0.4,1.2,0.280288,0.4,1.2,0.01673,0
0.04,0.06,0.038092,0.04,0.06,0.008709,0
0.04,0.18,0.081078,0.04,0.18,0.014267,0
0.04,0.42,0.258003,0.04,0.42,0.019029,0
0.04,0.6,0.28594,0.04,0.6,0.026771,0
0.04,1.2,0.539564,0.04,1.2,0.051706,0
0.08,0.06,0.063185,0.08,0.06,0.008897,0
0.08,0.18,0.091351,0.08,0.18,0.013649,0
0.08,0.42,0.264046,0.08,0.42,0.019382,0
0.08,0.6,0.292084,0.08,0.6,0.020186,0
14.16098430449157,7.553427999594366,60.55493112030395,16.62857400055908,7.75013872278727,49.056861774028945,1
0.16,0.06,0.119424,0.16,0.06,0.008721,0
0.16,0.18,0.123136,0.16,0.18,0.013415,0
0.16,0.42,0.278837,0.16,0.42,0.019725,0
0.16,0.6,0.306975,0.16,0.6,0.021798,0
0.16,1.2,0.557059,0.16,1.2,0.043226,0
0.4,0.06,0.289052,0.4,0.06,0.008673,0
0.4,0.18,0.285932,0.4,0.18,0.012507,0
0.4,0.42,0.360032,0.4,0.42,0.019515,0
0.4,0.6,0.390854,0.4,0.6,0.021278,0
0.4,1.2,0.608214,0.4,1.2,0.042784,0
0.04,0.06,0.038092,0.04,0.06,0.013452,0
0.04,0.18,0.081078,0.04,0.18,0.017716,0
0.04,0.42,0.258003,0.04,0.42,0.013856,0
0.04,0.6,0.28594,0.04,0.6,0.012772,0
0.04,1.2,0.539564,0.04,1.2,0.017029,0
1.2,1.2,2.8615,1.2,1.2,0.002092,1
0.08,0.18,0.091351,0.08,0.18,0.017869,0
0.08,0.42,0.264046,0.08,0.42,0.013816,0
0.08,0.6,0.292084,0.08,0.6,0.012813,0
0.08,1.2,0.545074,0.08,1.2,0.016674,0
0.16,0.06,0.119424,0.16,0.06,0.013962,0
0.16,0.18,0.123136,0.16,0.18,0.018473,0
0.16,0.42,0.278837,0.16,0.42,0.01394,0
0.16,0.6,0.306975,0.16,0.6,0.012601,0
0.16,1.2,0.557059,0.16,1.2,0.016526,0
0.1,0.9,0.553414,0.1,0.9,0.62023,1
0.4,0.18,0.285932,0.4,0.18,0.01884,0
0.4,0.42,0.360032,0.4,0.42,0.014647,0
0.4,0.6,0.390854,0.4,0.6,0.013401,0
0.4,1.2,0.608214,0.4,1.2,0.01673,0
0.04,0.06,0.008709,0.04,0.06,0.013452,0
0.04,0.18,0.014267,0.04,0.18,0.017716,0
0.04,0.42,0.019029,0.04,0.42,0.013856,0
0.04,0.6,0.026771,0.04,0.6,0.012772,0
0.04,1.2,0.051706,0.04,1.2,0.017029,0
0.08,0.06,0.008897,0.08,0.06,0.013436,0
0.08,0.18,0.013649,0.08,0.18,0.017869,0
0.08,0.42,0.019382,0.08,0.42,0.013816,0
0.08,0.6,0.020186,0.08,0.6,0.012813,0
0.08,1.2,0.043901,0.08,1.2,0.016674,0
0.16,0.06,0.008721,0.16,0.06,0.013962,0
0.16,0.18,0.013415,0.16,0.18,0.018473,0
0.16,0.42,0.019725,0.16,0.42,0.01394,0
0.16,0.6,0.021798,0.16,0.6,0.012601,0
0.16,1.2,0.043226,0.16,1.2,0.016526,0
0.4,0.06,0.008673,0.4,0.06,0.014022,0
0.4,0.18,0.012507,0.4,0.18,0.01884,0
0.4,0.42,0.019515,0.4,0.42,0.014647,0
0.4,0.6,0.021278,0.4,0.6,0.013401,0
0.4,1.2,0.042784,0.4,1.2,0.01673,0
0.02,0.06,0.053592,0.02,0.06,0.0566,0
0.02,0.18,0.091129,0.02,0.18,0.10233,0
0.02,0.42,0.194625,0.02,0.42,0.268733,0
0.02,0.6,0.118646,0.02,0.6,0.299994,0
0.02,1.2,0.206099,0.02,1.2,0.555541,0
0.04,0.06,0.083761,0.04,0.06,0.099101,0
0.04,0.18,0.129429,0.04,0.18,0.12752,0
0.04,0.42,0.177367,0.04,0.42,0.255322,0
0.04,0.6,0.152573,0.04,0.6,0.337965,0
0.04,1.2,0.233269,0.04,1.2,0.57492,0
0.08,0.06,0.146508,0.08,0.06,0.190655,0
0.08,0.18,0.187966,0.08,0.18,0.20113,0
0.08,0.42,0.25134,0.08,0.42,0.296651,0
0.08,0.6,0.259675,0.08,0.6,0.407064,0
0.08,1.2,0.30513,0.08,1.2,0.646072,0
0.2,0.06,0.331273,0.2,0.06,0.473404,0
0.2,0.18,0.370842,0.2,0.18,0.484378,0
0.2,0.42,0.436091,0.2,0.42,0.508805,0
0.2,0.6,0.488308,0.2,0.6,0.564418,0
0.2,1.2,0.633571,0.2,1.2,0.831712,0
0.02,0.06,0.053592,0.02,0.06,0.039077,0
0.02,0.18,0.091129,0.02,0.18,0.049463,0
0.02,0.42,0.194625,0.02,0.42,0.038054,0
0.02,0.6,0.118646,0.02,0.6,0.100529,0
0.02,1.2,0.206099,0.02,1.2,-0.002795,0
0.04,0.06,0.083761,0.04,0.06,0.060175,0
0.04,0.18,0.129429,0.04,0.18,0.08763,0
0.04,0.42,0.177367,0.04,0.42,0.091632,0
0.04,0.6,0.152573,0.04,0.6,0.111507,0
0.04,1.2,0.233269,0.04,1.2,0.027063,0
0.08,0.06,0.146508,0.08,0.06,0.100695,0
0.08,0.18,0.187966,0.08,0.18,0.134665,0
0.08,0.42,0.25134,0.08,0.42,0.174554,0
0.08,0.6,0.259675,0.08,0.6,0.139697,0
0.08,1.2,0.30513,0.08,1.2,0.123731,0
0.2,0.06,0.331273,0.2,0.06,0.226426,0
0.2,0.18,0.370842,0.2,0.18,0.253917,0
0.2,0.42,0.436091,0.2,0.42,0.320034,0
0.2,0.6,0.488308,0.2,0.6,0.345391,0
0.2,1.2,0.633571,0.2,1.2,0.405802,0
0.02,0.06,0.053592,0.02,0.06,0.039981,0
0.02,0.18,0.091129,0.02,0.18,0.086916,0
0.02,0.42,0.194625,0.02,0.42,0.153701,0
0.02,0.6,0.118646,0.02,0.6,0.289762,0
0.02,1.2,0.206099,0.02,1.2,0.40326,0
13.320499325000718,4.093154333705461,48.66819547335744,15.579347545921735,5.489183234726219,63.599172058540645,1
5.0,0.48,2.56046,5.0,0.48,3.47698,1
0.04,0.42,0.177367,0.04,0.42,0.198583,0
0.04,0.6,0.152573,0.04,0.6,0.296636,0
0.04,1.2,0.233269,0.04,1.2,0.425919,0
0.08,0.06,0.146508,0.08,0.06,0.117008,0
0.08,0.18,0.187966,0.08,0.18,0.135465,0
0.08,0.42,0.25134,0.08,0.42,0.238807,0
0.08,0.6,0.259675,0.08,0.6,0.330316,0
0.08,1.2,0.30513,0.08,1.2,0.52219,0
0.2,0.06,0.331273,0.2,0.06,0.299121,0
0.2,0.18,0.370842,0.2,0.18,0.294639,0
0.2,0.42,0.436091,0.2,0.42,0.337208,0
0.2,0.6,0.488308,0.2,0.6,0.442422,0
0.2,1.2,0.633571,0.2,1.2,0.666617,0
0.02,0.06,0.053592,0.02,0.06,0.002882,0
0.14363572605437794,0.6232897463788247,-0.6344841494505792,-0.4421342012975358,0.786589594195795,0.27262886011351994,1
0.02,0.42,0.194625,0.02,0.42,0.007363,0
0.02,0.6,0.118646,0.02,0.6,0.004604,0
0.02,1.2,0.206099,0.02,1.2,0.008045,0
0.04,0.06,0.083761,0.04,0.06,0.002909,0
0.04,0.18,0.129429,0.04,0.18,0.00566,0
0.04,0.42,0.177367,0.04,0.42,0.005892,0
0.04,0.6,0.152573,0.04,0.6,0.00432,0
0.04,1.2,0.233269,0.04,1.2,0.007585,0
0.08,0.06,0.146508,0.08,0.06,0.002985,0
0.08,0.18,0.187966,0.08,0.18,0.005348,0
0.08,0.42,0.25134,0.08,0.42,0.005135,0
0.08,0.6,0.259675,0.08,0.6,0.003991,0
0.08,1.2,0.30513,0.08,1.2,0.006918,0
0.2,0.06,0.331273,0.2,0.06,0.003009,0
0.2,0.18,0.370842,0.2,0.18,0.004632,0
0.2,0.42,0.436091,0.2,0.42,0.004368,0
0.2,0.6,0.488308,0.2,0.6,0.003553,0
0.2,1.2,0.633571,0.2,1.2,0.005729,0
0.02,0.06,0.053592,0.02,0.06,0.00034,0
0.02,0.18,0.091129,0.02,0.18,0.001183,0
0.02,0.42,0.194625,0.02,0.42,0.003501,0
0.02,0.6,0.118646,0.02,0.6,0.001409,0
0.02,1.2,0.206099,0.02,1.2,0.013512,0
0.04,0.06,0.083761,0.04,0.06,0.000274,0
0.04,0.18,0.129429,0.04,0.18,0.000911,0
0.04,0.42,0.177367,0.04,0.42,0.002144,0
0.04,0.6,0.152573,0.04,0.6,0.000981,0
0.04,1.2,0.233269,0.04,1.2,0.011191,0
0.08,0.06,0.146508,0.08,0.06,0.000262,0
0.08,0.18,0.187966,0.08,0.18,0.000649,0
0.08,0.42,0.25134,0.08,0.42,0.001099,0
0.08,0.6,0.259675,0.08,0.6,0.000538,0
0.1,1.8,0.420583,0.1,1.8,0.561462,1
0.2,0.06,0.331273,0.2,0.06,0.000224,0
0.2,0.18,0.370842,0.2,0.18,0.000401,0
0.2,0.42,0.436091,0.2,0.42,0.000384,0
0.2,0.6,0.488308,0.2,0.6,5e-06,0
0.2,1.2,0.633571,0.2,1.2,0.002421,0
0.02,0.06,0.0566,0.02,0.06,0.039077,0
0.02,0.18,0.10233,0.02,0.18,0.049463,0
0.02,0.42,0.268733,0.02,0.42,0.038054,0
16.440825803047566,6.942004120451602,60.42628178509468,13.486180156997285,4.95067281292614,71.35917309800998,1
0.02,1.2,0.555541,0.02,1.2,-0.002795,0
0.04,0.06,0.099101,0.04,0.06,0.060175,0
0.04,0.18,0.12752,0.04,0.18,0.08763,0
0.04,0.42,0.255322,0.04,0.42,0.091632,0
0.04,0.6,0.337965,0.04,0.6,0.111507,0
0.04,1.2,0.57492,0.04,1.2,0.027063,0
0.08,0.06,0.190655,0.08,0.06,0.100695,0
0.08,0.18,0.20113,0.08,0.18,0.134665,0
0.08,0.42,0.296651,0.08,0.42,0.174554,0
0.08,0.6,0.407064,0.08,0.6,0.139697,0
0.08,1.2,0.646072,0.08,1.2,0.123731,0
0.2,0.06,0.473404,0.2,0.06,0.226426,0
0.2,0.18,0.484378,0.2,0.18,0.253917,0
0.2,0.42,0.508805,0.2,0.42,0.320034,0
0.2,0.6,0.564418,0.2,0.6,0.345391,0
0.2,1.2,0.831712,0.2,1.2,0.405802,0
0.02,0.06,0.0566,0.02,0.06,0.039981,0
0.02,0.18,0.10233,0.02,0.18,0.086916,0
0.02,0.42,0.268733,0.02,0.42,0.153701,0
-0.6223638832087336,0.4344878328959597,0.5273461982083871,-0.013082967273217363,0.7294437578563528,-0.2431393556743791,1
0.02,1.2,0.555541,0.02,1.2,0.40326,0
0.04,0.06,0.099101,0.04,0.06,0.060942,0
0.04,0.18,0.12752,0.04,0.18,0.109712,0
0.04,0.42,0.255322,0.04,0.42,0.198583,0
0.04,0.6,0.337965,0.04,0.6,0.296636,0
0.04,1.2,0.57492,0.04,1.2,0.425919,0
0.08,0.06,0.190655,0.08,0.06,0.117008,0
0.08,0.18,0.20113,0.08,0.18,0.135465,0
0.08,0.42,0.296651,0.08,0.42,0.238807,0
0.08,0.6,0.407064,0.08,0.6,0.330316,0
3.0,0.9,13.9781,3.0,0.9,0.032601,1
0.2,0.06,0.473404,0.2,0.06,0.299121,0
0.2,0.18,0.484378,0.2,0.18,0.294639,0
0.2,0.42,0.508805,0.2,0.42,0.337208,0
-0.04577220690345227,0.28647569265112954,-0.31961035958719863,0.2097729223990909,0.5736224459996171,0.7691614909758704,1
0.2,1.2,0.831712,0.2,1.2,0.666617,0
0.02,0.06,0.0566,0.02,0.06,0.002882,0
0.02,0.18,0.10233,0.02,0.18,0.006183,0
0.02,0.42,0.268733,0.02,0.42,0.007363,0
0.02,0.6,0.299994,0.02,0.6,0.004604,0
0.02,1.2,0.555541,0.02,1.2,0.008045,0
0.04,0.06,0.099101,0.04,0.06,0.002909,0
0.04,0.18,0.12752,0.04,0.18,0.00566,0
0.04,0.42,0.255322,0.04,0.42,0.005892,0
0.04,0.6,0.337965,0.04,0.6,0.00432,0
0.04,1.2,0.57492,0.04,1.2,0.007585,0
0.08,0.06,0.190655,0.08,0.06,0.002985,0
0.08,0.18,0.20113,0.08,0.18,0.005348,0
0.08,0.42,0.296651,0.08,0.42,0.005135,0
0.08,0.6,0.407064,0.08,0.6,0.003991,0
0.08,1.2,0.646072,0.08,1.2,0.006918,0
0.2,0.06,0.473404,0.2,0.06,0.003009,0
0.2,0.18,0.484378,0.2,0.18,0.004632,0
0.2,0.42,0.508805,0.2,0.42,0.004368,0
0.2,0.6,0.564418,0.2,0.6,0.003553,0
0.2,1.2,0.831712,0.2,1.2,0.005729,0
0.02,0.06,0.0566,0.02,0.06,0.00034,0
0.02,0.18,0.10233,0.02,0.18,0.001183,0
0.02,0.42,0.268733,0.02,0.42,0.003501,0
0.02,0.6,0.299994,0.02,0.6,0.001409,0
0.02,1.2,0.555541,0.02,1.2,0.013512,0
0.04,0.06,0.099101,0.04,0.06,0.000274,0
0.04,0.18,0.12752,0.04,0.18,0.000911,0
0.04,0.42,0.255322,0.04,0.42,0.002144,0
0.04,0.6,0.337965,0.04,0.6,0.000981,0
0.04,1.2,0.57492,0.04,1.2,0.011191,0
0.08,0.06,0.190655,0.08,0.06,0.000262,0
0.08,0.18,0.20113,0.08,0.18,0.000649,0
0.08,0.42,0.296651,0.08,0.42,0.001099,0
0.08,0.6,0.407064,0.08,0.6,0.000538,0
4.0,1.8,12.0839,4.0,1.8,8.28075,1
0.2,0.06,0.473404,0.2,0.06,0.000224,0
0.2,0.18,0.484378,0.2,0.18,0.000401,0
0.2,0.42,0.508805,0.2,0.42,0.000384,0
0.2,0.6,0.564418,0.2,0.6,5e-06,0
0.2,1.2,0.831712,0.2,1.2,0.002421,0
0.02,0.06,0.039077,0.02,0.06,0.039981,0
0.02,0.18,0.049463,0.02,0.18,0.086916,0
0.02,0.42,0.038054,0.02,0.42,0.153701,0
0.02,0.6,0.100529,0.02,0.6,0.289762,0
0.02,1.2,-0.002795,0.02,1.2,0.40326,0
0.04,0.06,0.060175,0.04,0.06,0.060942,0
0.04,0.18,0.08763,0.04,0.18,0.109712,0
0.04,0.42,0.091632,0.04,0.42,0.198583,0
0.04,0.6,0.111507,0.04,0.6,0.296636,0
0.04,1.2,0.027063,0.04,1.2,0.425919,0
0.08,0.06,0.100695,0.08,0.06,0.117008,0
0.08,0.18,0.134665,0.08,0.18,0.135465,0
0.08,0.42,0.174554,0.08,0.42,0.238807,0
0.08,0.6,0.139697,0.08,0.6,0.330316,0
0.08,1.2,0.123731,0.08,1.2,0.52219,0
0.2,0.06,0.226426,0.2,0.06,0.299121,0
0.2,0.18,0.253917,0.2,0.18,0.294639,0
0.2,0.42,0.320034,0.2,0.42,0.337208,0
0.2,0.6,0.345391,0.2,0.6,0.442422,0
0.2,1.2,0.405802,0.2,1.2,0.666617,0
0.02,0.06,0.039077,0.02,0.06,0.002882,0
0.02,0.18,0.049463,0.02,0.18,0.006183,0
0.02,0.42,0.038054,0.02,0.42,0.007363,0
0.02,0.6,0.100529,0.02,0.6,0.004604,0
0.02,1.2,-0.002795,0.02,1.2,0.008045,0
0.04,0.06,0.060175,0.04,0.06,0.002909,0
0.04,0.18,0.08763,0.04,0.18,0.00566,0
0.04,0.42,0.091632,0.04,0.42,0.005892,0
0.04,0.6,0.111507,0.04,0.6,0.00432,0
0.04,1.2,0.027063,0.04,1.2,0.007585,0
0.08,0.06,0.100695,0.08,0.06,0.002985,0
0.08,0.18,0.134665,0.08,0.18,0.005348,0
0.08,0.42,0.174554,0.08,0.42,0.005135,0
0.08,0.6,0.139697,0.08,0.6,0.003991,0
0.08,1.2,0.123731,0.08,1.2,0.006918,0
0.2,0.06,0.226426,0.2,0.06,0.003009,0
0.2,0.18,0.253917,0.2,0.18,0.004632,0
0.2,0.42,0.320034,0.2,0.42,0.004368,0
0.2,0.6,0.345391,0.2,0.6,0.003553,0
0.2,1.2,0.405802,0.2,1.2,0.005729,0
0.02,0.06,0.039077,0.02,0.06,0.00034,0
0.02,0.18,0.049463,0.02,0.18,0.001183,0
0.02,0.42,0.038054,0.02,0.42,0.003501,0
0.02,0.6,0.100529,0.02,0.6,0.001409,0
0.02,1.2,-0.002795,0.02,1.2,0.013512,0
0.04,0.06,0.060175,0.04,0.06,0.000274,0
4.0,1.8,6.28975,4.0,1.8,0.07849,1
0.04,0.42,0.091632,0.04,0.42,0.002144,0
0.04,0.6,0.111507,0.04,0.6,0.000981,0
0.04,1.2,0.027063,0.04,1.2,0.011191,0
0.08,0.06,0.100695,0.08,0.06,0.000262,0
0.08,0.18,0.134665,0.08,0.18,0.000649,0
0.08,0.42,0.174554,0.08,0.42,0.001099,0
0.08,0.6,0.139697,0.08,0.6,0.000538,0
0.08,1.2,0.123731,0.08,1.2,0.006844,0
0.2,0.06,0.226426,0.2,0.06,0.000224,0
0.2,0.18,0.253917,0.2,0.18,0.000401,0
0.2,0.42,0.320034,0.2,0.42,0.000384,0
0.2,0.6,0.345391,0.2,0.6,5e-06,0
0.2,1.2,0.405802,0.2,1.2,0.002421,0
0.02,0.06,0.039981,0.02,0.06,0.002882,0
0.02,0.18,0.086916,0.02,0.18,0.006183,0
0.02,0.42,0.153701,0.02,0.42,0.007363,0
0.02,0.6,0.289762,0.02,0.6,0.004604,0
14.935908576757827,5.2049948088257025,59.450044400549714,9.332442390111295,6.822265911623338,41.5740029479599,1
0.04,0.06,0.060942,0.04,0.06,0.002909,0
0.04,0.18,0.109712,0.04,0.18,0.00566,0
0.04,0.42,0.198583,0.04,0.42,0.005892,0
0.04,0.6,0.296636,0.04,0.6,0.00432,0
0.04,1.2,0.425919,0.04,1.2,0.007585,0
0.08,0.06,0.117008,0.08,0.06,0.002985,0
0.08,0.18,0.135465,0.08,0.18,0.005348,0
0.08,0.42,0.238807,0.08,0.42,0.005135,0
0.08,0.6,0.330316,0.08,0.6,0.003991,0
0.08,1.2,0.52219,0.08,1.2,0.006918,0
0.2,0.06,0.299121,0.2,0.06,0.003009,0
0.2,0.18,0.294639,0.2,0.18,0.004632,0
0.2,0.42,0.337208,0.2,0.42,0.004368,0
0.2,0.6,0.442422,0.2,0.6,0.003553,0
0.2,1.2,0.666617,0.2,1.2,0.005729,0
0.02,0.06,0.039981,0.02,0.06,0.00034,0
0.02,0.18,0.086916,0.02,0.18,0.001183,0
0.02,0.42,0.153701,0.02,0.42,0.003501,0
0.02,0.6,0.289762,0.02,0.6,0.001409,0
0.02,1.2,0.40326,0.02,1.2,0.013512,0
0.04,0.06,0.060942,0.04,0.06,0.000274,0
0.04,0.18,0.109712,0.04,0.18,0.000911,0
0.04,0.42,0.198583,0.04,0.42,0.002144,0
0.04,0.6,0.296636,0.04,0.6,0.000981,0
0.04,1.2,0.425919,0.04,1.2,0.011191,0
0.08,0.06,0.117008,0.08,0.06,0.000262,0
0.08,0.18,0.135465,0.08,0.18,0.000649,0
0.08,0.42,0.238807,0.08,0.42,0.001099,0
0.08,0.6,0.330316,0.08,0.6,0.000538,0
0.08,1.2,0.52219,0.08,1.2,0.006844,0
0.2,0.06,0.299121,0.2,0.06,0.000224,0
0.2,0.18,0.294639,0.2,0.18,0.000401,0
0.2,0.42,0.337208,0.2,0.42,0.000384,0
0.2,0.6,0.442422,0.2,0.6,5e-06,0
0.2,1.2,0.666617,0.2,1.2,0.002421,0
0.02,0.06,0.002882,0.02,0.06,0.00034,0
0.02,0.18,0.006183,0.02,0.18,0.001183,0
11.190236383016686,5.688895871355196,43.85914971207323,11.564769822680587,5.092756091414196,63.9942076082785,1
0.02,0.6,0.004604,0.02,0.6,0.001409,0
-0.22530611701332634,1.0586203361853157,-0.5524034868840797,-0.8323878721140221,1.7262736553673743,-0.9079564531238379,1
0.04,0.06,0.002909,0.04,0.06,0.000274,0
0.04,0.18,0.00566,0.04,0.18,0.000911,0
0.04,0.42,0.005892,0.04,0.42,0.002144,0
15.794450955200631,5.945210183062157,48.5694856744186,10.7335818302539,7.634972792459644,58.593278229962806,1
0.04,1.2,0.007585,0.04,1.2,0.011191,0
0.08,0.06,0.002985,0.08,0.06,0.000262,0
0.08,0.18,0.005348,0.08,0.18,0.000649,0
10.292156424157186,5.937879480140845,39.724832382974924,12.764620489390715,6.708196693961963,54.89830177113845,1
0.08,0.6,0.003991,0.08,0.6,0.000538,0
0.08,1.2,0.006918,0.08,1.2,0.006844,0
0.2,0.06,0.003009,0.2,0.06,0.000224,0
0.2,0.18,0.004632,0.2,0.18,0.000401,0
0.2,0.42,0.004368,0.2,0.42,0.000384,0
0.2,0.6,0.003553,0.2,0.6,5e-06,0
0.2,1.2,0.005729,0.2,1.2,0.002421,0
0.04,0.06,0.054247,0.04,0.06,0.059124,0
0.04,0.18,0.09234,0.04,0.18,0.103374,0
0.04,0.42,0.164836,0.04,0.42,0.246026,0
0.04,0.6,0.11906,0.04,0.6,0.300301,0
0.04,1.2,0.206465,0.04,1.2,0.555812,0
0.08,0.06,0.084945,0.08,0.06,0.102034,0
0.08,0.18,0.130288,0.08,0.18,0.129048,0
0.08,0.42,0.174921,0.08,0.42,0.254147,0
0.08,0.6,0.153151,0.08,0.6,0.339064,0
0.08,1.2,0.2337,0.08,1.2,0.57524,0
0.16,0.06,0.147173,0.16,0.06,0.19637,0
0.16,0.18,0.188912,0.16,0.18,0.205593,0
0.16,0.42,0.252393,0.16,0.42,0.297885,0
0.16,0.6,0.260541,0.16,0.6,0.40803,0
0.16,1.2,0.305756,0.16,1.2,0.647007,0
0.4,0.06,0.333204,0.4,0.06,0.476786,0
0.4,0.18,0.372692,0.4,0.18,0.489528,0
0.4,0.42,0.436987,0.4,0.42,0.513996,0
0.4,0.6,0.488998,0.4,0.6,0.566254,0
0.4,1.2,0.634336,0.4,1.2,0.832908,0
0.04,0.06,0.054247,0.04,0.06,0.039968,0
0.04,0.18,0.09234,0.04,0.18,0.050521,0
0.04,0.42,0.164836,0.04,0.42,0.03876,0
0.04,0.6,0.11906,0.04,0.6,0.100678,0
0.04,1.2,0.206465,0.04,1.2,-0.005901,0
0.08,0.06,0.084945,0.08,0.06,0.060728,0
0.08,0.18,0.130288,0.08,0.18,0.088489,0
0.08,0.42,0.174921,0.08,0.42,0.092573,0
0.08,0.6,0.153151,0.08,0.6,0.11168,0
0.08,1.2,0.2337,0.08,1.2,0.02653,0
9.672944117818094,6.150174366548093,60.49329465627087,15.294420600054368,5.323292704283764,39.287168967003474,1
0.16,0.18,0.188912,0.16,0.18,0.135357,0
0.16,0.42,0.252393,0.16,0.42,0.175173,0
0.16,0.6,0.260541,0.16,0.6,0.140192,0
0.16,1.2,0.305756,0.16,1.2,0.124721,0
0.4,0.06,0.333204,0.4,0.06,0.227656,0
0.4,0.18,0.372692,0.4,0.18,0.254788,0
0.4,0.42,0.436987,0.4,0.42,0.320556,0
0.4,0.6,0.488998,0.4,0.6,0.34584,0
0.4,1.2,0.634336,0.4,1.2,0.406339,0
0.04,0.06,0.054247,0.04,0.06,0.041822,0
0.04,0.18,0.09234,0.04,0.18,0.088714,0
0.04,0.42,0.164836,0.04,0.42,0.155817,0
0.04,0.6,0.11906,0.04,0.6,0.289869,0
0.04,1.2,0.206465,0.04,1.2,0.400821,0
0.08,0.06,0.084945,0.08,0.06,0.062635,0
0.08,0.18,0.130288,0.08,0.18,0.110323,0
0.08,0.42,0.174921,0.08,0.42,0.199113,0
0.08,0.6,0.153151,0.08,0.6,0.296787,0
0.08,1.2,0.2337,0.08,1.2,0.425541,0
0.16,0.06,0.147173,0.16,0.06,0.116376,0
0.16,0.18,0.188912,0.16,0.18,0.136381,0
0.16,0.42,0.252393,0.16,0.42,0.239517,0
0.16,0.6,0.260541,0.16,0.6,0.33106,0
0.16,1.2,0.305756,0.16,1.2,0.523113,0
0.4,0.06,0.333204,0.4,0.06,0.300797,0
0.4,0.18,0.372692,0.4,0.18,0.296043,0
0.4,0.42,0.436987,0.4,0.42,0.338096,0
0.4,0.6,0.488998,0.4,0.6,0.443226,0
0.4,1.2,0.634336,0.4,1.2,0.66732,0
0.04,0.06,0.054247,0.04,0.06,0.00663,0
0.04,0.18,0.09234,0.04,0.18,0.012941,0
0.04,0.42,0.164836,0.04,0.42,0.013276,0
0.04,0.6,0.11906,0.04,0.6,0.009525,0
0.04,1.2,0.206465,0.04,1.2,0.0164,0
0.08,0.06,0.084945,0.08,0.06,0.006901,0
0.08,0.18,0.130288,0.08,0.18,0.011983,0
0.08,0.42,0.174921,0.08,0.42,0.011949,0
0.08,0.6,0.153151,0.08,0.6,0.008948,0
0.08,1.2,0.2337,0.08,1.2,0.015524,0
0.16,0.06,0.147173,0.16,0.06,0.007273,0
0.16,0.18,0.188912,0.16,0.18,0.011582,0
0.16,0.42,0.252393,0.16,0.42,0.010726,0
0.16,0.6,0.260541,0.16,0.6,0.00837,0
0.16,1.2,0.305756,0.16,1.2,0.014162,0
0.4,0.06,0.333204,0.4,0.06,0.007406,0
0.4,0.18,0.372692,0.4,0.18,0.010505,0
0.4,0.42,0.436987,0.4,0.42,0.009695,0
0.4,0.6,0.488998,0.4,0.6,0.007818,0
0.4,1.2,0.634336,0.4,1.2,0.01192,0
0.04,0.06,0.054247,0.04,0.06,0.000931,0
0.04,0.18,0.09234,0.04,0.18,0.004191,0
0.04,0.42,0.164836,0.04,0.42,0.008601,0
0.04,0.6,0.11906,0.04,0.6,0.003967,0
0.04,1.2,0.206465,0.04,1.2,0.02873,0
0.08,0.06,0.084945,0.08,0.06,0.001791,0
0.08,0.18,0.130288,0.08,0.18,0.003563,0
0.08,0.42,0.174921,0.08,0.42,0.006019,0
0.08,0.6,0.153151,0.08,0.6,0.003115,0
0.5085791942116442,1.9623192982413782,-1.1672557847439458,0.2971318249610358,0.48667539459482634,0.27349425339947064,1
0.16,0.06,0.147173,0.16,0.06,0.002187,0
0.16,0.18,0.188912,0.16,0.18,0.003372,0
0.16,0.42,0.252393,0.16,0.42,0.003661,0
0.16,0.6,0.260541,0.16,0.6,0.002242,0
0.16,1.2,0.305756,0.16,1.2,0.015392,0
0.4,0.06,0.333204,0.4,0.06,0.00271,0
0.4,0.18,0.372692,0.4,0.18,0.003565,0
0.4,0.42,0.436987,0.4,0.42,0.002616,0
0.4,0.6,0.488998,0.4,0.6,0.001414,0
0.4,1.2,0.634336,0.4,1.2,0.006242,0
0.04,0.06,0.059124,0.04,0.06,0.039968,0
0.04,0.18,0.103374,0.04,0.18,0.050521,0
0.04,0.42,0.246026,0.04,0.42,0.03876,0
0.04,0.6,0.300301,0.04,0.6,0.100678,0
0.04,1.2,0.555812,0.04,1.2,-0.005901,0
0.08,0.06,0.102034,0.08,0.06,0.060728,0
0.08,0.18,0.129048,0.08,0.18,0.088489,0
5.0,0.9,15.7366,5.0,0.9,23.5804,1
0.08,0.6,0.339064,0.08,0.6,0.11168,0
0.08,1.2,0.57524,0.08,1.2,0.02653,0
0.16,0.06,0.19637,0.16,0.06,0.101204,0
0.16,0.18,0.205593,0.16,0.18,0.135357,0
0.16,0.42,0.297885,0.16,0.42,0.175173,0
-0.3578020280226971,1.0405294460287167,0.431679371564364,0.5073345620592923,0.3817425683672282,0.6760321869452949,1
0.16,1.2,0.647007,0.16,1.2,0.124721,0
0.4,0.06,0.476786,0.4,0.06,0.227656,0
0.4,0.18,0.489528,0.4,0.18,0.254788,0
0.4,0.42,0.513996,0.4,0.42,0.320556,0
0.4,0.6,0.566254,0.4,0.6,0.34584,0
0.4,1.2,0.832908,0.4,1.2,0.406339,0
0.04,0.06,0.059124,0.04,0.06,0.041822,0
0.04,0.18,0.103374,0.04,0.18,0.088714,0
0.04,0.42,0.246026,0.04,0.42,0.155817,0
0.04,0.6,0.300301,0.04,0.6,0.289869,0
0.04,1.2,0.555812,0.04,1.2,0.400821,0
0.08,0.06,0.102034,0.08,0.06,0.062635,0
0.08,0.18,0.129048,0.08,0.18,0.110323,0
0.08,0.42,0.254147,0.08,0.42,0.199113,0
0.08,0.6,0.339064,0.08,0.6,0.296787,0
0.08,1.2,0.57524,0.08,1.2,0.425541,0
0.16,0.06,0.19637,0.16,0.06,0.116376,0
0.16,0.18,0.205593,0.16,0.18,0.136381,0
0.16,0.42,0.297885,0.16,0.42,0.239517,0
0.16,0.6,0.40803,0.16,0.6,0.33106,0
0.16,1.2,0.647007,0.16,1.2,0.523113,0
0.4,0.06,0.476786,0.4,0.06,0.300797,0
0.4,0.18,0.489528,0.4,0.18,0.296043,0
0.4,0.42,0.513996,0.4,0.42,0.338096,0
0.4,0.6,0.566254,0.4,0.6,0.443226,0
0.4,1.2,0.832908,0.4,1.2,0.66732,0
0.04,0.06,0.059124,0.04,0.06,0.00663,0
0.04,0.18,0.103374,0.04,0.18,0.012941,0
0.04,0.42,0.246026,0.04,0.42,0.013276,0
0.04,0.6,0.300301,0.04,0.6,0.009525,0
0.04,1.2,0.555812,0.04,1.2,0.0164,0
0.08,0.06,0.102034,0.08,0.06,0.006901,0
0.08,0.18,0.129048,0.08,0.18,0.011983,0
0.08,0.42,0.254147,0.08,0.42,0.011949,0
0.08,0.6,0.339064,0.08,0.6,0.008948,0
0.08,1.2,0.57524,0.08,1.2,0.015524,0
0.16,0.06,0.19637,0.16,0.06,0.007273,0
0.16,0.18,0.205593,0.16,0.18,0.011582,0
0.16,0.42,0.297885,0.16,0.42,0.010726,0
0.16,0.6,0.40803,0.16,0.6,0.00837,0
0.16,1.2,0.647007,0.16,1.2,0.014162,0
0.4,0.06,0.476786,0.4,0.06,0.007406,0
0.4,0.18,0.489528,0.4,0.18,0.010505,0
0.4,0.42,0.513996,0.4,0.42,0.009695,0
0.4,0.6,0.566254,0.4,0.6,0.007818,0
0.4,1.2,0.832908,0.4,1.2,0.01192,0
0.04,0.06,0.059124,0.04,0.06,0.000931,0
0.04,0.18,0.103374,0.04,0.18,0.004191,0
0.04,0.42,0.246026,0.04,0.42,0.008601,0
0.04,0.6,0.300301,0.04,0.6,0.003967,0
0.04,1.2,0.555812,0.04,1.2,0.02873,0
0.08,0.06,0.102034,0.08,0.06,0.001791,0
0.08,0.18,0.129048,0.08,0.18,0.003563,0
0.08,0.42,0.254147,0.08,0.42,0.006019,0
0.08,0.6,0.339064,0.08,0.6,0.003115,0
0.08,1.2,0.57524,0.08,1.2,0.023939,0
0.16,0.06,0.19637,0.16,0.06,0.002187,0
0.16,0.18,0.205593,0.16,0.18,0.003372,0
0.16,0.42,0.297885,0.16,0.42,0.003661,0
0.16,0.6,0.40803,0.16,0.6,0.002242,0
0.16,1.2,0.647007,0.16,1.2,0.015392,0
0.4,0.06,0.476786,0.4,0.06,0.00271,0
0.4,0.18,0.489528,0.4,0.18,0.003565,0
0.4,0.42,0.513996,0.4,0.42,0.002616,0
0.4,0.6,0.566254,0.4,0.6,0.001414,0
8.709160171526062,6.000193563900864,50.52177337677417,9.78442634377258,7.641739265650141,69.0731802777525,1
0.04,0.06,0.039968,0.04,0.06,0.041822,0
0.04,0.18,0.050521,0.04,0.18,0.088714,0
0.04,0.42,0.03876,0.04,0.42,0.155817,0
0.04,0.6,0.100678,0.04,0.6,0.289869,0
0.04,1.2,-0.005901,0.04,1.2,0.400821,0
0.08,0.06,0.060728,0.08,0.06,0.062635,0
0.08,0.18,0.088489,0.08,0.18,0.110323,0
0.08,0.42,0.092573,0.08,0.42,0.199113,0
0.8,0.6,0.345013,0.8,0.6,0.00298,1
0.08,1.2,0.02653,0.08,1.2,0.425541,0
0.16,0.06,0.101204,0.16,0.06,0.116376,0
0.16,0.18,0.135357,0.16,0.18,0.136381,0
0.16,0.42,0.175173,0.16,0.42,0.239517,0
0.04460692394863894,0.20150666559306124,0.20214540826053556,0.4674806160233873,1.20178902726673,-0.413582132220109,1
0.16,1.2,0.124721,0.16,1.2,0.523113,0
0.4,0.06,0.227656,0.4,0.06,0.300797,0
0.4,0.18,0.254788,0.4,0.18,0.296043,0
0.4,0.42,0.320556,0.4,0.42,0.338096,0
0.4,0.6,0.34584,0.4,0.6,0.443226,0
0.4,1.2,0.406339,0.4,1.2,0.66732,0
0.04,0.06,0.039968,0.04,0.06,0.00663,0
0.04,0.18,0.050521,0.04,0.18,0.012941,0
0.04,0.42,0.03876,0.04,0.42,0.013276,0
0.04,0.6,0.100678,0.04,0.6,0.009525,0
0.04,1.2,-0.005901,0.04,1.2,0.0164,0
0.08,0.06,0.060728,0.08,0.06,0.006901,0
0.08,0.18,0.088489,0.08,0.18,0.011983,0
0.08,0.42,0.092573,0.08,0.42,0.011949,0
0.08,0.6,0.11168,0.08,0.6,0.008948,0
0.08,1.2,0.02653,0.08,1.2,0.015524,0
0.16,0.06,0.101204,0.16,0.06,0.007273,0
0.16,0.18,0.135357,0.16,0.18,0.011582,0
0.16,0.42,0.175173,0.16,0.42,0.010726,0
0.16,0.6,0.140192,0.16,0.6,0.00837,0
0.16,1.2,0.124721,0.16,1.2,0.014162,0
0.4,0.06,0.227656,0.4,0.06,0.007406,0
0.4,0.18,0.254788,0.4,0.18,0.010505,0
0.4,0.42,0.320556,0.4,0.42,0.009695,0
0.4,0.6,0.34584,0.4,0.6,0.007818,0
0.4,1.2,0.406339,0.4,1.2,0.01192,0
0.04,0.06,0.039968,0.04,0.06,0.000931,0
0.04,0.18,0.050521,0.04,0.18,0.004191,0
0.04,0.42,0.03876,0.04,0.42,0.008601,0
0.04,0.6,0.100678,0.04,0.6,0.003967,0
0.04,1.2,-0.005901,0.04,1.2,0.02873,0
0.08,0.06,0.060728,0.08,0.06,0.001791,0
0.08,0.18,0.088489,0.08,0.18,0.003563,0
0.08,0.42,0.092573,0.08,0.42,0.006019,0
-0.1907365032535845,0.5489968599363692,0.447188902458885,0.613998889029486,1.069484734352396,-0.02882391641567334,1
0.08,1.2,0.02653,0.08,1.2,0.023939,0
0.16,0.06,0.101204,0.16,0.06,0.002187,0
0.16,0.18,0.135357,0.16,0.18,0.003372,0
0.16,0.42,0.175173,0.16,0.42,0.003661,0
0.16,0.6,0.140192,0.16,0.6,0.002242,0
0.16,1.2,0.124721,0.16,1.2,0.015392,0
0.4,0.06,0.227656,0.4,0.06,0.00271,0
0.4,0.18,0.254788,0.4,0.18,0.003565,0
0.4,0.42,0.320556,0.4,0.42,0.002616,0
0.4,0.6,0.34584,0.4,0.6,0.001414,0
0.4,1.2,0.406339,0.4,1.2,0.006242,0
0.04,0.06,0.041822,0.04,0.06,0.00663,0
0.04,0.18,0.088714,0.04,0.18,0.012941,0
0.04,0.42,0.155817,0.04,0.42,0.013276,0
0.04,0.6,0.289869,0.04,0.6,0.009525,0
0.5,1.8,0.49765,0.5,1.8,0.166498,1
0.08,0.06,0.062635,0.08,0.06,0.006901,0
0.08,0.18,0.110323,0.08,0.18,0.011983,0
0.08,0.42,0.199113,0.08,0.42,0.011949,0
0.08,0.6,0.296787,0.08,0.6,0.008948,0
0.08,1.2,0.425541,0.08,1.2,0.015524,0
4.0,0.9,13.3726,4.0,0.9,7.11036,1
0.16,0.18,0.136381,0.16,0.18,0.011582,0
0.16,0.42,0.239517,0.16,0.42,0.010726,0
0.16,0.6,0.33106,0.16,0.6,0.00837,0
0.16,1.2,0.523113,0.16,1.2,0.014162,0
0.4,0.06,0.300797,0.4,0.06,0.007406,0
0.4,0.18,0.296043,0.4,0.18,0.010505,0
0.4,0.42,0.338096,0.4,0.42,0.009695,0
0.4,0.6,0.443226,0.4,0.6,0.007818,0
0.4,1.2,0.66732,0.4,1.2,0.01192,0
0.04,0.06,0.041822,0.04,0.06,0.000931,0
0.04,0.18,0.088714,0.04,0.18,0.004191,0
0.04,0.42,0.155817,0.04,0.42,0.008601,0
0.04,0.6,0.289869,0.04,0.6,0.003967,0
0.04,1.2,0.400821,0.04,1.2,0.02873,0
0.08,0.06,0.062635,0.08,0.06,0.001791,0
0.08,0.18,0.110323,0.08,0.18,0.003563,0
0.08,0.42,0.199113,0.08,0.42,0.006019,0
0.08,0.6,0.296787,0.08,0.6,0.003115,0
0.08,1.2,0.425541,0.08,1.2,0.023939,0
0.16,0.06,0.116376,0.16,0.06,0.002187,0
0.16,0.18,0.136381,0.16,0.18,0.003372,0
0.16,0.42,0.239517,0.16,0.42,0.003661,0
0.16,0.6,0.33106,0.16,0.6,0.002242,0
0.16,1.2,0.523113,0.16,1.2,0.015392,0
0.4,0.06,0.300797,0.4,0.06,0.00271,0
0.4,0.18,0.296043,0.4,0.18,0.003565,0
0.4,0.42,0.338096,0.4,0.42,0.002616,0
0.4,0.6,0.443226,0.4,0.6,0.001414,0
0.4,1.2,0.66732,0.4,1.2,0.006242,0
0.04,0.06,0.00663,0.04,0.06,0.000931,0
12.802122053260138,7.4782349739780685,59.68702487003086,10.422866952928354,7.136380564615991,51.47650150830394,1
0.04,0.42,0.013276,0.04,0.42,0.008601,0
10.612397882372374,4.976832516718277,69.50651030380696,14.655561311363666,4.587383359124166,40.950948738788,1
0.04,1.2,0.0164,0.04,1.2,0.02873,0
0.08,0.06,0.006901,0.08,0.06,0.001791,0
0.08,0.18,0.011983,0.08,0.18,0.003563,0
0.08,0.42,0.011949,0.08,0.42,0.006019,0
0.08,0.6,0.008948,0.08,0.6,0.003115,0
0.08,1.2,0.015524,0.08,1.2,0.023939,0
0.16,0.06,0.007273,0.16,0.06,0.002187,0
0.16,0.18,0.011582,0.16,0.18,0.003372,0
0.16,0.42,0.010726,0.16,0.42,0.003661,0
0.16,0.6,0.00837,0.16,0.6,0.002242,0
0.16,1.2,0.014162,0.16,1.2,0.015392,0
0.4,0.06,0.007406,0.4,0.06,0.00271,0
0.4,0.18,0.010505,0.4,0.18,0.003565,0
0.4,0.42,0.009695,0.4,0.42,0.002616,0
0.4,0.6,0.007818,0.4,0.6,0.001414,0
0.4,1.2,0.01192,0.4,1.2,0.006242,0
0.08,0.06,0.054293,0.08,0.06,0.059167,0
0.7191404737297432,0.1495752399985361,-0.004248474839811375,0.5283986660166176,0.3911623987249373,-0.4609812571896036,1
0.08,0.42,0.166128,0.08,0.42,0.246997,0
0.08,0.6,0.119106,0.08,0.6,0.300329,0
0.7014134466634138,1.5635839944460503,0.23945680430111999,0.9125711912718907,1.0661172406375776,1.2171856099944898,1
0.16,0.06,0.084993,0.16,0.06,0.102092,0
0.16,0.18,0.130362,0.16,0.18,0.129061,0
0.16,0.42,0.175522,0.16,0.42,0.25447,0
0.16,0.6,0.153216,0.16,0.6,0.339147,0
0.16,1.2,0.233755,0.16,1.2,0.575268,0
0.32,0.06,0.147222,0.32,0.06,0.196438,0
0.32,0.18,0.188973,0.32,0.18,0.205669,0
0.32,0.42,0.25233,0.32,0.42,0.297817,0
0.32,0.6,0.260642,0.32,0.6,0.408067,0
0.32,1.2,0.305834,0.32,1.2,0.647068,0
0.8,0.06,0.333256,0.8,0.06,0.476846,0
0.8,0.18,0.372761,0.8,0.18,0.489594,0
0.8,0.42,0.437054,0.8,0.42,0.514029,0
0.8,0.6,0.489047,0.8,0.6,0.566283,0
0.8,1.2,0.634418,0.8,1.2,0.832942,0
0.08,0.06,0.054293,0.08,0.06,0.039924,0
0.08,0.18,0.092422,0.08,0.18,0.050389,0
0.08,0.42,0.166128,0.08,0.42,0.03858,0
0.08,0.6,0.119106,0.08,0.6,0.100659,0
0.08,1.2,0.206511,0.08,1.2,-0.00665,0
0.16,0.06,0.084993,0.16,0.06,0.060643,0
0.16,0.18,0.130362,0.16,0.18,0.088291,0
0.16,0.42,0.175522,0.16,0.42,0.092329,0
0.16,0.6,0.153216,0.16,0.6,0.111625,0
0.16,1.2,0.233755,0.16,1.2,0.02583,0
0.32,0.06,0.147222,0.32,0.06,0.100967,0
0.32,0.18,0.188973,0.32,0.18,0.135096,0
0.32,0.42,0.25233,0.32,0.42,0.174749,0
0.32,0.6,0.260642,0.32,0.6,0.139662,0
0.32,1.2,0.305834,0.32,1.2,0.12413,0
0.8,0.06,0.333256,0.8,0.06,0.227004,0
0.8,0.18,0.372761,0.8,0.18,0.254157,0
0.8,0.42,0.437054,0.8,0.42,0.319878,0
0.8,0.6,0.489047,0.8,0.6,0.345013,0
0.8,1.2,0.634418,0.8,1.2,0.405203,0
0.08,0.06,0.054293,0.08,0.06,0.041799,0
0.08,0.18,0.092422,0.08,0.18,0.088625,0
0.08,0.42,0.166128,0.08,0.42,0.155861,0
0.08,0.6,0.119106,0.08,0.6,0.289876,0
0.08,1.2,0.206511,0.08,1.2,0.400273,0
0.16,0.06,0.084993,0.16,0.06,0.062636,0
0.16,0.18,0.130362,0.16,0.18,0.110328,0
3.0,0.06,4.63791,3.0,0.06,4.09744,1
0.16,0.6,0.153216,0.16,0.6,0.296764,0
0.16,1.2,0.233755,0.16,1.2,0.425043,0
0.32,0.06,0.147222,0.32,0.06,0.116141,0
0.32,0.18,0.188973,0.32,0.18,0.136218,0
0.32,0.42,0.25233,0.32,0.42,0.239229,0
0.32,0.6,0.260642,0.32,0.6,0.330781,0
0.32,1.2,0.305834,0.32,1.2,0.522692,0
0.8,0.06,0.333256,0.8,0.06,0.300195,0
0.8,0.18,0.372761,0.8,0.18,0.295303,0
0.8,0.42,0.437054,0.8,0.42,0.337642,0
0.8,0.6,0.489047,0.8,0.6,0.442946,0
0.8,1.2,0.634418,0.8,1.2,0.666506,0
0.08,0.06,0.054293,0.08,0.06,0.013256,0
0.08,0.18,0.092422,0.08,0.18,0.025954,0
0.08,0.42,0.166128,0.08,0.42,0.02661,0
0.08,0.6,0.119106,0.08,0.6,0.019051,0
0.08,1.2,0.206511,0.08,1.2,0.032815,0
0.16,0.06,0.084993,0.16,0.06,0.013797,0
0.16,0.18,0.130362,0.16,0.18,0.024019,0
0.16,0.42,0.175522,0.16,0.42,0.023933,0
0.16,0.6,0.153216,0.16,0.6,0.017894,0
0.16,1.2,0.233755,0.16,1.2,0.031063,0
0.32,0.06,0.147222,0.32,0.06,0.014545,0
0.32,0.18,0.188973,0.32,0.18,0.023194,0
0.32,0.42,0.25233,0.32,0.42,0.021463,0
0.32,0.6,0.260642,0.32,0.6,0.016738,0
0.32,1.2,0.305834,0.32,1.2,0.028337,0
0.8,0.06,0.333256,0.8,0.06,0.014814,0
0.8,0.18,0.372761,0.8,0.18,0.021031,0
0.8,0.42,0.437054,0.8,0.42,0.019394,0
0.8,0.6,0.489047,0.8,0.6,0.015634,0
0.8,1.2,0.634418,0.8,1.2,0.023849,0
0.08,0.06,0.054293,0.08,0.06,0.002006,0
0.08,0.18,0.092422,0.08,0.18,0.008542,0
0.08,0.42,0.166128,0.08,0.42,0.017412,0
0.08,0.6,0.119106,0.08,0.6,0.0081,0
0.08,1.2,0.206511,0.08,1.2,0.057927,0
0.16,0.06,0.084993,0.16,0.06,0.003737,0
0.16,0.18,0.130362,0.16,0.18,0.007288,0
0.16,0.42,0.175522,0.16,0.42,0.012242,0
0.16,0.6,0.153216,0.16,0.6,0.006392,0
3.00318,0.24,14.195,3.00318,0.24,0.010485,1
0.32,0.06,0.147222,0.32,0.06,0.004523,0
0.32,0.18,0.188973,0.32,0.18,0.006883,0
0.32,0.42,0.25233,0.32,0.42,0.007503,0
0.32,0.6,0.260642,0.32,0.6,0.004656,0
0.32,1.2,0.305834,0.32,1.2,0.03111,0
0.8,0.06,0.333256,0.8,0.06,0.005569,0
0.8,0.18,0.372761,0.8,0.18,0.007279,0
0.8,0.42,0.437054,0.8,0.42,0.005397,0
0.8,0.6,0.489047,0.8,0.6,0.00298,0
0.8,1.2,0.634418,0.8,1.2,0.012719,0
0.08,0.06,0.059167,0.08,0.06,0.039924,0
0.08,0.18,0.103336,0.08,0.18,0.050389,0
0.08,0.42,0.246997,0.08,0.42,0.03858,0
0.08,0.6,0.300329,0.08,0.6,0.100659,0
0.08,1.2,0.555834,0.08,1.2,-0.00665,0
0.16,0.06,0.102092,0.16,0.06,0.060643,0
0.16,0.18,0.129061,0.16,0.18,0.088291,0
0.16,0.42,0.25447,0.16,0.42,0.092329,0
0.16,0.6,0.339147,0.16,0.6,0.111625,0
0.16,1.2,0.575268,0.16,1.2,0.02583,0
0.32,0.06,0.196438,0.32,0.06,0.100967,0
0.32,0.18,0.205669,0.32,0.18,0.135096,0
0.32,0.42,0.297817,0.32,0.42,0.174749,0
0.32,0.6,0.408067,0.32,0.6,0.139662,0
0.32,1.2,0.647068,0.32,1.2,0.12413,0
0.8,0.06,0.476846,0.8,0.06,0.227004,0
0.8,0.18,0.489594,0.8,0.18,0.254157,0
0.8,0.42,0.514029,0.8,0.42,0.319878,0
0.8,0.6,0.566283,0.8,0.6,0.345013,0
0.8,1.2,0.832942,0.8,1.2,0.405203,0
0.08,0.06,0.059167,0.08,0.06,0.041799,0
0.08,0.18,0.103336,0.08,0.18,0.088625,0
0.08,0.42,0.246997,0.08,0.42,0.155861,0
0.08,0.6,0.300329,0.08,0.6,0.289876,0
0.08,1.2,0.555834,0.08,1.2,0.400273,0
0.16,0.06,0.102092,0.16,0.06,0.062636,0
0.16,0.18,0.129061,0.16,0.18,0.110328,0
0.16,0.42,0.25447,0.16,0.42,0.198906,0
0.16,0.6,0.339147,0.16,0.6,0.296764,0
0.16,1.2,0.575268,0.16,1.2,0.425043,0
0.32,0.06,0.196438,0.32,0.06,0.116141,0
0.32,0.18,0.205669,0.32,0.18,0.136218,0
0.32,0.42,0.297817,0.32,0.42,0.239229,0
0.32,0.6,0.408067,0.32,0.6,0.330781,0
0.32,1.2,0.647068,0.32,1.2,0.522692,0
0.8,0.06,0.476846,0.8,0.06,0.300195,0
0.8,0.18,0.489594,0.8,0.18,0.295303,0
0.8,0.42,0.514029,0.8,0.42,0.337642,0
0.8,0.6,0.566283,0.8,0.6,0.442946,0
0.8,1.2,0.832942,0.8,1.2,0.666506,0
0.08,0.06,0.059167,0.08,0.06,0.013256,0
0.08,0.18,0.103336,0.08,0.18,0.025954,0
0.08,0.42,0.246997,0.08,0.42,0.02661,0
0.08,0.6,0.300329,0.08,0.6,0.019051,0
0.08,1.2,0.555834,0.08,1.2,0.032815,0
0.16,0.06,0.102092,0.16,0.06,0.013797,0
0.16,0.18,0.129061,0.16,0.18,0.024019,0
0.16,0.42,0.25447,0.16,0.42,0.023933,0
0.16,0.6,0.339147,0.16,0.6,0.017894,0
0.16,1.2,0.575268,0.16,1.2,0.031063,0
0.32,0.06,0.196438,0.32,0.06,0.014545,0
0.32,0.18,0.205669,0.32,0.18,0.023194,0
0.32,0.42,0.297817,0.32,0.42,0.021463,0
0.32,0.6,0.408067,0.32,0.6,0.016738,0
0.32,1.2,0.647068,0.32,1.2,0.028337,0
0.8,0.06,0.476846,0.8,0.06,0.014814,0
0.8,0.18,0.489594,0.8,0.18,0.021031,0
0.8,0.42,0.514029,0.8,0.42,0.019394,0
0.8,0.6,0.566283,0.8,0.6,0.015634,0
0.8,1.2,0.832942,0.8,1.2,0.023849,0
0.08,0.06,0.059167,0.08,0.06,0.002006,0
0.08,0.18,0.103336,0.08,0.18,0.008542,0
0.08,0.42,0.246997,0.08,0.42,0.017412,0
0.08,0.6,0.300329,0.08,0.6,0.0081,0
0.5948021807098465,2.191235225084464,1.0327141279056768,1.165901333698301,0.7388243354690409,-0.35176641524939534,1
0.16,0.06,0.102092,0.16,0.06,0.003737,0
0.16,0.18,0.129061,0.16,0.18,0.007288,0
0.16,0.42,0.25447,0.16,0.42,0.012242,0
0.16,0.6,0.339147,0.16,0.6,0.006392,0
0.16,1.2,0.575268,0.16,1.2,0.048294,0
0.32,0.06,0.196438,0.32,0.06,0.004523,0
0.32,0.18,0.205669,0.32,0.18,0.006883,0
0.32,0.42,0.297817,0.32,0.42,0.007503,0
0.32,0.6,0.408067,0.32,0.6,0.004656,0
0.32,1.2,0.647068,0.32,1.2,0.03111,0
0.8,0.06,0.476846,0.8,0.06,0.005569,0
0.8,0.18,0.489594,0.8,0.18,0.007279,0
0.8,0.42,0.514029,0.8,0.42,0.005397,0
0.8,0.6,0.566283,0.8,0.6,0.00298,0
0.8,1.2,0.832942,0.8,1.2,0.012719,0
0.08,0.06,0.039924,0.08,0.06,0.041799,0
0.08,0.18,0.050389,0.08,0.18,0.088625,0
0.08,0.42,0.03858,0.08,0.42,0.155861,0
0.08,0.6,0.100659,0.08,0.6,0.289876,0
0.08,1.2,-0.00665,0.08,1.2,0.400273,0
0.16,0.06,0.060643,0.16,0.06,0.062636,0
0.16,0.18,0.088291,0.16,0.18,0.110328,0
0.16,0.42,0.092329,0.16,0.42,0.198906,0
0.16,0.6,0.111625,0.16,0.6,0.296764,0
0.16,1.2,0.02583,0.16,1.2,0.425043,0
0.32,0.06,0.100967,0.32,0.06,0.116141,0
0.32,0.18,0.135096,0.32,0.18,0.136218,0
0.32,0.42,0.174749,0.32,0.42,0.239229,0
0.32,0.6,0.139662,0.32,0.6,0.330781,0
0.32,1.2,0.12413,0.32,1.2,0.522692,0
0.8,0.06,0.227004,0.8,0.06,0.300195,0
0.8,0.18,0.254157,0.8,0.18,0.295303,0
0.8,0.42,0.319878,0.8,0.42,0.337642,0
0.8,0.6,0.345013,0.8,0.6,0.442946,0
0.8,1.2,0.405203,0.8,1.2,0.666506,0
0.08,0.06,0.039924,0.08,0.06,0.013256,0
0.08,0.18,0.050389,0.08,0.18,0.025954,0
0.08,0.42,0.03858,0.08,0.42,0.02661,0
0.08,0.6,0.100659,0.08,0.6,0.019051,0
0.08,1.2,-0.00665,0.08,1.2,0.032815,0
0.16,0.06,0.060643,0.16,0.06,0.013797,0
0.16,0.18,0.088291,0.16,0.18,0.024019,0
0.16,0.42,0.092329,0.16,0.42,0.023933,0
0.16,0.6,0.111625,0.16,0.6,0.017894,0
0.16,1.2,0.02583,0.16,1.2,0.031063,0
0.32,0.06,0.100967,0.32,0.06,0.014545,0
0.32,0.18,0.135096,0.32,0.18,0.023194,0
0.32,0.42,0.174749,0.32,0.42,0.021463,0
0.32,0.6,0.139662,0.32,0.6,0.016738,0
0.32,1.2,0.12413,0.32,1.2,0.028337,0
0.8,0.06,0.227004,0.8,0.06,0.014814,0
0.8,0.18,0.254157,0.8,0.18,0.021031,0
0.8,0.42,0.319878,0.8,0.42,0.019394,0
0.8,0.6,0.345013,0.8,0.6,0.015634,0
0.8,1.2,0.405203,0.8,1.2,0.023849,0
0.08,0.06,0.039924,0.08,0.06,0.002006,0
0.08,0.18,0.050389,0.08,0.18,0.008542,0
0.08,0.42,0.03858,0.08,0.42,0.017412,0
0.08,0.6,0.100659,0.08,0.6,0.0081,0
0.08,1.2,-0.00665,0.08,1.2,0.057927,0
0.16,0.06,0.060643,0.16,0.06,0.003737,0
0.16,0.18,0.088291,0.16,0.18,0.007288,0
0.16,0.42,0.092329,0.16,0.42,0.012242,0
0.16,0.6,0.111625,0.16,0.6,0.006392,0
0.16,1.2,0.02583,0.16,1.2,0.048294,0
0.32,0.06,0.100967,0.32,0.06,0.004523,0
0.32,0.18,0.135096,0.32,0.18,0.006883,0
0.32,0.42,0.174749,0.32,0.42,0.007503,0
0.32,0.6,0.139662,0.32,0.6,0.004656,0
0.32,1.2,0.12413,0.32,1.2,0.03111,0
0.8,0.06,0.227004,0.8,0.06,0.005569,0
0.8,0.18,0.254157,0.8,0.18,0.007279,0
0.8,0.42,0.319878,0.8,0.42,0.005397,0
0.8,0.6,0.345013,0.8,0.6,0.00298,0
0.8,1.2,0.405203,0.8,1.2,0.012719,0
0.08,0.06,0.041799,0.08,0.06,0.013256,0
0.08,0.18,0.088625,0.08,0.18,0.025954,0
0.08,0.42,0.155861,0.08,0.42,0.02661,0
0.08,0.6,0.289876,0.08,0.6,0.019051,0
0.08,1.2,0.400273,0.08,1.2,0.032815,0
0.16,0.06,0.062636,0.16,0.06,0.013797,0
0.16,0.18,0.110328,0.16,0.18,0.024019,0
0.16,0.42,0.198906,0.16,0.42,0.023933,0
0.16,0.6,0.296764,0.16,0.6,0.017894,0
0.16,1.2,0.425043,0.16,1.2,0.031063,0
0.32,0.06,0.116141,0.32,0.06,0.014545,0
0.32,0.18,0.136218,0.32,0.18,0.023194,0
0.32,0.42,0.239229,0.32,0.42,0.021463,0
0.32,0.6,0.330781,0.32,0.6,0.016738,0
0.32,1.2,0.522692,0.32,1.2,0.028337,0
0.8,0.06,0.300195,0.8,0.06,0.014814,0
0.8,0.18,0.295303,0.8,0.18,0.021031,0
0.8,0.42,0.337642,0.8,0.42,0.019394,0
0.8,0.6,0.442946,0.8,0.6,0.015634,0
0.8,1.2,0.666506,0.8,1.2,0.023849,0
0.08,0.06,0.041799,0.08,0.06,0.002006,0
0.08,0.18,0.088625,0.08,0.18,0.008542,0
0.08,0.42,0.155861,0.08,0.42,0.017412,0
0.08,0.6,0.289876,0.08,0.6,0.0081,0
0.08,1.2,0.400273,0.08,1.2,0.057927,0
0.16,0.06,0.062636,0.16,0.06,0.003737,0
0.16,0.18,0.110328,0.16,0.18,0.007288,0
0.16,0.42,0.198906,0.16,0.42,0.012242,0
0.16,0.6,0.296764,0.16,0.6,0.006392,0
0.1,1.2,0.75035,0.1,1.2,0.453062,1
0.32,0.06,0.116141,0.32,0.06,0.004523,0
0.32,0.18,0.136218,0.32,0.18,0.006883,0
0.32,0.42,0.239229,0.32,0.42,0.007503,0
0.32,0.6,0.330781,0.32,0.6,0.004656,0
0.32,1.2,0.522692,0.32,1.2,0.03111,0
0.8,0.06,0.300195,0.8,0.06,0.005569,0
0.8,0.18,0.295303,0.8,0.18,0.007279,0
0.8,0.42,0.337642,0.8,0.42,0.005397,0
0.8,0.6,0.442946,0.8,0.6,0.00298,0
0.8,1.2,0.666506,0.8,1.2,0.012719,0
0.08,0.06,0.013256,0.08,0.06,0.002006,0
0.08,0.18,0.025954,0.08,0.18,0.008542,0
0.08,0.42,0.02661,0.08,0.42,0.017412,0
0.08,0.6,0.019051,0.08,0.6,0.0081,0
0.08,1.2,0.032815,0.08,1.2,0.057927,0
0.16,0.06,0.013797,0.16,0.06,0.003737,0
0.16,0.18,0.024019,0.16,0.18,0.007288,0
0.16,0.42,0.023933,0.16,0.42,0.012242,0
0.16,0.6,0.017894,0.16,0.6,0.006392,0
0.16,1.2,0.031063,0.16,1.2,0.048294,0
0.32,0.06,0.014545,0.32,0.06,0.004523,0
0.32,0.18,0.023194,0.32,0.18,0.006883,0
0.32,0.42,0.021463,0.32,0.42,0.007503,0
0.32,0.6,0.016738,0.32,0.6,0.004656,0
0.32,1.2,0.028337,0.32,1.2,0.03111,0
0.8,0.06,0.014814,0.8,0.06,0.005569,0
1.0668476240030964,0.9264763113769139,-0.1744813334327882,1.5397408809304365,-0.14951191332983527,0.6716022057723219,1
0.8,0.42,0.019394,0.8,0.42,0.005397,0
0.8,0.6,0.015634,0.8,0.6,0.00298,0
0.8,1.2,0.023849,0.8,1.2,0.012719,0
0.02,0.06,0.069392,0.02,0.06,0.053371,0
0.02,0.18,0.081084,0.02,0.18,0.064813,0
0.02,0.42,0.021179,0.02,0.42,0.150293,0
0.02,0.6,0.072492,0.02,0.6,0.139646,0
0.02,1.2,0.156359,0.02,1.2,0.514379,0
0.04,0.06,0.099656,0.04,0.06,0.09677,0
0.04,0.18,0.109157,0.04,0.18,0.101178,0
0.04,0.42,0.074167,0.04,0.42,0.172218,0
0.04,0.6,0.122926,0.04,0.6,0.158852,0
0.04,1.2,0.175062,0.04,1.2,0.527874,0
0.08,0.06,0.161435,0.08,0.06,0.192571,0
0.08,0.18,0.168706,0.08,0.18,0.191705,0
0.08,0.42,0.138948,0.08,0.42,0.226978,0
0.08,0.6,0.182978,0.08,0.6,0.210287,0
0.08,1.2,0.216102,0.08,1.2,0.557439,0
0.2,0.06,0.346137,0.2,0.06,0.474249,0
0.2,0.18,0.356116,0.2,0.18,0.468287,0
0.2,0.42,0.31758,0.2,0.42,0.473038,0
0.2,0.6,0.364008,0.2,0.6,0.473115,0
0.2,1.2,0.380819,0.2,1.2,0.671911,0
0.02,0.06,0.069392,0.02,0.06,0.065643,0
0.02,0.18,0.081084,0.02,0.18,0.086345,0
0.02,0.42,0.021179,0.02,0.42,0.109107,0
0.02,0.6,0.072492,0.02,0.6,0.083917,0
0.02,1.2,0.156359,0.02,1.2,-0.007498,0
0.04,0.06,0.099656,0.04,0.06,0.087796,0
0.04,0.18,0.109157,0.04,0.18,0.109343,0
0.04,0.42,0.074167,0.04,0.42,0.049092,0
0.04,0.6,0.122926,0.04,0.6,0.127414,0
0.04,1.2,0.175062,0.04,1.2,0.00144,0
0.08,0.06,0.161435,0.08,0.06,0.128298,0
0.08,0.18,0.168706,0.08,0.18,0.149638,0
0.08,0.42,0.138948,0.08,0.42,0.115991,0
0.08,0.6,0.182978,0.08,0.6,0.175767,0
0.08,1.2,0.216102,0.08,1.2,0.187025,0
0.2,0.06,0.346137,0.2,0.06,0.248985,0
0.2,0.18,0.356116,0.2,0.18,0.269459,0
0.2,0.42,0.31758,0.2,0.42,0.240958,0
0.2,0.6,0.364008,0.2,0.6,0.21389,0
0.2,1.2,0.380819,0.2,1.2,0.330335,0
0.02,0.06,0.069392,0.02,0.06,0.036526,0
0.02,0.18,0.081084,0.02,0.18,0.053504,0
0.02,0.42,0.021179,0.02,0.42,0.067871,0
0.02,0.6,0.072492,0.02,0.6,0.12973,0
0.02,1.2,0.156359,0.02,1.2,0.390658,0
0.04,0.06,0.099656,0.04,0.06,0.061654,0
0.04,0.18,0.109157,0.04,0.18,0.071295,0
0.04,0.42,0.074167,0.04,0.42,0.159302,0
0.04,0.6,0.122926,0.04,0.6,0.138664,0
0.04,1.2,0.175062,0.04,1.2,0.397604,0
0.08,0.06,0.161435,0.08,0.06,0.115332,0
0.08,0.18,0.168706,0.08,0.18,0.117962,0
0.08,0.42,0.138948,0.08,0.42,0.188942,0
0.08,0.6,0.182978,0.08,0.6,0.160708,0
0.08,1.2,0.216102,0.08,1.2,0.250541,0
0.2,0.06,0.346137,0.2,0.06,0.284644,0
0.2,0.18,0.356116,0.2,0.18,0.281902,0
0.2,0.42,0.31758,0.2,0.42,0.295855,0
0.2,0.6,0.364008,0.2,0.6,0.348339,0
0.2,1.2,0.380819,0.2,1.2,0.337292,0
0.02,0.06,0.069392,0.02,0.06,0.004378,0
0.02,0.18,0.081084,0.02,0.18,0.006346,0
0.02,0.42,0.021179,0.02,0.42,0.006912,0
0.02,0.6,0.072492,0.02,0.6,0.011963,0
0.02,1.2,0.156359,0.02,1.2,0.006546,0
0.04,0.06,0.099656,0.04,0.06,0.004378,0
0.04,0.18,0.109157,0.04,0.18,0.00622,0
0.04,0.42,0.074167,0.04,0.42,0.007102,0
0.04,0.6,0.122926,0.04,0.6,0.012326,0
0.04,1.2,0.175062,0.04,1.2,0.006463,0
0.08,0.06,0.161435,0.08,0.06,0.004079,0
0.08,0.18,0.168706,0.08,0.18,0.006099,0
0.08,0.42,0.138948,0.08,0.42,0.007309,0
0.08,0.6,0.182978,0.08,0.6,0.012486,0
0.08,1.2,0.216102,0.08,1.2,0.006546,0
11.726335066904984,4.141700556940513,44.63993429383466,15.932154037828376,7.652239931603292,43.53725617253243,1
0.2,0.18,0.356116,0.2,0.18,0.005732,0
0.2,0.42,0.31758,0.2,0.42,0.007153,0
0.2,0.6,0.364008,0.2,0.6,0.012171,0
0.2,1.2,0.380819,0.2,1.2,0.006884,0
0.02,0.06,0.069392,0.02,0.06,0.00644,0
0.02,0.18,0.081084,0.02,0.18,0.008444,0
0.02,0.42,0.021179,0.02,0.42,0.013,0
0.02,0.6,0.072492,0.02,0.6,0.014579,0
0.02,1.2,0.156359,0.02,1.2,0.016232,0
0.04,0.06,0.099656,0.04,0.06,0.006558,0
0.04,0.18,0.109157,0.04,0.18,0.008517,0
0.04,0.42,0.074167,0.04,0.42,0.008661,0
0.04,0.6,0.122926,0.04,0.6,0.014226,0
0.04,1.2,0.175062,0.04,1.2,0.016159,0
0.08,0.06,0.161435,0.08,0.06,0.006568,0
0.08,0.18,0.168706,0.08,0.18,0.008461,0
0.08,0.42,0.138948,0.08,0.42,0.008995,0
0.08,0.6,0.182978,0.08,0.6,0.014124,0
0.08,1.2,0.216102,0.08,1.2,0.023428,0
0.2,0.06,0.346137,0.2,0.06,0.006875,0
0.2,0.18,0.356116,0.2,0.18,0.008304,0
0.2,0.42,0.31758,0.2,0.42,0.009043,0
0.2,0.6,0.364008,0.2,0.6,0.010972,0
0.2,1.2,0.380819,0.2,1.2,0.023675,0
0.02,0.06,0.053371,0.02,0.06,0.065643,0
0.02,0.18,0.064813,0.02,0.18,0.086345,0
0.02,0.42,0.150293,0.02,0.42,0.109107,0
0.02,0.6,0.139646,0.02,0.6,0.083917,0
0.02,1.2,0.514379,0.02,1.2,-0.007498,0
0.04,0.06,0.09677,0.04,0.06,0.087796,0
0.04,0.18,0.101178,0.04,0.18,0.109343,0
0.04,0.42,0.172218,0.04,0.42,0.049092,0
0.04,0.6,0.158852,0.04,0.6,0.127414,0
0.04,1.2,0.527874,0.04,1.2,0.00144,0
0.08,0.06,0.192571,0.08,0.06,0.128298,0
0.08,0.18,0.191705,0.08,0.18,0.149638,0
0.08,0.42,0.226978,0.08,0.42,0.115991,0
0.08,0.6,0.210287,0.08,0.6,0.175767,0
0.08,1.2,0.557439,0.08,1.2,0.187025,0
0.2,0.06,0.474249,0.2,0.06,0.248985,0
0.2,0.18,0.468287,0.2,0.18,0.269459,0
0.2,0.42,0.473038,0.2,0.42,0.240958,0
0.2,0.6,0.473115,0.2,0.6,0.21389,0
0.2,1.2,0.671911,0.2,1.2,0.330335,0
0.02,0.06,0.053371,0.02,0.06,0.036526,0
0.02,0.18,0.064813,0.02,0.18,0.053504,0
0.02,0.42,0.150293,0.02,0.42,0.067871,0
0.02,0.6,0.139646,0.02,0.6,0.12973,0
0.02,1.2,0.514379,0.02,1.2,0.390658,0
0.04,0.06,0.09677,0.04,0.06,0.061654,0
0.04,0.18,0.101178,0.04,0.18,0.071295,0
0.04,0.42,0.172218,0.04,0.42,0.159302,0
0.04,0.6,0.158852,0.04,0.6,0.138664,0
0.04,1.2,0.527874,0.04,1.2,0.397604,0
0.08,0.06,0.192571,0.08,0.06,0.115332,0
0.08,0.18,0.191705,0.08,0.18,0.117962,0
0.08,0.42,0.226978,0.08,0.42,0.188942,0
0.08,0.6,0.210287,0.08,0.6,0.160708,0
0.08,1.2,0.557439,0.08,1.2,0.250541,0
0.2,0.06,0.474249,0.2,0.06,0.284644,0
0.2,0.18,0.468287,0.2,0.18,0.281902,0
0.2,0.42,0.473038,0.2,0.42,0.295855,0
0.2,0.6,0.473115,0.2,0.6,0.348339,0
0.5,0.24,1.4339,0.5,0.24,0.020911,1
0.02,0.06,0.053371,0.02,0.06,0.004378,0
0.02,0.18,0.064813,0.02,0.18,0.006346,0
0.02,0.42,0.150293,0.02,0.42,0.006912,0
0.02,0.6,0.139646,0.02,0.6,0.011963,0
0.02,1.2,0.514379,0.02,1.2,0.006546,0
0.04,0.06,0.09677,0.04,0.06,0.004378,0
0.04,0.18,0.101178,0.04,0.18,0.00622,0
0.04,0.42,0.172218,0.04,0.42,0.007102,0
0.04,0.6,0.158852,0.04,0.6,0.012326,0
0.04,1.2,0.527874,0.04,1.2,0.006463,0
0.08,0.06,0.192571,0.08,0.06,0.004079,0
0.08,0.18,0.191705,0.08,0.18,0.006099,0
0.08,0.42,0.226978,0.08,0.42,0.007309,0
0.08,0.6,0.210287,0.08,0.6,0.012486,0
0.08,1.2,0.557439,0.08,1.2,0.006546,0
0.2,0.06,0.474249,0.2,0.06,0.00411,0
0.2,0.18,0.468287,0.2,0.18,0.005732,0
0.2,0.42,0.473038,0.2,0.42,0.007153,0
0.2,0.6,0.473115,0.2,0.6,0.012171,0
0.2,1.2,0.671911,0.2,1.2,0.006884,0
0.02,0.06,0.053371,0.02,0.06,0.00644,0
0.02,0.18,0.064813,0.02,0.18,0.008444,0
0.02,0.42,0.150293,0.02,0.42,0.013,0
0.02,0.6,0.139646,0.02,0.6,0.014579,0
0.02,1.2,0.514379,0.02,1.2,0.016232,0
0.04,0.06,0.09677,0.04,0.06,0.006558,0
0.04,0.18,0.101178,0.04,0.18,0.008517,0
0.04,0.42,0.172218,0.04,0.42,0.008661,0
0.04,0.6,0.158852,0.04,0.6,0.014226,0
0.04,1.2,0.527874,0.04,1.2,0.016159,0
0.08,0.06,0.192571,0.08,0.06,0.006568,0
0.08,0.18,0.191705,0.08,0.18,0.008461,0
0.08,0.42,0.226978,0.08,0.42,0.008995,0
0.08,0.6,0.210287,0.08,0.6,0.014124,0
0.08,1.2,0.557439,0.08,1.2,0.023428,0
0.2,0.06,0.474249,0.2,0.06,0.006875,0
0.2,0.18,0.468287,0.2,0.18,0.008304,0
0.2,0.42,0.473038,0.2,0.42,0.009043,0
0.2,0.6,0.473115,0.2,0.6,0.010972,0
0.2,1.2,0.671911,0.2,1.2,0.023675,0
0.02,0.06,0.065643,0.02,0.06,0.036526,0
0.02,0.18,0.086345,0.02,0.18,0.053504,0
0.02,0.42,0.109107,0.02,0.42,0.067871,0
0.02,0.6,0.083917,0.02,0.6,0.12973,0
0.02,1.2,-0.007498,0.02,1.2,0.390658,0
0.04,0.06,0.087796,0.04,0.06,0.061654,0
0.04,0.18,0.109343,0.04,0.18,0.071295,0
0.04,0.42,0.049092,0.04,0.42,0.159302,0
0.04,0.6,0.127414,0.04,0.6,0.138664,0
0.04,1.2,0.00144,0.04,1.2,0.397604,0
0.08,0.06,0.128298,0.08,0.06,0.115332,0
0.08,0.18,0.149638,0.08,0.18,0.117962,0
0.08,0.42,0.115991,0.08,0.42,0.188942,0
0.08,0.6,0.175767,0.08,0.6,0.160708,0
0.08,1.2,0.187025,0.08,1.2,0.250541,0
0.2,0.06,0.248985,0.2,0.06,0.284644,0
0.2,0.18,0.269459,0.2,0.18,0.281902,0
0.2,0.42,0.240958,0.2,0.42,0.295855,0
0.2,0.6,0.21389,0.2,0.6,0.348339,0
0.2,1.2,0.330335,0.2,1.2,0.337292,0
0.02,0.06,0.065643,0.02,0.06,0.004378,0
0.02,0.18,0.086345,0.02,0.18,0.006346,0
0.02,0.42,0.109107,0.02,0.42,0.006912,0
0.02,0.6,0.083917,0.02,0.6,0.011963,0
0.02,1.2,-0.007498,0.02,1.2,0.006546,0
0.04,0.06,0.087796,0.04,0.06,0.004378,0
0.04,0.18,0.109343,0.04,0.18,0.00622,0
0.04,0.42,0.049092,0.04,0.42,0.007102,0
0.04,0.6,0.127414,0.04,0.6,0.012326,0
0.04,1.2,0.00144,0.04,1.2,0.006463,0
0.08,0.06,0.128298,0.08,0.06,0.004079,0
0.08,0.18,0.149638,0.08,0.18,0.006099,0
0.08,0.42,0.115991,0.08,0.42,0.007309,0
0.08,0.6,0.175767,0.08,0.6,0.012486,0
0.08,1.2,0.187025,0.08,1.2,0.006546,0
0.2,0.06,0.248985,0.2,0.06,0.00411,0
0.2,0.18,0.269459,0.2,0.18,0.005732,0
0.2,0.42,0.240958,0.2,0.42,0.007153,0
0.2,0.6,0.21389,0.2,0.6,0.012171,0
0.2,1.2,0.330335,0.2,1.2,0.006884,0
0.02,0.06,0.065643,0.02,0.06,0.00644,0
0.02,0.18,0.086345,0.02,0.18,0.008444,0
0.02,0.42,0.109107,0.02,0.42,0.013,0
0.02,0.6,0.083917,0.02,0.6,0.014579,0
0.02,1.2,-0.007498,0.02,1.2,0.016232,0
0.04,0.06,0.087796,0.04,0.06,0.006558,0
0.04,0.18,0.109343,0.04,0.18,0.008517,0
0.04,0.42,0.049092,0.04,0.42,0.008661,0
0.04,0.6,0.127414,0.04,0.6,0.014226,0
0.04,1.2,0.00144,0.04,1.2,0.016159,0
0.08,0.06,0.128298,0.08,0.06,0.006568,0
0.08,0.18,0.149638,0.08,0.18,0.008461,0
0.08,0.42,0.115991,0.08,0.42,0.008995,0
0.08,0.6,0.175767,0.08,0.6,0.014124,0
0.08,1.2,0.187025,0.08,1.2,0.023428,0
0.2,0.06,0.248985,0.2,0.06,0.006875,0
0.2,0.18,0.269459,0.2,0.18,0.008304,0
0.2,0.42,0.240958,0.2,0.42,0.009043,0
0.2,0.6,0.21389,0.2,0.6,0.010972,0
0.2,1.2,0.330335,0.2,1.2,0.023675,0
0.02,0.06,0.036526,0.02,0.06,0.004378,0
0.02,0.18,0.053504,0.02,0.18,0.006346,0
0.02,0.42,0.067871,0.02,0.42,0.006912,0
0.02,0.6,0.12973,0.02,0.6,0.011963,0
0.02,1.2,0.390658,0.02,1.2,0.006546,0
0.04,0.06,0.061654,0.04,0.06,0.004378,0
5.0,0.9,15.5382,5.0,0.9,0.012612,1
0.04,0.42,0.159302,0.04,0.42,0.007102,0
0.04,0.6,0.138664,0.04,0.6,0.012326,0
0.04,1.2,0.397604,0.04,1.2,0.006463,0
0.08,0.06,0.115332,0.08,0.06,0.004079,0
0.08,0.18,0.117962,0.08,0.18,0.006099,0
0.08,0.42,0.188942,0.08,0.42,0.007309,0
0.08,0.6,0.160708,0.08,0.6,0.012486,0
0.08,1.2,0.250541,0.08,1.2,0.006546,0
0.2,0.06,0.284644,0.2,0.06,0.00411,0
0.2,0.18,0.281902,0.2,0.18,0.005732,0
0.2,0.42,0.295855,0.2,0.42,0.007153,0
0.2,0.6,0.348339,0.2,0.6,0.012171,0
0.2,1.2,0.337292,0.2,1.2,0.006884,0
0.02,0.06,0.036526,0.02,0.06,0.00644,0
0.02,0.18,0.053504,0.02,0.18,0.008444,0
0.02,0.42,0.067871,0.02,0.42,0.013,0
0.02,0.6,0.12973,0.02,0.6,0.014579,0
0.02,1.2,0.390658,0.02,1.2,0.016232,0
0.04,0.06,0.061654,0.04,0.06,0.006558,0
0.04,0.18,0.071295,0.04,0.18,0.008517,0
0.04,0.42,0.159302,0.04,0.42,0.008661,0
0.04,0.6,0.138664,0.04,0.6,0.014226,0
0.04,1.2,0.397604,0.04,1.2,0.016159,0
0.08,0.06,0.115332,0.08,0.06,0.006568,0
0.08,0.18,0.117962,0.08,0.18,0.008461,0
0.08,0.42,0.188942,0.08,0.42,0.008995,0
0.08,0.6,0.160708,0.08,0.6,0.014124,0
0.08,1.2,0.250541,0.08,1.2,0.023428,0
0.2,0.06,0.284644,0.2,0.06,0.006875,0
0.2,0.18,0.281902,0.2,0.18,0.008304,0
0.2,0.42,0.295855,0.2,0.42,0.009043,0
0.2,0.6,0.348339,0.2,0.6,0.010972,0
0.2,1.2,0.337292,0.2,1.2,0.023675,0
0.02,0.06,0.004378,0.02,0.06,0.00644,0
0.02,0.18,0.006346,0.02,0.18,0.008444,0
0.02,0.42,0.006912,0.02,0.42,0.013,0
0.02,0.6,0.011963,0.02,0.6,0.014579,0
0.02,1.2,0.006546,0.02,1.2,0.016232,0
0.04,0.06,0.004378,0.04,0.06,0.006558,0
0.04,0.18,0.00622,0.04,0.18,0.008517,0
0.04,0.42,0.007102,0.04,0.42,0.008661,0
0.04,0.6,0.012326,0.04,0.6,0.014226,0
0.04,1.2,0.006463,0.04,1.2,0.016159,0
0.08,0.06,0.004079,0.08,0.06,0.006568,0
0.08,0.18,0.006099,0.08,0.18,0.008461,0
0.08,0.42,0.007309,0.08,0.42,0.008995,0
0.08,0.6,0.012486,0.08,0.6,0.014124,0
0.08,1.2,0.006546,0.08,1.2,0.023428,0
0.2,0.06,0.00411,0.2,0.06,0.006875,0
0.2,0.18,0.005732,0.2,0.18,0.008304,0
0.2,0.42,0.007153,0.2,0.42,0.009043,0
0.2,0.6,0.012171,0.2,0.6,0.010972,0
0.2,1.2,0.006884,0.2,1.2,0.023675,0
0.0260942,0.06,0.057359,0.0260942,0.06,0.065227,0
0.0260942,0.18,0.050575,0.0260942,0.18,0.081027,0
4.0,1.8,9.23674,4.0,1.8,0.065895,1
0.0260942,0.6,0.048497,0.0260942,0.6,0.127485,0
0.0260942,1.2,0.029277,0.0260942,1.2,0.117813,0
0.0460942,0.06,0.090691,0.0460942,0.06,0.114519,0
0.0460942,0.18,0.083634,0.0460942,0.18,0.117058,0
0.0460942,0.42,0.093074,0.0460942,0.42,0.132806,0
0.0460942,0.6,0.097045,0.0460942,0.6,0.146643,0
0.0460942,1.2,0.073544,0.0460942,1.2,0.146213,0
0.0860942,0.06,0.156509,0.0860942,0.06,0.211581,0
0.0860942,0.18,0.144333,0.0860942,0.18,0.205746,0
0.0860942,0.42,0.154919,0.0860942,0.42,0.210191,0
0.0860942,0.6,0.156298,0.0860942,0.6,0.21359,0
0.0860942,1.2,0.151464,0.0860942,1.2,0.268486,0
0.206094,0.06,0.354624,0.206094,0.06,0.498927,0
0.206094,0.18,0.340657,0.206094,0.18,0.489163,0
0.206094,0.42,0.345976,0.206094,0.42,0.48663,0
0.206094,0.6,0.348227,0.206094,0.6,0.485263,0
0.206094,1.2,0.333274,0.206094,1.2,0.498516,0
0.0260942,0.06,0.057359,0.0262778,0.06,0.036258,0
0.0260942,0.18,0.050575,0.0262778,0.18,0.035478,0
0.0260942,0.42,0.048427,0.0262778,0.42,0.016946,0
0.0260942,0.6,0.048497,0.0262778,0.6,-0.015839,0
0.0260942,1.2,0.029277,0.0262778,1.2,-0.127297,0
0.0460942,0.06,0.090691,0.0462778,0.06,0.054806,0
0.0460942,0.18,0.083634,0.0462778,0.18,0.069216,0
0.0460942,0.42,0.093074,0.0462778,0.42,0.068055,0
0.0460942,0.6,0.097045,0.0462778,0.6,0.044079,0
0.0460942,1.2,0.073544,0.0462778,1.2,-0.036489,0
0.0860942,0.06,0.156509,0.0862778,0.06,0.089654,0
0.0860942,0.18,0.144333,0.0862778,0.18,0.116801,0
0.0860942,0.42,0.154919,0.0862778,0.42,0.138987,0
0.42574110999117465,0.24493169658130892,-0.9010487995368677,-0.12567273616629804,0.6316160732565506,-0.010782979948228272,1
0.0860942,1.2,0.151464,0.0862778,1.2,0.092067,0
0.206094,0.06,0.354624,0.206278,0.06,0.196369,0
0.206094,0.18,0.340657,0.206278,0.18,0.222128,0
0.206094,0.42,0.345976,0.206278,0.42,0.283559,0
0.206094,0.6,0.348227,0.206278,0.6,0.297992,0
0.206094,1.2,0.333274,0.206278,1.2,0.338116,0
0.0260942,0.06,0.057359,0.0262778,0.06,0.042359,0
0.0260942,0.18,0.050575,0.0262778,0.18,0.092956,0
0.0260942,0.42,0.048427,0.0262778,0.42,0.144239,0
0.0260942,0.6,0.048497,0.0262778,0.6,0.190743,0
0.0260942,1.2,0.029277,0.0262778,1.2,0.334454,0
0.0460942,0.06,0.090691,0.0462778,0.06,0.061785,0
0.0460942,0.18,0.083634,0.0462778,0.18,0.101832,0
0.0460942,0.42,0.093074,0.0462778,0.42,0.172015,0
0.0460942,0.6,0.097045,0.0462778,0.6,0.235048,0
0.0460942,1.2,0.073544,0.0462778,1.2,0.35324,0
0.0860942,0.06,0.156509,0.0862778,0.06,0.106863,0
0.0860942,0.18,0.144333,0.0862778,0.18,0.134341,0
0.0860942,0.42,0.154919,0.0862778,0.42,0.222304,0
0.0860942,0.6,0.156298,0.0862778,0.6,0.288026,0
0.0860942,1.2,0.151464,0.0862778,1.2,0.44677,0
0.206094,0.06,0.354624,0.206278,0.06,0.251964,0
0.206094,0.18,0.340657,0.206278,0.18,0.252337,0
0.206094,0.42,0.345976,0.206278,0.42,0.307763,0
0.206094,0.6,0.348227,0.206278,0.6,0.394767,0
0.206094,1.2,0.333274,0.206278,1.2,0.596772,0
0.0260942,0.06,0.057359,0.0260942,0.06,0.007151,0
0.0260942,0.18,0.050575,0.0260942,0.18,0.009261,0
0.0260942,0.42,0.048427,0.0260942,0.42,0.015286,0
0.0260942,0.6,0.048497,0.0260942,0.6,0.0209,0
0.0260942,1.2,0.029277,0.0260942,1.2,0.037601,0
0.0460942,0.06,0.090691,0.0460942,0.06,0.007496,0
0.0460942,0.18,0.083634,0.0460942,0.18,0.009538,0
0.0460942,0.42,0.093074,0.0460942,0.42,0.015525,0
0.0460942,0.6,0.097045,0.0460942,0.6,0.021184,0
0.0460942,1.2,0.073544,0.0460942,1.2,0.037795,0
0.0860942,0.06,0.156509,0.0860942,0.06,0.00775,0
0.0860942,0.18,0.144333,0.0860942,0.18,0.009673,0
0.0860942,0.42,0.154919,0.0860942,0.42,0.016019,0
0.0860942,0.6,0.156298,0.0860942,0.6,0.021788,0
0.0860942,1.2,0.151464,0.0860942,1.2,0.037958,0
0.206094,0.06,0.354624,0.206094,0.06,0.007833,0
0.206094,0.18,0.340657,0.206094,0.18,0.010083,0
0.206094,0.42,0.345976,0.206094,0.42,0.016285,0
0.206094,0.6,0.348227,0.206094,0.6,0.021785,0
0.206094,1.2,0.333274,0.206094,1.2,0.037993,0
0.0260942,0.06,0.057359,0.0262778,0.06,0.00556,0
0.0260942,0.18,0.050575,0.0262778,0.18,0.007976,0
0.0260942,0.42,0.048427,0.0262778,0.42,0.014769,0
0.0260942,0.6,0.048497,0.0262778,0.6,0.019991,0
0.0260942,1.2,0.029277,0.0262778,1.2,0.036944,0
0.0460942,0.06,0.090691,0.0462778,0.06,0.005867,0
0.0460942,0.18,0.083634,0.0462778,0.18,0.007926,0
0.0460942,0.42,0.093074,0.0462778,0.42,0.013276,0
0.0460942,0.6,0.097045,0.0462778,0.6,0.018011,0
0.0460942,1.2,0.073544,0.0462778,1.2,0.03502,0
0.0860942,0.06,0.156509,0.0862778,0.06,0.006266,0
0.0860942,0.18,0.144333,0.0862778,0.18,0.00797,0
0.0860942,0.42,0.154919,0.0862778,0.42,0.012,0
0.0860942,0.6,0.156298,0.0862778,0.6,0.014961,0
0.0860942,1.2,0.151464,0.0862778,1.2,0.033639,0
0.206094,0.06,0.354624,0.206278,0.06,0.006693,0
0.206094,0.18,0.340657,0.206278,0.18,0.008631,0
0.206094,0.42,0.345976,0.206278,0.42,0.012023,0
0.206094,0.6,0.348227,0.206278,0.6,0.01206,0
0.206094,1.2,0.333274,0.206278,1.2,0.030998,0
0.11964775006254595,0.2542123068387532,-0.44839894375256445,-0.7743127994057865,0.3727956512532799,0.7785789309382538,1
0.0260942,0.18,0.081027,0.0262778,0.18,0.035478,0
0.0260942,0.42,0.107996,0.0262778,0.42,0.016946,0
0.0260942,0.6,0.127485,0.0262778,0.6,-0.015839,0
0.0260942,1.2,0.117813,0.0262778,1.2,-0.127297,0
0.0460942,0.06,0.114519,0.0462778,0.06,0.054806,0
0.0460942,0.18,0.117058,0.0462778,0.18,0.069216,0
0.0460942,0.42,0.132806,0.0462778,0.42,0.068055,0
0.0460942,0.6,0.146643,0.0462778,0.6,0.044079,0
0.0460942,1.2,0.146213,0.0462778,1.2,-0.036489,0
0.0860942,0.06,0.211581,0.0862778,0.06,0.089654,0
0.0860942,0.18,0.205746,0.0862778,0.18,0.116801,0
0.0860942,0.42,0.210191,0.0862778,0.42,0.138987,0
0.0860942,0.6,0.21359,0.0862778,0.6,0.127137,0
0.0860942,1.2,0.268486,0.0862778,1.2,0.092067,0
0.3305409845666282,-0.13557818612642128,0.28440837595366725,-0.6461149528950573,-0.06397710366394481,-0.04361507307436327,1
0.206094,0.18,0.489163,0.206278,0.18,0.222128,0
0.206094,0.42,0.48663,0.206278,0.42,0.283559,0
0.206094,0.6,0.485263,0.206278,0.6,0.297992,0
0.206094,1.2,0.498516,0.206278,1.2,0.338116,0
0.0260942,0.06,0.065227,0.0262778,0.06,0.042359,0
0.0260942,0.18,0.081027,0.0262778,0.18,0.092956,0
0.0260942,0.42,0.107996,0.0262778,0.42,0.144239,0
0.0260942,0.6,0.127485,0.0262778,0.6,0.190743,0
0.0260942,1.2,0.117813,0.0262778,1.2,0.334454,0
0.0460942,0.06,0.114519,0.0462778,0.06,0.061785,0
0.0460942,0.18,0.117058,0.0462778,0.18,0.101832,0
0.0460942,0.42,0.132806,0.0462778,0.42,0.172015,0
0.0460942,0.6,0.146643,0.0462778,0.6,0.235048,0
0.0460942,1.2,0.146213,0.0462778,1.2,0.35324,0
0.0860942,0.06,0.211581,0.0862778,0.06,0.106863,0
0.0860942,0.18,0.205746,0.0862778,0.18,0.134341,0
0.0860942,0.42,0.210191,0.0862778,0.42,0.222304,0
0.0860942,0.6,0.21359,0.0862778,0.6,0.288026,0
0.0860942,1.2,0.268486,0.0862778,1.2,0.44677,0
0.206094,0.06,0.498927,0.206278,0.06,0.251964,0
0.206094,0.18,0.489163,0.206278,0.18,0.252337,0
0.206094,0.42,0.48663,0.206278,0.42,0.307763,0
0.206094,0.6,0.485263,0.206278,0.6,0.394767,0
0.206094,1.2,0.498516,0.206278,1.2,0.596772,0
0.0260942,0.06,0.065227,0.0260942,0.06,0.007151,0
0.0260942,0.18,0.081027,0.0260942,0.18,0.009261,0
0.0260942,0.42,0.107996,0.0260942,0.42,0.015286,0
0.0260942,0.6,0.127485,0.0260942,0.6,0.0209,0
0.0260942,1.2,0.117813,0.0260942,1.2,0.037601,0
0.0460942,0.06,0.114519,0.0460942,0.06,0.007496,0
0.0460942,0.18,0.117058,0.0460942,0.18,0.009538,0
0.0460942,0.42,0.132806,0.0460942,0.42,0.015525,0
0.0460942,0.6,0.146643,0.0460942,0.6,0.021184,0
0.0460942,1.2,0.146213,0.0460942,1.2,0.037795,0
0.0860942,0.06,0.211581,0.0860942,0.06,0.00775,0
0.0860942,0.18,0.205746,0.0860942,0.18,0.009673,0
0.0860942,0.42,0.210191,0.0860942,0.42,0.016019,0
0.0860942,0.6,0.21359,0.0860942,0.6,0.021788,0
0.0860942,1.2,0.268486,0.0860942,1.2,0.037958,0
0.206094,0.06,0.498927,0.206094,0.06,0.007833,0
0.206094,0.18,0.489163,0.206094,0.18,0.010083,0
0.206094,0.42,0.48663,0.206094,0.42,0.016285,0
0.206094,0.6,0.485263,0.206094,0.6,0.021785,0
0.206094,1.2,0.498516,0.206094,1.2,0.037993,0
0.0260942,0.06,0.065227,0.0262778,0.06,0.00556,0
0.0260942,0.18,0.081027,0.0262778,0.18,0.007976,0
0.0260942,0.42,0.107996,0.0262778,0.42,0.014769,0
0.0260942,0.6,0.127485,0.0262778,0.6,0.019991,0
0.0260942,1.2,0.117813,0.0262778,1.2,0.036944,0
0.0460942,0.06,0.114519,0.0462778,0.06,0.005867,0
0.0460942,0.18,0.117058,0.0462778,0.18,0.007926,0
0.0460942,0.42,0.132806,0.0462778,0.42,0.013276,0
0.0460942,0.6,0.146643,0.0462778,0.6,0.018011,0
0.0460942,1.2,0.146213,0.0462778,1.2,0.03502,0
15.873957643472426,4.948719517268181,37.82174705882221,16.419901727409858,7.904446742701405,57.573022210861865,1
0.0860942,0.18,0.205746,0.0862778,0.18,0.00797,0
0.0860942,0.42,0.210191,0.0862778,0.42,0.012,0
0.0860942,0.6,0.21359,0.0862778,0.6,0.014961,0
0.0860942,1.2,0.268486,0.0862778,1.2,0.033639,0
0.206094,0.06,0.498927,0.206278,0.06,0.006693,0
0.206094,0.18,0.489163,0.206278,0.18,0.008631,0
0.206094,0.42,0.48663,0.206278,0.42,0.012023,0
0.206094,0.6,0.485263,0.206278,0.6,0.01206,0
0.08,0.6,0.084818,0.08,0.6,0.008109,1
0.0262778,0.06,0.036258,0.0262778,0.06,0.042359,0
0.0262778,0.18,0.035478,0.0262778,0.18,0.092956,0
0.0262778,0.42,0.016946,0.0262778,0.42,0.144239,0
0.0262778,0.6,-0.015839,0.0262778,0.6,0.190743,0
0.0262778,1.2,-0.127297,0.0262778,1.2,0.334454,0
0.0462778,0.06,0.054806,0.0462778,0.06,0.061785,0
0.0462778,0.18,0.069216,0.0462778,0.18,0.101832,0
0.0462778,0.42,0.068055,0.0462778,0.42,0.172015,0
0.0462778,0.6,0.044079,0.0462778,0.6,0.235048,0
0.0462778,1.2,-0.036489,0.0462778,1.2,0.35324,0
0.0862778,0.06,0.089654,0.0862778,0.06,0.106863,0
0.0862778,0.18,0.116801,0.0862778,0.18,0.134341,0
0.0862778,0.42,0.138987,0.0862778,0.42,0.222304,0
0.0862778,0.6,0.127137,0.0862778,0.6,0.288026,0
0.0862778,1.2,0.092067,0.0862778,1.2,0.44677,0
0.206278,0.06,0.196369,0.206278,0.06,0.251964,0
0.206278,0.18,0.222128,0.206278,0.18,0.252337,0
0.206278,0.42,0.283559,0.206278,0.42,0.307763,0
0.206278,0.6,0.297992,0.206278,0.6,0.394767,0
0.206278,1.2,0.338116,0.206278,1.2,0.596772,0
0.0262778,0.06,0.036258,0.0260942,0.06,0.007151,0
0.0262778,0.18,0.035478,0.0260942,0.18,0.009261,0
0.0262778,0.42,0.016946,0.0260942,0.42,0.015286,0
0.0262778,0.6,-0.015839,0.0260942,0.6,0.0209,0
0.0262778,1.2,-0.127297,0.0260942,1.2,0.037601,0
0.0462778,0.06,0.054806,0.0460942,0.06,0.007496,0
0.0462778,0.18,0.069216,0.0460942,0.18,0.009538,0
0.0462778,0.42,0.068055,0.0460942,0.42,0.015525,0
0.0462778,0.6,0.044079,0.0460942,0.6,0.021184,0
0.0462778,1.2,-0.036489,0.0460942,1.2,0.037795,0
0.0862778,0.06,0.089654,0.0860942,0.06,0.00775,0
0.0862778,0.18,0.116801,0.0860942,0.18,0.009673,0
0.0862778,0.42,0.138987,0.0860942,0.42,0.016019,0
0.0862778,0.6,0.127137,0.0860942,0.6,0.021788,0
0.0862778,1.2,0.092067,0.0860942,1.2,0.037958,0
0.206278,0.06,0.196369,0.206094,0.06,0.007833,0
0.206278,0.18,0.222128,0.206094,0.18,0.010083,0
0.206278,0.42,0.283559,0.206094,0.42,0.016285,0
0.206278,0.6,0.297992,0.206094,0.6,0.021785,0
0.206278,1.2,0.338116,0.206094,1.2,0.037993,0
0.0262778,0.06,0.036258,0.0262778,0.06,0.00556,0
0.0262778,0.18,0.035478,0.0262778,0.18,0.007976,0
0.0262778,0.42,0.016946,0.0262778,0.42,0.014769,0
0.0262778,0.6,-0.015839,0.0262778,0.6,0.019991,0
0.0262778,1.2,-0.127297,0.0262778,1.2,0.036944,0
0.0462778,0.06,0.054806,0.0462778,0.06,0.005867,0
0.0462778,0.18,0.069216,0.0462778,0.18,0.007926,0
0.0462778,0.42,0.068055,0.0462778,0.42,0.013276,0
0.0462778,0.6,0.044079,0.0462778,0.6,0.018011,0
0.0462778,1.2,-0.036489,0.0462778,1.2,0.03502,0
0.0862778,0.06,0.089654,0.0862778,0.06,0.006266,0
0.0862778,0.18,0.116801,0.0862778,0.18,0.00797,0
0.0862778,0.42,0.138987,0.0862778,0.42,0.012,0
0.0862778,0.6,0.127137,0.0862778,0.6,0.014961,0
0.0862778,1.2,0.092067,0.0862778,1.2,0.033639,0
0.206278,0.06,0.196369,0.206278,0.06,0.006693,0
0.206278,0.18,0.222128,0.206278,0.18,0.008631,0
0.206278,0.42,0.283559,0.206278,0.42,0.012023,0
0.206278,0.6,0.297992,0.206278,0.6,0.01206,0
0.206278,1.2,0.338116,0.206278,1.2,0.030998,0
0.0262778,0.06,0.042359,0.0260942,0.06,0.007151,0
0.0262778,0.18,0.092956,0.0260942,0.18,0.009261,0
0.0262778,0.42,0.144239,0.0260942,0.42,0.015286,0
0.0262778,0.6,0.190743,0.0260942,0.6,0.0209,0
0.0262778,1.2,0.334454,0.0260942,1.2,0.037601,0
0.0462778,0.06,0.061785,0.0460942,0.06,0.007496,0
0.0462778,0.18,0.101832,0.0460942,0.18,0.009538,0
0.0462778,0.42,0.172015,0.0460942,0.42,0.015525,0
0.0462778,0.6,0.235048,0.0460942,0.6,0.021184,0
0.0462778,1.2,0.35324,0.0460942,1.2,0.037795,0
0.0862778,0.06,0.106863,0.0860942,0.06,0.00775,0
0.0862778,0.18,0.134341,0.0860942,0.18,0.009673,0
0.0862778,0.42,0.222304,0.0860942,0.42,0.016019,0
0.0862778,0.6,0.288026,0.0860942,0.6,0.021788,0
0.0862778,1.2,0.44677,0.0860942,1.2,0.037958,0
0.206278,0.06,0.251964,0.206094,0.06,0.007833,0
0.206278,0.18,0.252337,0.206094,0.18,0.010083,0
0.206278,0.42,0.307763,0.206094,0.42,0.016285,0
0.206278,0.6,0.394767,0.206094,0.6,0.021785,0
0.206278,1.2,0.596772,0.206094,1.2,0.037993,0
0.0262778,0.06,0.042359,0.0262778,0.06,0.00556,0
0.0262778,0.18,0.092956,0.0262778,0.18,0.007976,0
0.0262778,0.42,0.144239,0.0262778,0.42,0.014769,0
0.0262778,0.6,0.190743,0.0262778,0.6,0.019991,0
0.0262778,1.2,0.334454,0.0262778,1.2,0.036944,0
0.0462778,0.06,0.061785,0.0462778,0.06,0.005867,0
0.0462778,0.18,0.101832,0.0462778,0.18,0.007926,0
0.0462778,0.42,0.172015,0.0462778,0.42,0.013276,0
0.0462778,0.6,0.235048,0.0462778,0.6,0.018011,0
0.0462778,1.2,0.35324,0.0462778,1.2,0.03502,0
0.0862778,0.06,0.106863,0.0862778,0.06,0.006266,0
0.0862778,0.18,0.134341,0.0862778,0.18,0.00797,0
0.0862778,0.42,0.222304,0.0862778,0.42,0.012,0
0.0862778,0.6,0.288026,0.0862778,0.6,0.014961,0
0.0862778,1.2,0.44677,0.0862778,1.2,0.033639,0
0.206278,0.06,0.251964,0.206278,0.06,0.006693,0
0.206278,0.18,0.252337,0.206278,0.18,0.008631,0
0.206278,0.42,0.307763,0.206278,0.42,0.012023,0
0.206278,0.6,0.394767,0.206278,0.6,0.01206,0
0.206278,1.2,0.596772,0.206278,1.2,0.030998,0
0.0260942,0.06,0.007151,0.0262778,0.06,0.00556,0
0.0260942,0.18,0.009261,0.0262778,0.18,0.007976,0
0.0260942,0.42,0.015286,0.0262778,0.42,0.014769,0
0.0260942,0.6,0.0209,0.0262778,0.6,0.019991,0
0.0260942,1.2,0.037601,0.0262778,1.2,0.036944,0
0.0460942,0.06,0.007496,0.0462778,0.06,0.005867,0
0.0460942,0.18,0.009538,0.0462778,0.18,0.007926,0
0.0460942,0.42,0.015525,0.0462778,0.42,0.013276,0
0.0460942,0.6,0.021184,0.0462778,0.6,0.018011,0
5.0,0.9,15.8657,5.0,0.9,8.97797,1
0.0860942,0.06,0.00775,0.0862778,0.06,0.006266,0
0.0860942,0.18,0.009673,0.0862778,0.18,0.00797,0
0.0860942,0.42,0.016019,0.0862778,0.42,0.012,0
0.0860942,0.6,0.021788,0.0862778,0.6,0.014961,0
0.0860942,1.2,0.037958,0.0862778,1.2,0.033639,0
0.206094,0.06,0.007833,0.206278,0.06,0.006693,0
0.206094,0.18,0.010083,0.206278,0.18,0.008631,0
0.206094,0.42,0.016285,0.206278,0.42,0.012023,0
0.206094,0.6,0.021785,0.206278,0.6,0.01206,0
0.206094,1.2,0.037993,0.206278,1.2,0.030998,0
